% Model:              pool_size_sweep.mph
% Version:            COMSOL 6.2.0.290
% Date:               Aug 23 2026, 20:29
% Dimension:          1
% Nodes:              4806
% Expressions:        1
% Description:        Point graph
% Solution number         Value
1                         4.1873849516405773E-7
2                         1.593200352259065E-7
3                         2.5138829055518554E-7
4                         3.207897373460535E-7
5                         3.680480064103811E-7
6                         3.9874488883953107E-7
7                         4.209734848107484E-7
8                         4.371617806802044E-7
9                         4.501262176590228E-7
10                        4.5967111340746663E-7
11                        4.66351305368656E-7
12                        4.708347136968411E-7
13                        4.736872905939188E-7
14                        4.7534228904557705E-7
15                        4.7612036787098986E-7
16                        4.762569655758914E-7
17                        4.759253124904527E-7
18                        4.752535281615261E-7
19                        4.74346958005638E-7
20                        4.732633963601584E-7
21                        4.720566154865179E-7
22                        4.707661922115651E-7
23                        4.694227283609457E-7
24                        4.6804900197752916E-7
25                        4.6666202264759205E-7
26                        4.6527435877512405E-7
27                        4.6389520414352453E-7
28                        4.6252963252359356E-7
29                        4.611837630792988E-7
30                        4.5986178698367684E-7
31                        4.5856601981416364E-7
32                        4.572976220216128E-7
33                        4.5605714809040187E-7
34                        4.5484481988324903E-7
35                        4.5366063932960894E-7
36                        4.5250444023883907E-7
37                        4.5137594146424637E-7
38                        4.5027473361393317E-7
39                        4.4920033805984206E-7
40                        4.481522348672664E-7
41                        4.4712988247152556E-7
42                        4.461327249620892E-7
43                        4.451601980879714E-7
44                        4.4421173485135824E-7
45                        4.4328677057690877E-7
46                        4.423847495766912E-7
47                        4.415051267044274E-7
48                        4.4064736861258307E-7
49                        4.398109544158925E-7
50                        4.3899537712700837E-7
51                        4.382001425370987E-7
52                        4.3742477020206575E-7
53                        4.3666879576145634E-7
54                        4.3593176893137156E-7
55                        4.3521324840759E-7
56                        4.345128064751464E-7
57                        4.338300364180693E-7
58                        4.3316454136846987E-7
59                        4.32515918682291E-7
60                        4.318837886159125E-7
61                        4.3126780719534804E-7
62                        4.3066762021278635E-7
63                        4.300828467526745E-7
64                        4.2951315524381446E-7
65                        4.289582769237753E-7
66                        4.2841787870396384E-7
67                        4.2789156146933667E-7
68                        4.273790674690232E-7
69                        4.2688023738447956E-7
70                        4.263946926784095E-7
71                        4.2592205715632193E-7
72                        4.2546214661376696E-7
73                        4.2501478886306307E-7
74                        4.245796523743966E-7
75                        4.2415641021050056E-7
76                        4.237448943124911E-7
77                        4.2334494625142736E-7
78                        4.2295626958633875E-7
79                        4.225785647174824E-7
80                        4.222116770332154E-7
81                        4.2185547583630495E-7
82                        4.215096983123734E-7
83                        4.21174054593131E-7
84                        4.2084839680610693E-7
85                        4.205326327996815E-7
86                        4.202265745523407E-7
87                        4.199298419019945E-7
88                        4.1964228718897554E-7
89                        4.1936395388335855E-7
90                        4.190946863147197E-7
91                        4.1883407167955817E-7
92                        4.1858187420650727E-7
93                        4.183382060084362E-7
94                        4.1810306973612614E-7
95                        4.1787603526801165E-7
96                        4.1765669874787216E-7
97                        4.1744522430350817E-7
98                        4.172416088326581E-7
99                        4.170456156397017E-7
100                       4.1685698615082164E-7
101                       4.1667559222839496E-7
102                       4.165014465582444E-7
103                       4.1633448598593215E-7
104                       4.161744187380576E-7
105                       4.1602096696282653E-7
106                       4.158741675412851E-7
107                       4.157341862478641E-7
108                       4.156008340200579E-7
109                       4.1547358587507554E-7
110                       4.1535223728369477E-7
111                       4.152372063956664E-7
112                       4.1512908668508565E-7
113                       4.1502697315522954E-7
114                       4.1492922303231755E-7
115                       4.148363031724973E-7
116                       4.147506702959904E-7
117                       4.146729647202891E-7
118                       4.145998351308909E-7
119                       4.145261388424782E-7
120                       4.1445594818138944E-7
121                       4.144009455351073E-7
122                       4.143603992958693E-7
123                       4.1431617435045227E-7
124                       4.1426259979399424E-7
125                       4.142130067405077E-7
126                       4.1417980340567446E-7
127                       4.1415974283042355E-7
128                       4.1414108884827465E-7
129                       4.141147361737799E-7
130                       4.1410111458062965E-7
131                       4.1409170945405993E-7
132                       4.1408660779650256E-7
133                       4.1408503488145945E-7
134                       4.140877380800033E-7
135                       4.1409431204978404E-7
136                       4.141049465555824E-7
137                       4.1411960560935026E-7
138                       4.141383002754606E-7
139                       4.14160949768778E-7
140                       4.1418750214927936E-7
141                       4.1421795331297147E-7
142                       4.142522298767382E-7
143                       4.142902820495757E-7
144                       4.1433205813281607E-7
145                       4.143775095775141E-7
146                       4.1442659157340087E-7
147                       4.144792600772703E-7
148                       4.145354714169609E-7
149                       4.145951831340669E-7
150                       4.1465835402486036E-7
151                       4.1472494393103996E-7
152                       4.147949139728041E-7
153                       4.1486822635943905E-7
154                       4.1494484456369585E-7
155                       4.150247336399208E-7
156                       4.151078598456856E-7
157                       4.1519419033808066E-7
158                       4.1528369369190066E-7
159                       4.1537634082983777E-7
160                       4.1547210370272797E-7
161                       4.1557095311443656E-7
162                       4.1567286287616847E-7
163                       4.157778127680021E-7
164                       4.1588578182772705E-7
165                       4.1599674212174845E-7
166                       4.1611066981724087E-7
167                       4.162275604507015E-7
168                       4.1634740358256284E-7
169                       4.164701726686283E-7
170                       4.1659584470230394E-7
171                       4.1672442131304065E-7
172                       4.168559239025031E-7
173                       4.169903386954368E-7
174                       4.171275980715702E-7
175                       4.172676846808022E-7
176                       4.174107361905032E-7
177                       4.175568339532361E-7
178                       4.177058541428247E-7
179                       4.1785760386520635E-7
180                       4.1801214043450466E-7
181                       4.181698321132097E-7
182                       4.1833095637126464E-7
183                       4.184952574246163E-7
184                       4.1866208149312553E-7
185                       4.188316222872863E-7
186                       4.190044987075035E-7
187                       4.19181230086804E-7
188                       4.1936225891303783E-7
189                       4.195470012353351E-7
190                       4.197341794564762E-7
191                       4.1992325013579913E-7
192                       4.2011587222321477E-7
193                       4.203148621000015E-7
194                       4.2052143570937186E-7
195                       4.2073472123867875E-7
196                       4.209527219275229E-7
197                       4.211729936957487E-7
198                       4.213950611019858E-7
199                       4.2162316126056593E-7
200                       4.2186689158408555E-7
201                       4.2213862041264106E-7
202                       4.224540593843455E-7
203                       4.2283119652844573E-7
204                       4.2330856717240094E-7
205                       4.22372081082115E-7
206                       3.4665256535988586E-7
207                       7.122435656303239E-7
208                       9.472828456008561E-7
209                       1.1394354989205362E-6
210                       1.3055624755532508E-6
211                       1.4618665277963843E-6
212                       1.6152613559692718E-6
213                       1.771952984194471E-6
214                       1.9384048527198494E-6
215                       2.1162179547776896E-6
216                       2.3149018396765007E-6
217                       2.5455370506479255E-6
218                       2.8225619903666406E-6
219                       3.161959515818291E-6
220                       3.5884547645121774E-6
221                       4.1307289060477444E-6
222                       4.811985289876816E-6
223                       5.627764028225637E-6
224                       6.511577240225006E-6
225                       7.277589935650591E-6
226                       7.608149160748063E-6
227                       7.123538478009706E-6
228                       5.8170996160313005E-6
229                       4.963129350201123E-6
230                       6.49038655117822E-6
231                       1.0006386479061236E-5
232                       1.4277705925317183E-5
233                       1.8040759422737704E-5
234                       2.0994362176212045E-5
235                       2.346762592168915E-5
236                       2.5601280184844714E-5
237                       2.8022443281213545E-5
238                       3.2165662107364284E-5
239                       3.7785447606322156E-5
240                       4.041292429736898E-5
241                       3.621163593398827E-5
242                       3.038713388282821E-5
243                       2.8169485888199827E-5
244                       2.9948476836033243E-5
245                       3.4454871501127726E-5
246                       3.4929325445364834E-5
247                       2.664116682980723E-5
248                       1.361638246465741E-5
249                       5.125738670029443E-6
250                       1.017256515450702E-5
251                       2.3863925989414865E-5
252                       3.294565360244066E-5
253                       3.0381402058696455E-5
254                       2.002074944165854E-5
255                       1.3222746477541038E-5
256                       1.3133052084199256E-5
257                       1.7703067589699628E-5
258                       2.074140853820252E-5
259                       1.4748318178353675E-5
260                       3.917561705705505E-6
261                       -3.001193354128695E-7
262                       6.6240961560411335E-6
263                       1.6350249494904626E-5
264                       1.7037411546750203E-5
265                       9.493216706345372E-6
266                       2.486645881517909E-6
267                       2.2214270321287925E-7
268                       -3.817096303064028E-7
269                       -1.1142726329965939E-6
270                       -3.232730208029675E-6
271                       -4.282532130644972E-6
272                       -4.238685094504946E-6
273                       -3.95802477432921E-6
274                       -3.582543190251776E-6
275                       -3.0657813982669535E-6
276                       -2.3278292146324815E-6
277                       -1.3118280633456366E-6
278                       -2.0887748259401412E-7
279                       3.347660402375777E-7
280                       -3.9215811273509576E-7
281                       -1.898118431481684E-6
282                       -2.770866182458142E-6
283                       -3.0961316278258E-6
284                       -3.6950880165371342E-6
285                       -4.544655195330054E-6
286                       -4.817184661067827E-6
287                       -3.902880770940872E-6
288                       -2.3297874698478396E-6
289                       -1.959877310842513E-6
290                       -3.881054893541243E-6
291                       -6.806602623176853E-6
292                       -8.584092267432665E-6
293                       -9.40835830134465E-6
294                       -1.3618141399800523E-5
295                       -2.6719585059351795E-5
296                       -4.665073888524885E-5
297                       -6.556851353329987E-5
298                       -7.784265547035969E-5
299                       -7.895654695978761E-5
300                       -7.036776549920135E-5
301                       -5.083840056841534E-5
302                       -1.8348340876642188E-5
303                       2.8829028654269893E-5
304                       8.661725313353213E-5
305                       1.4421678292522548E-4
306                       1.9149859804064306E-4
307                       2.2143685712045554E-4
308                       2.3151214907057328E-4
309                       2.2323350835538186E-4
310                       2.0037825290455946E-4
311                       1.694398387055685E-4
312                       1.3939126703774174E-4
313                       1.2195981741377582E-4
314                       1.1477574299614541E-4
315                       1.2700025742584317E-4
316                       1.2443172825599082E-4
317                       9.947951182958405E-5
318                       7.953661726463177E-5
319                       8.0041387326955E-5
320                       8.276360915669673E-5
321                       7.743400442378196E-5
322                       6.71497813617176E-5
323                       3.5651886824370545E-5
324                       -8.527455834128833E-6
325                       -2.070160834476793E-5
326                       -1.6327325395364985E-5
327                       -1.537590098242263E-5
328                       -1.1862848068740236E-5
329                       -1.0758471405829866E-5
330                       -1.0433162483387273E-5
331                       -1.0408429679370412E-5
332                       -1.0642344269349923E-5
333                       -1.1155262972181314E-5
334                       -1.1977094066328902E-5
335                       -1.3106979114096149E-5
336                       -1.4492162573788019E-5
337                       -1.5978317250064965E-5
338                       -1.7337695217028125E-5
339                       -1.8316705556854253E-5
340                       -1.87446369453527E-5
341                       -1.866378960502002E-5
342                       -1.827111657177479E-5
343                       -1.7746436259153656E-5
344                       -1.7100336149066572E-5
345                       -1.620303588625925E-5
346                       -1.5040306687861486E-5
347                       -1.3908867537383704E-5
348                       -1.3236348525209825E-5
349                       -1.3034636588089274E-5
350                       -1.2878177550905315E-5
351                       -1.2499922666082524E-5
352                       -1.1973633240809902E-5
353                       -1.1553367983111948E-5
354                       -1.134451272540573E-5
355                       -1.1071726600930562E-5
356                       -1.0213669068500586E-5
357                       -9.038767666981433E-6
358                       -7.97036884163837E-6
359                       -7.177545869091644E-6
360                       -6.493337589633745E-6
361                       -5.659203273128779E-6
362                       -4.562133855164516E-6
363                       -3.415472774836729E-6
364                       -2.3587307182208154E-6
365                       -1.5048499609954843E-6
366                       -9.196784546868665E-7
367                       -5.839643763298552E-7
368                       -4.0999036668392435E-7
369                       -2.9589921067723534E-7
370                       -2.0378937315650538E-7
371                       -1.2942711541159298E-7
372                       -6.663225299340789E-8
373                       -9.5135357145995E-9
374                       4.479677541354248E-8
375                       9.773290217385527E-8
376                       1.5000224730300787E-7
377                       2.0193410297042951E-7
378                       2.538200763566614E-7
379                       3.056204761948085E-7
380                       3.573394635239717E-7
381                       4.089432719115891E-7
382                       4.6041415302403526E-7
383                       5.116242448051012E-7
384                       5.625499458754453E-7
385                       6.131715621928468E-7
386                       6.634624412619196E-7
387                       7.134034702518558E-7
388                       7.629881749983925E-7
389                       8.12213724306331E-7
390                       8.610768217178822E-7
391                       9.095760317843759E-7
392                       9.577115641544287E-7
393                       1.005483673426954E-6
394                       1.0528936631179935E-6
395                       1.099944163117295E-6
396                       1.1466377669420838E-6
397                       1.1929765091203757E-6
398                       1.2389635116210274E-6
399                       1.2846023406238169E-6
400                       1.3298959657372408E-6
401                       1.3748476094733866E-6
402                       1.4194611199090457E-6
403                       1.4637401450193084E-6
404                       1.5076881695555585E-6
405                       1.5513091666646975E-6
406                       1.5946071088918477E-6
407                       1.6375859949264567E-6
408                       1.6802499529030756E-6
409                       1.7226032343341053E-6
410                       1.7646501673970852E-6
411                       1.806395174001516E-6
412                       1.8478427935092888E-6
413                       1.8889976823530796E-6
414                       1.92986461090265E-6
415                       1.97044847386923E-6
416                       2.010754294328037E-6
417                       2.050787225327212E-6
418                       2.090552562078391E-6
419                       2.1300557542442474E-6
420                       2.1693023991232175E-6
421                       2.2082982452031007E-6
422                       2.247049228536145E-6
423                       2.2855614795644648E-6
424                       2.323841288097859E-6
425                       2.3618951334642522E-6
426                       2.399729755863372E-6
427                       2.4373521156046763E-6
428                       2.4747693426915333E-6
429                       2.5119888535463455E-6
430                       2.5490184017397865E-6
431                       2.5858659323866305E-6
432                       2.6225396462111093E-6
433                       2.659048218503669E-6
434                       2.695400579805682E-6
435                       2.731605925575649E-6
436                       2.7676739577771282E-6
437                       2.8036148095105055E-6
438                       2.8394389315344475E-6
439                       2.8751572571779712E-6
440                       2.9107811950794473E-6
441                       2.9463227424975444E-6
442                       2.98179454767071E-6
443                       3.017209833368822E-6
444                       3.052582406550027E-6
445                       3.087926765438737E-6
446                       3.1232582875809157E-6
447                       3.1585931241894175E-6
448                       3.1939481448666098E-6
449                       3.2293411153891963E-6
450                       3.264790946607649E-6
451                       3.3003178036104802E-6
452                       3.3359431211799426E-6
453                       3.371689518945994E-6
454                       3.4075807238934756E-6
455                       3.4436420292579718E-6
456                       3.4799010490476357E-6
457                       3.516387382992056E-6
458                       3.553131687820511E-6
459                       3.5901665845099035E-6
460                       3.627528029931436E-6
461                       3.6652546709392168E-6
462                       3.703387782526476E-6
463                       3.741972494882783E-6
464                       3.781057685041358E-6
465                       3.820695318307692E-6
466                       3.860941478672645E-6
467                       3.9018580039454074E-6
468                       3.943512743977579E-6
469                       3.985979377897022E-6
470                       4.029339644922814E-6
471                       4.0736834172760785E-6
472                       4.119107713582939E-6
473                       4.165717409355675E-6
474                       4.213630140541535E-6
475                       4.262981373760509E-6
476                       4.313924022837098E-6
477                       4.366621516038659E-6
478                       4.4212532519475676E-6
479                       4.4780294684233885E-6
480                       4.537193462283961E-6
481                       4.599013336503147E-6
482                       4.663793692277814E-6
483                       4.73189813658088E-6
484                       4.80373844982817E-6
485                       4.879751831581765E-6
486                       4.960476696363955E-6
487                       5.046596838196384E-6
488                       5.138901391559339E-6
489                       5.238288600921786E-6
490                       5.345879680440223E-6
491                       5.463082986607845E-6
492                       5.591554299316158E-6
493                       5.733195117875701E-6
494                       5.890457685792175E-6
495                       6.066558677916584E-6
496                       6.265991622101413E-6
497                       6.4939943351796916E-6
498                       6.757750944060054E-6
499                       7.0665418198400544E-6
500                       7.4323635491120066E-6
501                       7.871467678350202E-6
502                       8.405110235104341E-6
503                       9.05998361023567E-6
504                       9.868506795098334E-6
505                       1.0866792096279613E-5
506                       1.2083634745639865E-5
507                       1.3512023426779507E-5
508                       1.5066093609508187E-5
509                       1.6554674317370474E-5
510                       1.7707308841422595E-5
511                       1.823917985365592E-5
512                       1.7901884510655166E-5
513                       1.6498388916492344E-5
514                       1.3884696102501614E-5
515                       9.989091042886956E-6
516                       4.888499270724411E-6
517                       -1.0237492944274013E-6
518                       -6.840159346185371E-6
519                       -1.1147143702062599E-5
520                       -1.2523147342726523E-5
521                       -1.0479816913005428E-5
522                       -6.103885508960136E-6
523                       -1.4096140147721453E-6
524                       2.122367625997262E-6
525                       3.807408225217396E-6
526                       3.320310132502594E-6
527                       8.698386719915765E-7
528                       -2.691444890551677E-6
529                       -6.022244288224907E-6
530                       -7.807551811154579E-6
531                       -7.751803578220744E-6
532                       -6.655535034757814E-6
533                       -5.334146634871956E-6
534                       -4.012351053615175E-6
535                       -2.6445548587129006E-6
536                       -1.3840286601676625E-6
537                       -4.851280233349612E-7
538                       -5.260320299424611E-8
539                       3.8065653640908674E-8
540                       1.0203272605293994E-7
541                       1.887396620728445E-7
542                       2.5220373068711617E-7
543                       2.888849091784242E-7
544                       3.058181107535937E-7
545                       3.120603157100661E-7
546                       3.1309996672067564E-7
547                       3.131836975983452E-7
548                       3.137451024939951E-7
549                       3.1466363636701635E-7
550                       3.155645611036951E-7
551                       3.163343883333376E-7
552                       3.1703708538696727E-7
553                       3.176904314196261E-7
554                       3.183192190360899E-7
555                       3.1892823479905717E-7
556                       3.1952124758854196E-7
557                       3.2010319473403204E-7
558                       3.2067650710950926E-7
559                       3.212432418493149E-7
560                       3.2180460029457243E-7
561                       3.2236114977590004E-7
562                       3.2291306152839753E-7
563                       3.234604373059736E-7
564                       3.2400338793542877E-7
565                       3.2454203668711783E-7
566                       3.250764041360098E-7
567                       3.2560657043572287E-7
568                       3.261326883332212E-7
569                       3.2665480205510874E-7
570                       3.271728759150353E-7
571                       3.276870058560941E-7
572                       3.281972650511729E-7
573                       3.287036694687366E-7
574                       3.2920626491612545E-7
575                       3.297051051975939E-7
576                       3.302002175393322E-7
577                       3.3069163903463933E-7
578                       3.3117944530589343E-7
579                       3.3166367097933893E-7
580                       3.321442874136172E-7
581                       3.326213671837207E-7
582                       3.330950772833402E-7
583                       3.335653665001353E-7
584                       3.3403209392947885E-7
585                       3.344954686512235E-7
586                       3.349556817613723E-7
587                       3.3541259209331777E-7
588                       3.3586610952951526E-7
589                       3.36316450890904E-7
590                       3.367638411609544E-7
591                       3.372079994215639E-7
592                       3.376487850506282E-7
593                       3.3808662412336523E-7
594                       3.3852172108228643E-7
595                       3.3895372063212237E-7
596                       3.3938248892288357E-7
597                       3.398084479447682E-7
598                       3.402319671846576E-7
599                       3.406523098052993E-7
600                       3.410693779938155E-7
601                       3.4148400675383543E-7
602                       3.4189638099346806E-7
603                       3.423057157601864E-7
604                       3.42711519311488E-7
605                       3.4311539949815766E-7
606                       3.435175910977452E-7
607                       3.439164410289635E-7
608                       3.443116648782099E-7
609                       3.447050616966489E-7
610                       3.45097882823726E-7
611                       3.4548669222368184E-7
612                       3.458708428471518E-7
613                       3.4625415106479695E-7
614                       3.4663775901543173E-7
615                       3.4701766950801633E-7
616                       3.473904124498395E-7
617                       3.4776411054591434E-7
618                       3.481413852657784E-7
619                       3.4851338334715315E-7
620                       3.4887599873224275E-7
621                       3.492386384980966E-7
622                       3.4960614952633206E-7
623                       3.499698496058897E-7
624                       3.5032782203613546E-7
625                       3.506838091052446E-7
626                       3.510394421345887E-7
627                       3.513939638507666E-7
628                       3.5174474452224923E-7
629                       3.520921973905431E-7
630                       3.524396232072491E-7
631                       3.527871902894165E-7
632                       3.5313032332228E-7
633                       3.534707788228194E-7
634                       3.5381043613149515E-7
635                       3.54148978017128E-7
636                       3.5448535687799156E-7
637                       3.548192536121734E-7
638                       3.5515167956870655E-7
639                       3.5548330038042813E-7
640                       3.5581307918681625E-7
641                       3.5613996603566876E-7
642                       3.564650150264695E-7
643                       3.5678987388626637E-7
644                       3.57113212398205E-7
645                       3.574342039821227E-7
646                       3.5775334165327186E-7
647                       3.5807126951010174E-7
648                       3.5838811861138597E-7
649                       3.587031832769322E-7
650                       3.590161099685019E-7
651                       3.593277371971692E-7
652                       3.596388394030351E-7
653                       3.5994863281626443E-7
654                       3.602558902431396E-7
655                       3.6056164660626254E-7
656                       3.608666562064638E-7
657                       3.611706201926235E-7
658                       3.6147298683951627E-7
659                       3.617735912743761E-7
660                       3.6207306316349483E-7
661                       3.623719044591798E-7
662                       3.626695045893353E-7
663                       3.6296497777177245E-7
664                       3.632588118806146E-7
665                       3.635525694834877E-7
666                       3.63845492417628E-7
667                       3.641366884999321E-7
668                       3.644262522010147E-7
669                       3.647148367563133E-7
670                       3.650026705148991E-7
671                       3.6528958990575854E-7
672                       3.655750039650581E-7
673                       3.658588711155164E-7
674                       3.6614203898406763E-7
675                       3.664250035359954E-7
676                       3.6670685000890686E-7
677                       3.66986549073643E-7
678                       3.6726513034206853E-7
679                       3.675434253165444E-7
680                       3.678211881209634E-7
681                       3.680977232596031E-7
682                       3.683728801439427E-7
683                       3.686469180581652E-7
684                       3.689205542518862E-7
685                       3.691938608085632E-7
686                       3.6946583977873317E-7
687                       3.6973584939445303E-7
688                       3.700049974255486E-7
689                       3.7027484631515057E-7
690                       3.705441685396136E-7
691                       3.7081175561248644E-7
692                       3.710777656438478E-7
693                       3.7134322234537136E-7
694                       3.7160860115189687E-7
695                       3.718737422934135E-7
696                       3.721374252604507E-7
697                       3.723990940247337E-7
698                       3.72660271139986E-7
699                       3.729228098056015E-7
700                       3.731864551224426E-7
701                       3.734462382778284E-7
702                       3.737005071082624E-7
703                       3.7395567352519915E-7
704                       3.7421877856227306E-7
705                       3.744851770423477E-7
706                       3.747405838189677E-7
707                       3.7498134337411115E-7
708                       3.7522689495889695E-7
709                       3.754949685709235E-7
710                       3.757656456877997E-7
711                       3.7601988486345946E-7
712                       3.762596132146331E-7
713                       3.7650212835189963E-7
714                       3.767578804258814E-7
715                       3.770267564804371E-7
716                       3.772845672695947E-7
717                       3.775175138888269E-7
718                       3.777495525591942E-7
719                       3.780002800866131E-7
720                       3.7826540317711735E-7
721                       3.7852476031670635E-7
722                       3.7876123114482586E-7
723                       3.7900390852288814E-7
724                       3.7924921098221105E-7
725                       3.7949778889391574E-7
726                       3.7974558309451174E-7
727                       3.7999053708621487E-7
728                       3.802336298909153E-7
729                       3.804772410205413E-7
730                       3.807223797175127E-7
731                       3.8096875970313656E-7
732                       3.812129733562394E-7
733                       3.814523153665988E-7
734                       3.8169001547739875E-7
735                       3.819335421613043E-7
736                       3.821887105033352E-7
737                       3.824412973181838E-7
738                       3.82667040953137E-7
739                       3.828719486962167E-7
740                       3.8310143956683235E-7
741                       3.833776050991727E-7
742                       3.836591830073642E-7
743                       3.8390204149487046E-7
744                       3.8410225250787457E-7
745                       3.8432524648966653E-7
746                       3.8456301878532065E-7
747                       3.8480950251187393E-7
748                       3.8505700652881964E-7
749                       3.85296745374352E-7
750                       3.855277021663766E-7
751                       3.857575077930531E-7
752                       3.859941994614898E-7
753                       3.862423503435721E-7
754                       3.8649124071914284E-7
755                       3.8672023028784715E-7
756                       3.86938229113871E-7
757                       3.871631503619336E-7
758                       3.8740607157892795E-7
759                       3.876698059854002E-7
760                       3.879250066200624E-7
761                       3.881376469326825E-7
762                       3.883321396045706E-7
763                       3.8854764199267273E-7
764                       3.88821662721559E-7
765                       3.890651544163377E-7
766                       3.8929920746276714E-7
767                       3.895268191172855E-7
768                       3.897549496341651E-7
769                       3.899888712576323E-7
770                       3.9022877550433694E-7
771                       3.904690648854725E-7
772                       3.907033847337871E-7
773                       3.9092714311031146E-7
774                       3.9114735770766564E-7
775                       3.9138156665567933E-7
776                       3.9163938256727206E-7
777                       3.9190192078474446E-7
778                       3.92123479035767E-7
779                       3.9231406327852256E-7
780                       3.925093821043718E-7
781                       3.927439719418312E-7
782                       3.9302858143013657E-7
783                       3.9327187984374504E-7
784                       3.9349993530279734E-7
785                       3.9371931848116736E-7
786                       3.9393843385038606E-7
787                       3.9416819260863573E-7
788                       3.9441128549683326E-7
789                       3.946592399555191E-7
790                       3.9489857402919843E-7
791                       3.951171868086921E-7
792                       3.953391789074322E-7
793                       3.9556608064756586E-7
794                       3.9579972859127257E-7
795                       3.960353961673197E-7
796                       3.9627335738192264E-7
797                       3.965088998099038E-7
798                       3.967395139116154E-7
799                       3.969664381471366E-7
800                       3.9719404632463214E-7
801                       3.9742656180528513E-7
802                       1.5856001329820828E-7
803                       -4.270074325623792E-9
804                       5.6580617014293584E-8
805                       1.0199092586112593E-7
806                       1.335995232401465E-7
807                       1.546357339148897E-7
808                       1.699754715203041E-7
809                       1.8120284562233893E-7
810                       1.9016740771312247E-7
811                       1.9677815283468735E-7
812                       2.0143318866941267E-7
813                       2.0458597660964738E-7
814                       2.0661889639865246E-7
815                       2.0782615183991325E-7
816                       2.0842697281442514E-7
817                       2.0858327624703113E-7
818                       2.0841470971026284E-7
819                       2.0800631314661705E-7
820                       2.0742776704845574E-7
821                       2.0673009486180454E-7
822                       2.0595018168375362E-7
823                       2.0511522644913405E-7
824                       2.042454543086694E-7
825                       2.0335597404228917E-7
826                       2.024580451854455E-7
827                       2.015600185361256E-7
828                       2.0066803946793768E-7
829                       1.9978596069592066E-7
830                       1.989176198244218E-7
831                       1.9806555090959017E-7
832                       1.9723133626499908E-7
833                       1.964159214381083E-7
834                       1.9561983490646166E-7
835                       1.9484332750477358E-7
836                       1.9408646795153279E-7
837                       1.9334919214239815E-7
838                       1.926313492115962E-7
839                       1.9193267458739147E-7
840                       1.9125286073739625E-7
841                       1.9059157300484096E-7
842                       1.8994845392314985E-7
843                       1.893231225178978E-7
844                       1.8871520243173806E-7
845                       1.8812432684659703E-7
846                       1.875501119693052E-7
847                       1.869921567044341E-7
848                       1.8645009075362283E-7
849                       1.8592358777056906E-7
850                       1.8541229909903403E-7
851                       1.8491581745698593E-7
852                       1.8443377870111692E-7
853                       1.8396597010428613E-7
854                       1.835120972857696E-7
855                       1.8307172760500898E-7
856                       1.8264451114069467E-7
857                       1.8223028842748175E-7
858                       1.818288552662418E-7
859                       1.8143980274883116E-7
860                       1.8106275695905035E-7
861                       1.8069759629309371E-7
862                       1.8034429020659402E-7
863                       1.8000237972897373E-7
864                       1.7967127465228306E-7
865                       1.7935101971903676E-7
866                       1.7904187055665137E-7
867                       1.7874339772324613E-7
868                       1.7845477700815844E-7
869                       1.781756838406059E-7
870                       1.7790711202547027E-7
871                       1.776490618592876E-7
872                       1.773999370931883E-7
873                       1.7715890047896512E-7
874                       1.7692730613376398E-7
875                       1.7670596987839634E-7
876                       1.764933719444948E-7
877                       1.7628861582082596E-7
878                       1.7609207811673062E-7
879                       1.759042308338749E-7
880                       1.7572507524390936E-7
881                       1.7555365791114613E-7
882                       1.753893774612221E-7
883                       1.7523293829303643E-7
884                       1.750851469957528E-7
885                       1.7494515557901077E-7
886                       1.748112272309814E-7
887                       1.7468409309894107E-7
888                       1.74564676681716E-7
889                       1.744528216777378E-7
890                       1.7434767340974266E-7
891                       1.7424882700956146E-7
892                       1.7415651569525976E-7
893                       1.7407098611854073E-7
894                       1.7399207016079288E-7
895                       1.7391939597915176E-7
896                       1.7385270233931874E-7
897                       1.7379210582219242E-7
898                       1.7373788220358406E-7
899                       1.7368983865675495E-7
900                       1.7364728866483693E-7
901                       1.7360962119365077E-7
902                       1.7357779178557724E-7
903                       1.7355311692198614E-7
904                       1.7353478025689712E-7
905                       1.7352009107440448E-7
906                       1.735081846037034E-7
907                       1.735023286741875E-7
908                       1.7350613621961059E-7
909                       1.7351729336869487E-7
910                       1.7352841563471266E-7
911                       1.735370905766725E-7
912                       1.7355254979440345E-7
913                       1.7358312487584615E-7
914                       1.7362271084394543E-7
915                       1.7366153583158184E-7
916                       1.7369715029044989E-7
917                       1.737358455134299E-7
918                       1.7378448110802874E-7
919                       1.738470180579159E-7
920                       1.7391410189850243E-7
921                       1.7397339219594454E-7
922                       1.7402921891974252E-7
923                       1.740936744246323E-7
924                       1.7417357602560309E-7
925                       1.742635884002034E-7
926                       1.7435290671473278E-7
927                       1.74436321961658E-7
928                       1.7452449591609684E-7
929                       1.74619361654146E-7
930                       1.7472069073134654E-7
931                       1.748275765401424E-7
932                       1.7493766105891023E-7
933                       1.7504931053906993E-7
934                       1.7516314115587233E-7
935                       1.752813695447467E-7
936                       1.7540670875809473E-7
937                       1.7553861413666532E-7
938                       1.7567184064109403E-7
939                       1.7580102699548075E-7
940                       1.7592883657779365E-7
941                       1.76068556699095E-7
942                       1.762234274031077E-7
943                       1.7638591171928592E-7
944                       1.7654409186341952E-7
945                       1.766940298551024E-7
946                       1.7684673172839068E-7
947                       1.7700631640959781E-7
948                       1.7717341988222463E-7
949                       1.773459213263042E-7
950                       1.7752205766105613E-7
951                       1.7770176681384266E-7
952                       1.7788386428382247E-7
953                       1.7806784874171486E-7
954                       1.7825426429908115E-7
955                       1.7844452900507618E-7
956                       1.7864065249104443E-7
957                       1.7884294756053753E-7
958                       1.790482027702592E-7
959                       1.792510432342263E-7
960                       1.7944944074965647E-7
961                       1.7965344546149378E-7
962                       1.7987069540548046E-7
963                       1.8010203503446413E-7
964                       1.8033962521095E-7
965                       1.8057234065104186E-7
966                       1.807950445797435E-7
967                       1.8101749333432165E-7
968                       1.8124528211851663E-7
969                       1.8148140137627708E-7
970                       1.8172534356847475E-7
971                       1.8197943842292214E-7
972                       1.8224009985674038E-7
973                       1.8250157846943662E-7
974                       1.8275882104530842E-7
975                       1.8300706176757435E-7
976                       1.832510583542289E-7
977                       1.835084769888007E-7
978                       1.8380190999378636E-7
979                       1.841387860790819E-7
980                       1.8449160045668598E-7
981                       1.8477138110336487E-7
982                       1.8498130372216628E-7
983                       1.8515571948060854E-7
984                       1.8540795011578537E-7
985                       1.8575837030687787E-7
986                       1.8611776196290553E-7
987                       1.8647702658021685E-7
988                       1.8682545491652338E-7
989                       1.8716303280395055E-7
990                       1.874903107925248E-7
991                       1.8780359336425883E-7
992                       1.8810545370286384E-7
993                       1.8840627653557392E-7
994                       1.887224500311703E-7
995                       1.890860548451712E-7
996                       1.8953273565790097E-7
997                       1.9008487663677044E-7
998                       1.9073435279032983E-7
999                       1.9143072082190575E-7
1000                      1.9202796776825416E-7
1001                      1.921583709384583E-7
1002                      1.9169295810074046E-7
1003                      1.9231454626089195E-7
1004                      1.9277983731968347E-7
1005                      1.9209579411755803E-7
1006                      1.9244526841750544E-7
1007                      1.9349357437635507E-7
1008                      1.946679680874738E-7
1009                      1.9545652127254408E-7
1010                      5.5758922472580246E-8
1011                      2.6910573701856744E-7
1012                      4.1620482054628336E-7
1013                      5.351625926939752E-7
1014                      6.430808842334545E-7
1015                      7.454352404542769E-7
1016                      8.465121583343092E-7
1017                      9.502429030792282E-7
1018                      1.060807086459588E-6
1019                      1.179033591586669E-6
1020                      1.311220926338904E-6
1021                      1.4645826922960946E-6
1022                      1.6483857834790708E-6
1023                      1.8724875458298546E-6
1024                      2.1521726476979186E-6
1025                      2.505062803079525E-6
1026                      2.9475742722500016E-6
1027                      3.4881296268112088E-6
1028                      4.112629208401865E-6
1029                      4.744290505412446E-6
1030                      5.193087569907352E-6
1031                      5.214041919212494E-6
1032                      4.9821965715811975E-6
1033                      5.7290366189606296E-6
1034                      7.816663572323162E-6
1035                      9.80906957196352E-6
1036                      1.0897146217199292E-5
1037                      1.1796549367465832E-5
1038                      1.3513290422612816E-5
1039                      1.600893095177517E-5
1040                      1.840619066827262E-5
1041                      2.08342263424912E-5
1042                      2.4169308309058613E-5
1043                      2.7903435387098357E-5
1044                      2.8244603728557892E-5
1045                      2.397841382997172E-5
1046                      1.923788416241832E-5
1047                      1.81519077772138E-5
1048                      1.9738879422092812E-5
1049                      2.0391723030105217E-5
1050                      1.5476293519357527E-5
1051                      6.222312836784996E-6
1052                      -1.4067035576790956E-6
1053                      -2.2173443469788784E-6
1054                      5.657775088223886E-6
1055                      1.717839246155909E-5
1056                      2.4766722272852055E-5
1057                      2.319818359622155E-5
1058                      1.3438952617639234E-5
1059                      4.571080222357058E-6
1060                      3.0528354180307305E-6
1061                      7.52868036926917E-6
1062                      1.157111256718958E-5
1063                      1.0739692873928513E-5
1064                      8.744133648469275E-6
1065                      9.016195654353297E-6
1066                      1.0029623407416938E-5
1067                      9.31153534562088E-6
1068                      7.2874974069040495E-6
1069                      5.6527876059242385E-6
1070                      3.837629195598364E-6
1071                      2.5543024519256697E-6
1072                      1.0742990266072308E-6
1073                      -1.095095411301655E-6
1074                      -2.2511659187962118E-6
1075                      -2.3602580787252278E-6
1076                      -2.211281562825466E-6
1077                      -1.9767118306274583E-6
1078                      -1.6595982339717721E-6
1079                      -1.2131408205765844E-6
1080                      -5.669007271455332E-7
1081                      2.995874512684213E-7
1082                      1.1705532397780901E-6
1083                      1.3927832854999543E-6
1084                      5.349272414078605E-7
1085                      -7.308819051089665E-7
1086                      -1.3541868687269143E-6
1087                      -1.8661204684806776E-6
1088                      -3.253787985692109E-6
1089                      -5.083317324489187E-6
1090                      -5.363211385589462E-6
1091                      -3.124638450593526E-6
1092                      -5.588203704937631E-7
1093                      -1.0723728521058277E-6
1094                      -4.858279460115964E-6
1095                      -9.102431790814565E-6
1096                      -1.1612314575960262E-5
1097                      -1.3459379099866795E-5
1098                      -1.795845000829722E-5
1099                      -2.6554482595992496E-5
1100                      -3.762238334988825E-5
1101                      -4.711062214933417E-5
1102                      -5.1972530591874646E-5
1103                      -5.16978111983475E-5
1104                      -4.461511238590182E-5
1105                      -2.8982622677723715E-5
1106                      -2.171572989598887E-6
1107                      3.5068337869272135E-5
1108                      7.757799843249088E-5
1109                      1.1755566820204587E-4
1110                      1.478902100542018E-4
1111                      1.6470175567475775E-4
1112                      1.6708837110271726E-4
1113                      1.5690726353897663E-4
1114                      1.3688368431254757E-4
1115                      1.1310869049510923E-4
1116                      9.417972504508583E-5
1117                      8.729891725002331E-5
1118                      8.932936403321023E-5
1119                      9.237200054628162E-5
1120                      8.686641323695074E-5
1121                      7.045483507068248E-5
1122                      5.05212978348065E-5
1123                      4.6327417753214487E-5
1124                      3.929523628817843E-5
1125                      2.5621055465200443E-5
1126                      2.898283775388291E-5
1127                      2.6933563358370178E-5
1128                      -1.3184389373804102E-7
1129                      -1.7163410693772662E-5
1130                      -1.3882049743672235E-5
1131                      -9.07585582252212E-6
1132                      -7.860952681774272E-6
1133                      -7.438216348405058E-6
1134                      -7.306651049684908E-6
1135                      -7.355791401578331E-6
1136                      -7.579699849338356E-6
1137                      -7.991001621249384E-6
1138                      -8.601469768855768E-6
1139                      -9.396933786414325E-6
1140                      -1.0329535539211829E-5
1141                      -1.1282397009487939E-5
1142                      -1.2089600886050077E-5
1143                      -1.2580735291150603E-5
1144                      -1.2667292066527653E-5
1145                      -1.2374644012832755E-5
1146                      -1.1798044241535604E-5
1147                      -1.1073924415865694E-5
1148                      -1.0244302301354433E-5
1149                      -9.374091788805596E-6
1150                      -8.593700456671199E-6
1151                      -8.13521667964828E-6
1152                      -8.144266224075305E-6
1153                      -8.470944541251723E-6
1154                      -8.704269928450905E-6
1155                      -8.296802760986106E-6
1156                      -7.852695381763136E-6
1157                      -7.464841248313884E-6
1158                      -7.3178996108438785E-6
1159                      -7.255133243658549E-6
1160                      -7.061415088256484E-6
1161                      -6.6821977481415935E-6
1162                      -6.1827846489316606E-6
1163                      -5.620062566571204E-6
1164                      -4.9869561776062185E-6
1165                      -4.273389714396379E-6
1166                      -3.5034411649063337E-6
1167                      -2.7291350374214376E-6
1168                      -2.0286209967417763E-6
1169                      -1.4684558789707428E-6
1170                      -1.07419293629856E-6
1171                      -8.44442083013474E-7
1172                      -7.34376203925261E-7
1173                      -6.601621294599942E-7
1174                      -6.049445977911023E-7
1175                      -5.576573186911104E-7
1176                      -5.140436807215583E-7
1177                      -4.73025842880821E-7
1178                      -4.3409788314972223E-7
1179                      -3.9648945316788373E-7
1180                      -3.5927689292953197E-7
1181                      -3.2185678564471625E-7
1182                      -2.842463265303056E-7
1183                      -2.4684223830721125E-7
1184                      -2.0994744308129625E-7
1185                      -1.7345003267320243E-7
1186                      -1.369562999294286E-7
1187                      -1.0036883927698069E-7
1188                      -6.410149414386396E-8
1189                      -2.7812954357557334E-8
1190                      8.208798893699512E-9
1191                      4.378594204986435E-8
1192                      7.923911610318982E-8
1193                      1.1424858899456933E-7
1194                      1.4922338738787376E-7
1195                      1.839252371458523E-7
1196                      2.1822162209246695E-7
1197                      2.523719242137544E-7
1198                      2.8612942908944544E-7
1199                      3.19811818446229E-7
1200                      3.532419060760911E-7
1201                      3.863191472234999E-7
1202                      4.1922901494681486E-7
1203                      4.5180299423661454E-7
1204                      4.842530530911674E-7
1205                      5.163538969656534E-7
1206                      5.48366201752938E-7
1207                      5.801497312945132E-7
1208                      6.11611198569774E-7
1209                      6.429025186535124E-7
1210                      6.738964186892967E-7
1211                      7.047500333476299E-7
1212                      7.353128197399997E-7
1213                      7.6575453254465E-7
1214                      7.958999541713064E-7
1215                      8.258457737194314E-7
1216                      8.556511946528455E-7
1217                      8.852344591768208E-7
1218                      9.14664098234844E-7
1219                      9.438674321117228E-7
1220                      9.729164229942431E-7
1221                      1.0017422046936322E-6
1222                      1.0304217125657285E-6
1223                      1.0588846503625904E-6
1224                      1.087213229440823E-6
1225                      1.115332161445476E-6
1226                      1.1433293480395622E-6
1227                      1.171123463430783E-6
1228                      1.1987576787235587E-6
1229                      1.2262740801113268E-6
1230                      1.2536362315055728E-6
1231                      1.2808779509221145E-6
1232                      1.3079738370513767E-6
1233                      1.3349518329909901E-6
1234                      1.3617945973503633E-6
1235                      1.3885279654418268E-6
1236                      1.4151394381921184E-6
1237                      1.4416537274318628E-6
1238                      1.4680606890831333E-6
1239                      1.4943842855579475E-6
1240                      1.5206157168040928E-6
1241                      1.5467784777134058E-6
1242                      1.572865039718287E-6
1243                      1.5988986194950732E-6
1244                      1.6248733013442273E-6
1245                      1.6508120549333128E-6
1246                      1.6767109676031722E-6
1247                      1.7025926708401172E-6
1248                      1.7284556025124712E-6
1249                      1.754321990246068E-6
1250                      1.7801929403874351E-6
1251                      1.806090321182956E-6
1252                      1.8320181818751665E-6
1253                      1.8579981990292317E-6
1254                      1.884037587084308E-6
1255                      1.9101581229723102E-6
1256                      1.9363703752180945E-6
1257                      1.9626966383549387E-6
1258                      1.9891510225427693E-6
1259                      2.0157568789343306E-6
1260                      2.0425320820520888E-6
1261                      2.0695016975116832E-6
1262                      2.0966876632880492E-6
1263                      2.1241175406313913E-6
1264                      2.1518177534281106E-6
1265                      2.1798192795947484E-6
1266                      2.20815362852224E-6
1267                      2.236856287988375E-6
1268                      2.2659646930781326E-6
1269                      2.2955201599864447E-6
1270                      2.325567209525824E-6
1271                      2.356154611707134E-6
1272                      2.3873355576590544E-6
1273                      2.4191683239504184E-6
1274                      2.4517169259482484E-6
1275                      2.485051802887596E-6
1276                      2.519250724936649E-6
1277                      2.554399811391652E-6
1278                      2.590594599532189E-6
1279                      2.6279416501687493E-6
1280                      2.6665598213224822E-6
1281                      2.7065826995991205E-6
1282                      2.748204003897903E-6
1283                      2.7916239569716423E-6
1284                      2.83702057974372E-6
1285                      2.8845842134530268E-6
1286                      2.9345506379683706E-6
1287                      2.987165294322782E-6
1288                      3.0428060180712045E-6
1289                      3.1018553309574313E-6
1290                      3.164861064696967E-6
1291                      3.2323890555523133E-6
1292                      3.3050353555318936E-6
1293                      3.3835811106679045E-6
1294                      3.468910209608173E-6
1295                      3.5623181246113476E-6
1296                      3.665275028312068E-6
1297                      3.7794795076584557E-6
1298                      3.907310280492839E-6
1299                      4.051859271778895E-6
1300                      4.216851403707263E-6
1301                      4.407198940019035E-6
1302                      4.629422820048079E-6
1303                      4.892578923831933E-6
1304                      5.209151384973155E-6
1305                      5.595656703329008E-6
1306                      6.073671309095194E-6
1307                      6.6707551661848225E-6
1308                      7.418197456387628E-6
1309                      8.340102132341882E-6
1310                      9.429914718810361E-6
1311                      1.062226123369858E-5
1312                      1.1784018516900559E-5
1313                      1.2740539744879342E-5
1314                      1.3315495004566108E-5
1315                      1.3349281360234438E-5
1316                      1.2697668215554928E-5
1317                      1.1235118420662582E-5
1318                      8.866735733601917E-6
1319                      5.557810284001152E-6
1320                      1.422584282161337E-6
1321                      -3.115154666153406E-6
1322                      -7.192125688003565E-6
1323                      -9.646791622507545E-6
1324                      -9.63287634490927E-6
1325                      -7.4081839621252445E-6
1326                      -4.372225722787566E-6
1327                      -1.9554767820782184E-6
1328                      -6.557777562930843E-7
1329                      -3.450696628308535E-7
1330                      -8.569846756852073E-7
1331                      -2.052598010341333E-6
1332                      -3.5782411618791614E-6
1333                      -4.77961566581293E-6
1334                      -5.068786797226871E-6
1335                      -4.535245829954927E-6
1336                      -3.7138600451678107E-6
1337                      -2.8231121600210676E-6
1338                      -1.9259554112514485E-6
1339                      -1.113357362584309E-6
1340                      -4.890984992858642E-7
1341                      -1.3023927894701207E-7
1342                      -9.155467109840882E-9
1343                      -8.672683483335346E-10
1344                      1.4485336693153942E-8
1345                      4.215098387682305E-8
1346                      6.495118542384647E-8
1347                      7.805436169117219E-8
1348                      8.394429437285809E-8
1349                      8.566680040002458E-8
1350                      8.618808940805771E-8
1351                      8.675088883847908E-8
1352                      8.749545443292726E-8
1353                      8.818998865431173E-8
1354                      8.877151047161788E-8
1355                      8.930418081866799E-8
1356                      8.979812075457033E-8
1357                      9.027395746446891E-8
1358                      9.073513124320296E-8
1359                      9.11835916552244E-8
1360                      9.16237951534537E-8
1361                      9.2057618027098E-8
1362                      9.248664791995816E-8
1363                      9.291202840747579E-8
1364                      9.333426965617538E-8
1365                      9.37535049482023E-8
1366                      9.416979040238277E-8
1367                      9.458326018585572E-8
1368                      9.499401388911283E-8
1369                      9.540200063302967E-8
1370                      9.580729014987483E-8
1371                      9.621008914029205E-8
1372                      9.661038958072785E-8
1373                      9.700807863132326E-8
1374                      9.740329463899276E-8
1375                      9.779612130534347E-8
1376                      9.818652115909808E-8
1377                      9.85745239483688E-8
1378                      9.89601923485793E-8
1379                      9.934353333495102E-8
1380                      9.972456568228772E-8
1381                      1.0010334506212464E-7
1382                      1.0047989365054327E-7
1383                      1.0085421278092932E-7
1384                      1.0122634457806424E-7
1385                      1.0159633906511859E-7
1386                      1.0196420376660113E-7
1387                      1.0232994630039076E-7
1388                      1.0269361483968389E-7
1389                      1.030552619777794E-7
1390                      1.0341487406738073E-7
1391                      1.0377243469650622E-7
1392                      1.041280483923792E-7
1393                      1.0448181533536174E-7
1394                      1.0483360897539759E-7
1395                      1.0518323884456537E-7
1396                      1.055311645727883E-7
1397                      1.0587760982841654E-7
1398                      1.062220560491655E-7
1399                      1.0656431253528765E-7
1400                      1.0690494896579156E-7
1401                      1.0724422798701026E-7
1402                      1.0758163138566384E-7
1403                      1.0791668154857761E-7
1404                      1.0825047869192556E-7
1405                      1.0858333019392183E-7
1406                      1.0891411268254791E-7
1407                      1.0924248037691154E-7
1408                      1.0956964101259121E-7
1409                      1.0989661781267846E-7
1410                      1.102211087081019E-7
1411                      1.1054246913859306E-7
1412                      1.1086324721213713E-7
1413                      1.1118444458641763E-7
1414                      1.115034309359863E-7
1415                      1.1181761728348095E-7
1416                      1.1213232575744947E-7
1417                      1.1244970081166874E-7
1418                      1.127639594202658E-7
1419                      1.1307191581174609E-7
1420                      1.1337964025325892E-7
1421                      1.1369084405552947E-7
1422                      1.1399993596885192E-7
1423                      1.1430526946675101E-7
1424                      1.1460924137372247E-7
1425                      1.1491308722821534E-7
1426                      1.1521639607315056E-7
1427                      1.1551738222779739E-7
1428                      1.1581619134624397E-7
1429                      1.1611500984991388E-7
1430                      1.1641413038531917E-7
1431                      1.1671058249235626E-7
1432                      1.1700526145683052E-7
1433                      1.1729947057729245E-7
1434                      1.1759310981854113E-7
1435                      1.1788548948458877E-7
1436                      1.1817633876035047E-7
1437                      1.18466302376616E-7
1438                      1.1875587746520104E-7
1439                      1.190444299814835E-7
1440                      1.193312090115314E-7
1441                      1.196168280243913E-7
1442                      1.19902428285873E-7
1443                      1.2018725777909918E-7
1444                      1.2047069834073272E-7
1445                      1.2075301001479108E-7
1446                      1.2103463992119848E-7
1447                      1.2131572797383292E-7
1448                      1.2159582005655926E-7
1449                      1.2187462678900411E-7
1450                      1.22152666116724E-7
1451                      1.2243052013763316E-7
1452                      1.2270775339296756E-7
1453                      1.2298348645091878E-7
1454                      1.2325828744415204E-7
1455                      1.2353273006167893E-7
1456                      1.2380669639115656E-7
1457                      1.2407980550330498E-7
1458                      1.2435188691314322E-7
1459                      1.2462333953994846E-7
1460                      1.2489456623309864E-7
1461                      1.251652230097695E-7
1462                      1.2543465095608909E-7
1463                      1.257028302298837E-7
1464                      1.2597118614575872E-7
1465                      1.262401623107488E-7
1466                      1.265079881933244E-7
1467                      1.267732496990106E-7
1468                      1.2703774027779537E-7
1469                      1.2730408242745498E-7
1470                      1.2757052234740703E-7
1471                      1.278350643988695E-7
1472                      1.2809800972349866E-7
1473                      1.2836086665256565E-7
1474                      1.2862460636636338E-7
1475                      1.2888795785361777E-7
1476                      1.291489751452336E-7
1477                      1.2940845026455203E-7
1478                      1.2966959115107184E-7
1479                      1.2993442759416806E-7
1480                      1.3019641279462548E-7
1481                      1.304505192213759E-7
1482                      1.3070354128495322E-7
1483                      1.3096673109130402E-7
1484                      1.3123695570865828E-7
1485                      1.3149417454073797E-7
1486                      1.3174241357140457E-7
1487                      1.3199495444589496E-7
1488                      1.3225628777748723E-7
1489                      1.32518912543209E-7
1490                      1.32775417823011E-7
1491                      1.330238219127078E-7
1492                      1.3327523678149675E-7
1493                      1.335399532566197E-7
1494                      1.338081165478987E-7
1495                      1.3405790802291934E-7
1496                      1.3428086437626365E-7
1497                      1.3452341242402803E-7
1498                      1.348052207728742E-7
1499                      1.35088191490841E-7
1500                      1.353397014984858E-7
1501                      1.3556968652094682E-7
1502                      1.3581028044226857E-7
1503                      1.360762885757137E-7
1504                      1.3633552744397368E-7
1505                      1.365888889173528E-7
1506                      1.3683769810127154E-7
1507                      1.3708852503543193E-7
1508                      1.373428879894613E-7
1509                      1.3759795860956363E-7
1510                      1.378503593175264E-7
1511                      1.3809852276278444E-7
1512                      1.3834716220183249E-7
1513                      1.386026117575601E-7
1514                      1.3886251117857203E-7
1515                      1.3911497389089154E-7
1516                      1.3934812175364254E-7
1517                      1.395806717711068E-7
1518                      1.398483305216373E-7
1519                      1.4014675173312948E-7
1520                      1.403851280605923E-7
1521                      1.406001232184317E-7
1522                      1.4083592257697265E-7
1523                      1.4110865630540987E-7
1524                      1.4137286106538475E-7
1525                      1.4162618592509726E-7
1526                      1.4187025310511748E-7
1527                      1.421162158631587E-7
1528                      1.423698802665652E-7
1529                      1.4262799146491745E-7
1530                      1.428826931501397E-7
1531                      1.4312716203307877E-7
1532                      1.433675476968323E-7
1533                      1.436208745284917E-7
1534                      1.438931850169709E-7
1535                      1.4416217620936902E-7
1536                      1.4440316371846815E-7
1537                      1.4462833896806924E-7
1538                      1.44866450827963E-7
1539                      1.451308643973074E-7
1540                      1.4541753540912633E-7
1541                      1.4568499786407084E-7
1542                      1.4589575331360114E-7
1543                      1.4611419519122457E-7
1544                      1.4637358307283084E-7
1545                      1.4666482293459698E-7
1546                      1.4694683759208004E-7
1547                      1.471829267528405E-7
1548                      1.4741837438996593E-7
1549                      1.4766344967329564E-7
1550                      1.479187061893811E-7
1551                      1.481807355160504E-7
1552                      1.4844108040161313E-7
1553                      1.4869348152740032E-7
1554                      1.489405065685223E-7
1555                      1.4919027838563957E-7
1556                      1.494519044965587E-7
1557                      1.497227247608002E-7
1558                      1.4998414599369059E-7
1559                      1.5021941352608864E-7
1560                      1.5044138493813437E-7
1561                      1.5069503342079768E-7
1562                      1.5098559176691533E-7
1563                      1.5128215755640928E-7
1564                      1.5154715782250458E-7
1565                      1.5175058265346693E-7
1566                      1.5197193355038181E-7
1567                      1.522425295817562E-7
1568                      1.525517613160236E-7
1569                      1.5285218079021272E-7
1570                      1.5307265342816168E-7
1571                      1.5331213312262046E-7
1572                      1.5356722317132247E-7
1573                      1.5384041128232737E-7
1574                      1.5411662795264546E-7
1575                      1.5438086265005966E-7
1576                      1.5462983067593078E-7
1577                      1.5487503662114839E-7
1578                      1.5513245876062564E-7
1579                      1.5541765393446857E-7
1580                      1.5571870850622812E-7
1581                      1.559911039653968E-7
1582                      1.562236972910983E-7
1583                      1.5644147123256484E-7
1584                      1.5668601537002413E-7
1585                      1.5700305821676951E-7
1586                      1.5733625604033441E-7
1587                      1.575848602422545E-7
1588                      1.577836822715667E-7
1589                      1.580308629762736E-7
1590                      1.583159589042097E-7
1591                      1.5860939968828156E-7
1592                      1.5889513471697422E-7
1593                      1.591694210364377E-7
1594                      1.5943643543338593E-7
1595                      1.5969750570698884E-7
1596                      1.5996152561741188E-7
1597                      1.6023569115363965E-7
1598                      1.605202818898587E-7
1599                      1.6080742197024822E-7
1600                      1.6108682242663428E-7
1601                      1.6134718692217695E-7
1602                      1.615939415151267E-7
1603                      3.2404427756786887E-7
1604                      1.0973178179038166E-7
1605                      1.6382258530907226E-7
1606                      2.0253000716890628E-7
1607                      2.3023067183923253E-7
1608                      2.4908181510673597E-7
1609                      2.6304187226457764E-7
1610                      2.7340203534751525E-7
1611                      2.8176790342946066E-7
1612                      2.8802443423767146E-7
1613                      2.9250902835970047E-7
1614                      2.9561895115390674E-7
1615                      2.976954973897442E-7
1616                      2.990049659155284E-7
1617                      2.9974793329100154E-7
1618                      3.0007371152933283E-7
1619                      3.000932317845706E-7
1620                      2.9988660178253337E-7
1621                      2.995178401614324E-7
1622                      2.990339829577256E-7
1623                      2.9846946194773146E-7
1624                      2.978497873178307E-7
1625                      2.9719395822687416E-7
1626                      2.965161476543057E-7
1627                      2.958269100515608E-7
1628                      2.9513407254950656E-7
1629                      2.944434025328445E-7
1630                      2.93758456819294E-7
1631                      2.9308293215648015E-7
1632                      2.924192472833808E-7
1633                      2.917689387359667E-7
1634                      2.9113292907695376E-7
1635                      2.905117521354756E-7
1636                      2.899056861148247E-7
1637                      2.893148422819419E-7
1638                      2.887392103134708E-7
1639                      2.881787014469875E-7
1640                      2.8763312041709287E-7
1641                      2.8710223336181703E-7
1642                      2.865857771028005E-7
1643                      2.8608346794123144E-7
1644                      2.8559500154396566E-7
1645                      2.8512007661203764E-7
1646                      2.8465839314930327E-7
1647                      2.842096367370258E-7
1648                      2.8377348737383693E-7
1649                      2.833496456918674E-7
1650                      2.8293782824142967E-7
1651                      2.825377477701258E-7
1652                      2.8214910778777427E-7
1653                      2.817716070054418E-7
1654                      2.814049855613924E-7
1655                      2.81049057440618E-7
1656                      2.807035687327834E-7
1657                      2.803681451268481E-7
1658                      2.800425400029422E-7
1659                      2.7972669772438407E-7
1660                      2.7942041859211624E-7
1661                      2.7912327161067077E-7
1662                      2.7883490401627337E-7
1663                      2.785555494487121E-7
1664                      2.7828513142933634E-7
1665                      2.780229632865539E-7
1666                      2.7776861586623464E-7
1667                      2.7752242696477574E-7
1668                      2.772846367970737E-7
1669                      2.7705457974350344E-7
1670                      2.7683145879399007E-7
1671                      2.7661568556920536E-7
1672                      2.764074349581019E-7
1673                      2.762063836884006E-7
1674                      2.760121308637137E-7
1675                      2.758244898342192E-7
1676                      2.7564359340347357E-7
1677                      2.754694812174959E-7
1678                      2.753017043054731E-7
1679                      2.751397739632741E-7
1680                      2.749838283849105E-7
1681                      2.748343349678433E-7
1682                      2.746913085591471E-7
1683                      2.7455337027212366E-7
1684                      2.744199409780141E-7
1685                      2.742924371851746E-7
1686                      2.7417211965075936E-7
1687                      2.740574540096482E-7
1688                      2.739457824156961E-7
1689                      2.738385588990892E-7
1690                      2.7373750273425083E-7
1691                      2.7364243004279484E-7
1692                      2.735518984440045E-7
1693                      2.7346523155585075E-7
1694                      2.73382973874153E-7
1695                      2.7330576397809715E-7
1696                      2.732337800866459E-7
1697                      2.731659242603803E-7
1698                      2.731011562447226E-7
1699                      2.730402636307751E-7
1700                      2.7298511115392586E-7
1701                      2.729364410260614E-7
1702                      2.7288993886809706E-7
1703                      2.728438252507423E-7
1704                      2.7280152721470876E-7
1705                      2.7276581095461674E-7
1706                      2.7273571516009263E-7
1707                      2.7270832662314845E-7
1708                      2.726813774287872E-7
1709                      2.7265704962640405E-7
1710                      2.7264016793835354E-7
1711                      2.726289023129818E-7
1712                      2.7261934077782443E-7
1713                      2.726099069014132E-7
1714                      2.726014740165432E-7
1715                      2.725992622780333E-7
1716                      2.726062624960367E-7
1717                      2.7261671772745065E-7
1718                      2.7262187803792304E-7
1719                      2.726253864446094E-7
1720                      2.7263528272730275E-7
1721                      2.7265521950618967E-7
1722                      2.7268404384813725E-7
1723                      2.727098247496411E-7
1724                      2.727279854380483E-7
1725                      2.727463364910948E-7
1726                      2.727747051356E-7
1727                      2.728145501559089E-7
1728                      2.728580786396811E-7
1729                      2.7289358624937983E-7
1730                      2.729315575056833E-7
1731                      2.7297296699291336E-7
1732                      2.7301912602970957E-7
1733                      2.7306862496993794E-7
1734                      2.731202723588758E-7
1735                      2.731727416020747E-7
1736                      2.732262965288576E-7
1737                      2.7328236256108115E-7
1738                      2.733420990647412E-7
1739                      2.7340611176923936E-7
1740                      2.7347220300441905E-7
1741                      2.735367560819902E-7
1742                      2.735992206318683E-7
1743                      2.7366513812476455E-7
1744                      2.7374016656791085E-7
1745                      2.7382222184843294E-7
1746                      2.739043949667641E-7
1747                      2.739792477913558E-7
1748                      2.7405551217590675E-7
1749                      2.741349803398405E-7
1750                      2.7421905289959974E-7
1751                      2.7430605252352523E-7
1752                      2.743963157590488E-7
1753                      2.7448782398194164E-7
1754                      2.745793072413759E-7
1755                      2.7467075848168234E-7
1756                      2.7476379029363376E-7
1757                      2.748603153903338E-7
1758                      2.7496231894758996E-7
1759                      2.7506823313953723E-7
1760                      2.7517227610578017E-7
1761                      2.7526887570527817E-7
1762                      2.753602515133069E-7
1763                      2.7546209071113463E-7
1764                      2.755798362949509E-7
1765                      2.7570067427218586E-7
1766                      2.758198169825767E-7
1767                      2.759353312479E-7
1768                      2.7604913660595205E-7
1769                      2.7616113903330254E-7
1770                      2.762751601083422E-7
1771                      2.7639468111582084E-7
1772                      2.765210911111936E-7
1773                      2.7665464764048285E-7
1774                      2.767892391270457E-7
1775                      2.7691700843406936E-7
1776                      2.770357894072367E-7
1777                      2.771497646774823E-7
1778                      2.7726836926601896E-7
1779                      2.7740406054420426E-7
1780                      2.775473539654571E-7
1781                      2.7769442925422923E-7
1782                      2.7784033557114966E-7
1783                      2.779841974423366E-7
1784                      2.7812570836912723E-7
1785                      2.782647516634454E-7
1786                      2.7840310613376323E-7
1787                      2.7854404745191343E-7
1788                      2.786911330043727E-7
1789                      2.788503256105355E-7
1790                      2.7902344377060497E-7
1791                      2.7920359886256704E-7
1792                      2.7937343199028157E-7
1793                      2.795091156749732E-7
1794                      2.7958126220216627E-7
1795                      2.796314069095673E-7
1796                      2.7978902247786596E-7
1797                      2.801564341852008E-7
1798                      2.8071989489098557E-7
1799                      2.804325976967247E-7
1800                      2.806217082933892E-7
1801                      2.8080389086529524E-7
1802                      2.8098725656601524E-7
1803                      2.8117280434600785E-7
1804                      2.813641989410141E-7
1805                      2.815601762240677E-7
1806                      2.8176155290250415E-7
1807                      2.819705432070466E-7
1808                      2.82205252891279E-7
1809                      2.8248690087877187E-7
1810                      2.820884509221051E-7
1811                      2.8309343152180986E-7
1812                      3.575894036509808E-7
1813                      5.037593354961586E-7
1814                      6.201262680520284E-7
1815                      7.192133202957075E-7
1816                      8.113785055183908E-7
1817                      9.004043187776005E-7
1818                      9.895751769244386E-7
1819                      1.0821786579515674E-6
1820                      1.1794223766028994E-6
1821                      1.2856753652097988E-6
1822                      1.4060944412410017E-6
1823                      1.5474586258503213E-6
1824                      1.7171937857918147E-6
1825                      1.927955102703346E-6
1826                      2.197144263695663E-6
1827                      2.5476265517916093E-6
1828                      3.008038685999573E-6
1829                      3.610255894413797E-6
1830                      4.374093656082153E-6
1831                      5.26054649153959E-6
1832                      6.1110024918013985E-6
1833                      6.649823794990052E-6
1834                      6.644843703982851E-6
1835                      6.3402348264156405E-6
1836                      6.321834541022763E-6
1837                      7.095978724324582E-6
1838                      8.56186117372558E-6
1839                      1.0723191591469495E-5
1840                      1.3775758865852369E-5
1841                      1.6931307371906225E-5
1842                      1.855308821509206E-5
1843                      1.768725743767118E-5
1844                      1.5084316736764698E-5
1845                      1.2669593351340998E-5
1846                      1.2062707124978168E-5
1847                      1.3000013334121802E-5
1848                      1.4817744102031758E-5
1849                      1.6763280751347018E-5
1850                      1.7601566137732515E-5
1851                      1.5645464952801632E-5
1852                      1.0794604938615157E-5
1853                      7.331421523649571E-6
1854                      5.553605271125693E-6
1855                      5.381204527886138E-6
1856                      9.750417778505929E-6
1857                      1.662687182245315E-5
1858                      2.299441382749216E-5
1859                      2.104134832085628E-5
1860                      8.836915400906695E-6
1861                      -2.28618023241547E-6
1862                      -4.542443195292272E-6
1863                      4.34236904456965E-6
1864                      1.7055582397074555E-5
1865                      2.246403751468085E-5
1866                      1.6598146247253612E-5
1867                      6.618813272893647E-6
1868                      3.1458807973606907E-7
1869                      4.524642745169045E-8
1870                      2.9447017330070136E-6
1871                      6.670805690875387E-6
1872                      7.466703442761261E-6
1873                      3.4280150451333877E-6
1874                      -7.672267701980426E-7
1875                      -2.4610182265114077E-6
1876                      -2.597455061121139E-6
1877                      -2.46376703595449E-6
1878                      -2.3755489397834607E-6
1879                      -2.2561023949721637E-6
1880                      -2.098216232581849E-6
1881                      -1.8489894676203909E-6
1882                      -1.4728009316898996E-6
1883                      -1.0001472476004014E-6
1884                      -7.046037484313071E-7
1885                      -8.56519431756857E-7
1886                      -1.3411978254235394E-6
1887                      -1.5820576251140915E-6
1888                      -1.4489088285815754E-6
1889                      -1.7549756550521372E-6
1890                      -3.327752341964027E-6
1891                      -5.15375787456555E-6
1892                      -5.556153646789721E-6
1893                      -4.155655276623615E-6
1894                      -2.3949138250710044E-6
1895                      -1.964732608402037E-6
1896                      -3.0510511220885453E-6
1897                      -4.687449847741188E-6
1898                      -6.918888753010277E-6
1899                      -1.142526408547161E-5
1900                      -1.950231039370663E-5
1901                      -3.061152496506474E-5
1902                      -4.098706735365448E-5
1903                      -4.6092322628329616E-5
1904                      -4.66600726699443E-5
1905                      -4.081979348513013E-5
1906                      -2.720902025725165E-5
1907                      -5.448533286712661E-6
1908                      2.4375197004375144E-5
1909                      5.984132472306499E-5
1910                      9.435266739989297E-5
1911                      1.2085802811201331E-4
1912                      1.3633030859957953E-4
1913                      1.4110354470015744E-4
1914                      1.368770773886056E-4
1915                      1.256293551615082E-4
1916                      1.0751910208880132E-4
1917                      9.000344291479421E-5
1918                      8.345550336768875E-5
1919                      8.193305033291358E-5
1920                      8.268074030116468E-5
1921                      7.762026704978726E-5
1922                      6.32535700544265E-5
1923                      5.037075081747568E-5
1924                      5.265898252703613E-5
1925                      4.578583289064538E-5
1926                      2.2453550899578312E-5
1927                      1.7301015073600302E-5
1928                      2.619680476152324E-5
1929                      1.0770925318323923E-5
1930                      -1.320863592365446E-5
1931                      -1.442772441726599E-5
1932                      -9.40095566588948E-6
1933                      -6.661427944459406E-6
1934                      -5.917916215843961E-6
1935                      -5.665883512966639E-6
1936                      -5.583150470441138E-6
1937                      -5.626586307634797E-6
1938                      -5.794774711497501E-6
1939                      -6.090845087676125E-6
1940                      -6.516185115003299E-6
1941                      -7.056283205954315E-6
1942                      -7.654272457153008E-6
1943                      -8.199767970522753E-6
1944                      -8.569495295620725E-6
1945                      -8.71506636490832E-6
1946                      -8.707923319926317E-6
1947                      -8.635596617369388E-6
1948                      -8.511569947732212E-6
1949                      -8.299385156503069E-6
1950                      -7.984785670125689E-6
1951                      -7.619942689863964E-6
1952                      -7.3158438016729095E-6
1953                      -7.215296373777358E-6
1954                      -7.397000320319479E-6
1955                      -7.722614876438846E-6
1956                      -7.800283509570014E-6
1957                      -7.290417047890545E-6
1958                      -6.393866142797585E-6
1959                      -5.751444778427074E-6
1960                      -5.621033598179109E-6
1961                      -5.91995819905532E-6
1962                      -6.173724920736432E-6
1963                      -5.963775071332131E-6
1964                      -5.190181493106347E-6
1965                      -4.1357479854668184E-6
1966                      -3.188086432592668E-6
1967                      -2.5070993559203297E-6
1968                      -1.9755259316845866E-6
1969                      -1.4718431861319726E-6
1970                      -1.050966939565775E-6
1971                      -7.076976212012429E-7
1972                      -4.6552866860919144E-7
1973                      -3.304760532758523E-7
1974                      -2.547415739764149E-7
1975                      -2.0847670366522545E-7
1976                      -1.702713469293348E-7
1977                      -1.3306592156016913E-7
1978                      -9.543350395327296E-8
1979                      -5.800022502395704E-8
1980                      -2.172490713370158E-8
1981                      1.3912016414864407E-8
1982                      4.913408369049973E-8
1983                      8.405793594435296E-8
1984                      1.1887379126438878E-7
1985                      1.5353371779356961E-7
1986                      1.880507570108572E-7
1987                      2.2239259469700542E-7
1988                      2.5654579241892904E-7
1989                      2.9048338817543355E-7
1990                      3.2419184275019427E-7
1991                      3.5766140432107223E-7
1992                      3.9088417039948774E-7
1993                      4.238549615833811E-7
1994                      4.565717660267809E-7
1995                      4.890345095992407E-7
1996                      5.212436054249597E-7
1997                      5.531995529275605E-7
1998                      5.849033520375485E-7
1999                      6.163565192131813E-7
2000                      6.47560845778838E-7
2001                      6.785183675647971E-7
2002                      7.092313999084132E-7
2003                      7.39702238700994E-7
2004                      7.699331355912498E-7
2005                      7.999266857256496E-7
2006                      8.296855957079199E-7
2007                      8.592124336799064E-7
2008                      8.885098755795581E-7
2009                      9.175807871228471E-7
2010                      9.464280096001409E-7
2011                      9.750543826783702E-7
2012                      1.0034628890101324E-6
2013                      1.0316565964808914E-6
2014                      1.0596385166739464E-6
2015                      1.0874117742568412E-6
2016                      1.1149796918073101E-6
2017                      1.1423455046930355E-6
2018                      1.1695124856983641E-6
2019                      1.196484128480008E-6
2020                      1.223263973882512E-6
2021                      1.2498555465255594E-6
2022                      1.2762625263050765E-6
2023                      1.302488734413246E-6
2024                      1.3285380151075812E-6
2025                      1.354414308009003E-6
2026                      1.3801217227355257E-6
2027                      1.4056644743480463E-6
2028                      1.4310468174263331E-6
2029                      1.4562731965919707E-6
2030                      1.4813482670412382E-6
2031                      1.5062767093436324E-6
2032                      1.5310633329029846E-6
2033                      1.555713223216741E-6
2034                      1.5802316266946465E-6
2035                      1.6046238684792907E-6
2036                      1.6288954780116125E-6
2037                      1.6530522802423226E-6
2038                      1.6771003073770465E-6
2039                      1.7010457899526227E-6
2040                      1.724895205571929E-6
2041                      1.748655296856055E-6
2042                      1.7723331222759214E-6
2043                      1.7959360196295745E-6
2044                      1.8194716091253998E-6
2045                      1.8429478424459631E-6
2046                      1.866373071816582E-6
2047                      1.8897560997154254E-6
2048                      1.91310617238327E-6
2049                      1.9364329221005627E-6
2050                      1.9597463869971903E-6
2051                      1.983057235004318E-6
2052                      2.006376869475332E-6
2053                      2.0297171817396586E-6
2054                      2.053090500206574E-6
2055                      2.0765100668286636E-6
2056                      2.099990015726735E-6
2057                      2.1235451490189374E-6
2058                      2.147191298505423E-6
2059                      2.1709455180048823E-6
2060                      2.1948258096675217E-6
2061                      2.218851142181608E-6
2062                      2.243042057958731E-6
2063                      2.2674207639452012E-6
2064                      2.292010675120094E-6
2065                      2.316836418743988E-6
2066                      2.341924951099223E-6
2067                      2.3673062090127285E-6
2068                      2.3930121351710713E-6
2069                      2.419075816659752E-6
2070                      2.445534099991672E-6
2071                      2.4724279699282604E-6
2072                      2.499801670995576E-6
2073                      2.527703203877213E-6
2074                      2.5561852673341217E-6
2075                      2.5853053847087282E-6
2076                      2.6151263834320955E-6
2077                      2.6457189904236753E-6
2078                      2.6771622179214634E-6
2079                      2.709541824908173E-6
2080                      2.742950406919704E-6
2081                      2.777492577753106E-6
2082                      2.8132904637833374E-6
2083                      2.8504834591899195E-6
2084                      2.8892211871404814E-6
2085                      2.929670647838443E-6
2086                      2.972030468094591E-6
2087                      3.016529643044774E-6
2088                      3.063422031027019E-6
2089                      3.1130070299516047E-6
2090                      3.1656392421273146E-6
2091                      3.2217166524219713E-6
2092                      3.2817002211468917E-6
2093                      3.3461688103540297E-6
2094                      3.4158311020087235E-6
2095                      3.491541385484221E-6
2096                      3.5742993921012595E-6
2097                      3.6653447770198235E-6
2098                      3.7661973713220524E-6
2099                      3.8787390226523705E-6
2100                      4.005433274166446E-6
2101                      4.149259609377845E-6
2102                      4.314349161674375E-6
2103                      4.50600303704675E-6
2104                      4.73100527595547E-6
2105                      4.9981346616676355E-6
2106                      5.318712803449348E-6
2107                      5.707025697557666E-6
2108                      6.180064507979889E-6
2109                      6.756274653478862E-6
2110                      7.452029212955781E-6
2111                      8.272834396026507E-6
2112                      9.195730845929547E-6
2113                      1.0147282286738753E-5
2114                      1.099499852460123E-5
2115                      1.1565394312728087E-5
2116                      1.167886034661881E-5
2117                      1.1181815536935428E-5
2118                      9.964957125971281E-6
2119                      7.966042307489676E-6
2120                      5.172534788220012E-6
2121                      1.6604211384108817E-6
2122                      -2.2958164220508726E-6
2123                      -6.072514355551077E-6
2124                      -8.704340837464809E-6
2125                      -9.294041104994377E-6
2126                      -7.652457647761186E-6
2127                      -4.540221035319314E-6
2128                      -1.2340946784691886E-6
2129                      1.1252965201618724E-6
2130                      2.0220330762585987E-6
2131                      1.5886900574872383E-6
2132                      3.804952867841535E-7
2133                      -1.0293357124515918E-6
2134                      -2.3610691276222326E-6
2135                      -3.355142305175372E-6
2136                      -3.805534856895544E-6
2137                      -3.7496746098262743E-6
2138                      -3.328617062032255E-6
2139                      -2.68607444506549E-6
2140                      -1.9382843505714846E-6
2141                      -1.2024590920349293E-6
2142                      -6.197265144998346E-7
2143                      -2.8187104461389835E-7
2144                      -1.1220444531214211E-7
2145                      9.701024556135995E-9
2146                      1.0266305836452775E-7
2147                      1.5879908914614838E-7
2148                      1.8502703329524185E-7
2149                      1.9533665550447773E-7
2150                      2.0000887687433473E-7
2151                      2.0318078889235704E-7
2152                      2.0570263008860812E-7
2153                      2.07329734195121E-7
2154                      2.0833318097205655E-7
2155                      2.089985395861696E-7
2156                      2.0950761148099363E-7
2157                      2.099406554304004E-7
2158                      2.1036148550885555E-7
2159                      2.107692683695686E-7
2160                      2.1117124312461015E-7
2161                      2.1156813626526557E-7
2162                      2.11962416882122E-7
2163                      2.123525340170142E-7
2164                      2.1273918937203408E-7
2165                      2.131224168317742E-7
2166                      2.1350254285003722E-7
2167                      2.1387971897670616E-7
2168                      2.1425410348209458E-7
2169                      2.1462579116686516E-7
2170                      2.149948586561865E-7
2171                      2.1536134472186524E-7
2172                      2.1572529934814736E-7
2173                      2.160867644837907E-7
2174                      2.164457716809775E-7
2175                      2.168023478035661E-7
2176                      2.1715651844523465E-7
2177                      2.1750830804041882E-7
2178                      2.1785774103346964E-7
2179                      2.182048417750495E-7
2180                      2.1854963436422835E-7
2181                      2.1889214255481527E-7
2182                      2.1923238983100033E-7
2183                      2.1957039945404467E-7
2184                      2.1990619447783545E-7
2185                      2.2023979778522694E-7
2186                      2.2057123211799666E-7
2187                      2.2090052004129037E-7
2188                      2.2122768392033035E-7
2189                      2.2155274596481343E-7
2190                      2.218757282838852E-7
2191                      2.2219665276203435E-7
2192                      2.2251554101350883E-7
2193                      2.2283241469785082E-7
2194                      2.2314729542468852E-7
2195                      2.234602040902519E-7
2196                      2.2377116150900007E-7
2197                      2.240801895239764E-7
2198                      2.2438730890006826E-7
2199                      2.2469253835770834E-7
2200                      2.249958994115098E-7
2201                      2.2529741424510966E-7
2202                      2.2559710068663378E-7
2203                      2.25894977240059E-7
2204                      2.2619106716277215E-7
2205                      2.2648539170828844E-7
2206                      2.267779621674385E-7
2207                      2.2706879994151939E-7
2208                      2.2735793487254538E-7
2209                      2.2764537853143378E-7
2210                      2.279311379223356E-7
2211                      2.282152465281041E-7
2212                      2.2849774167371029E-7
2213                      2.2877859630818458E-7
2214                      2.2905782465410971E-7
2215                      2.2933551432254458E-7
2216                      2.2961166365505118E-7
2217                      2.2988620393403185E-7
2218                      2.3015921899867219E-7
2219                      2.3043076465405232E-7
2220                      2.3070080586871406E-7
2221                      2.309693434153971E-7
2222                      2.312364342348359E-7
2223                      2.3150211089371934E-7
2224                      2.3176632539938765E-7
2225                      2.3202909372469686E-7
2226                      2.322905329270558E-7
2227                      2.3255060325060716E-7
2228                      2.328092594339489E-7
2229                      2.3306656808599523E-7
2230                      2.3332258458314293E-7
2231                      2.3357727820302758E-7
2232                      2.3383064090029815E-7
2233                      2.3408272879186488E-7
2234                      2.343335850224436E-7
2235                      2.3458315422971696E-7
2236                      2.348314247270392E-7
2237                      2.3507854177558705E-7
2238                      2.353244824552266E-7
2239                      2.3556916112223465E-7
2240                      2.3581262955856264E-7
2241                      2.3605498643783316E-7
2242                      2.3629622954956974E-7
2243                      2.3653623940224836E-7
2244                      2.3677509607512788E-7
2245                      2.370129248213148E-7
2246                      2.3724967139985155E-7
2247                      2.374852498943533E-7
2248                      2.3771974021680687E-7
2249                      2.3795324572953826E-7
2250                      2.381856840606364E-7
2251                      2.3841706479799586E-7
2252                      2.386474215410623E-7
2253                      2.3887677960738117E-7
2254                      2.391051319352862E-7
2255                      2.3933248526071545E-7
2256                      2.395588688052451E-7
2257                      2.397843002969935E-7
2258                      2.40008774449213E-7
2259                      2.4023228945778273E-7
2260                      2.404548876125878E-7
2261                      2.4067660428483465E-7
2262                      2.4089739200854694E-7
2263                      2.411172389737899E-7
2264                      2.413362223225561E-7
2265                      2.415543856496357E-7
2266                      2.4177167134132823E-7
2267                      2.4198804854242574E-7
2268                      2.422035966334391E-7
2269                      2.4241837060508046E-7
2270                      2.4263231237124387E-7
2271                      2.428454198125275E-7
2272                      2.4305772735926216E-7
2273                      2.432692619675446E-7
2274                      2.4348001700865595E-7
2275                      2.4368998520495855E-7
2276                      2.438991918543789E-7
2277                      2.441076686769303E-7
2278                      2.443154112418394E-7
2279                      2.445224009325298E-7
2280                      2.447286482248882E-7
2281                      2.449342222491461E-7
2282                      2.4513914297941265E-7
2283                      2.453432994879482E-7
2284                      2.45546700249336E-7
2285                      2.457494908977488E-7
2286                      2.459517199907733E-7
2287                      2.4615323934874524E-7
2288                      2.463538920895516E-7
2289                      2.4655396538609464E-7
2290                      2.467537445296961E-7
2291                      2.469529145293808E-7
2292                      2.4715103714953444E-7
2293                      2.4734838981605804E-7
2294                      2.4754562891646984E-7
2295                      2.4774287571500843E-7
2296                      2.479387727712127E-7
2297                      2.4813311257005746E-7
2298                      2.483275291115831E-7
2299                      2.4852291379996823E-7
2300                      2.487174815421113E-7
2301                      2.489097195564774E-7
2302                      2.49101388930975E-7
2303                      2.492935971416771E-7
2304                      2.4948577041181953E-7
2305                      2.496769088152489E-7
2306                      2.498667518984378E-7
2307                      2.500564479933736E-7
2308                      2.502467942542029E-7
2309                      2.5043664369967654E-7
2310                      2.506244263651602E-7
2311                      2.50811013852566E-7
2312                      2.5099897843115174E-7
2313                      2.51189408144364E-7
2314                      2.5137674009984205E-7
2315                      2.515584601488626E-7
2316                      2.517408311513513E-7
2317                      2.5192944246876915E-7
2318                      2.521185072857923E-7
2319                      2.5230296872473904E-7
2320                      2.5248414309304603E-7
2321                      2.526665555389273E-7
2322                      2.5285269850059296E-7
2323                      2.5303836720879436E-7
2324                      2.5321793017738225E-7
2325                      2.533941213937248E-7
2326                      2.535766454848911E-7
2327                      2.537715337251466E-7
2328                      2.5395779171358154E-7
2329                      2.541266614377194E-7
2330                      2.542951158532582E-7
2331                      2.5447687187631013E-7
2332                      2.5466622302232975E-7
2333                      2.548496771997094E-7
2334                      2.550208541423216E-7
2335                      2.551994688078804E-7
2336                      2.553774181081883E-7
2337                      2.555550044634282E-7
2338                      2.557326725612778E-7
2339                      2.559100438551743E-7
2340                      2.560871572978353E-7
2341                      2.56263952253296E-7
2342                      2.5644045909289676E-7
2343                      2.566166796304418E-7
2344                      2.5679261914882987E-7
2345                      2.5696827819412106E-7
2346                      2.571436648828917E-7
2347                      2.573187889898241E-7
2348                      2.5749365139087227E-7
2349                      2.5766825986691984E-7
2350                      2.5784261992680144E-7
2351                      2.580167367089171E-7
2352                      2.5819061542446755E-7
2353                      2.5836426122219177E-7
2354                      2.585376789457968E-7
2355                      2.587108734630963E-7
2356                      2.588838498647312E-7
2357                      2.590566129844051E-7
2358                      2.592291674436687E-7
2359                      2.5940151822907943E-7
2360                      2.595736701285165E-7
2361                      2.597456278173917E-7
2362                      2.5991739604437165E-7
2363                      2.600889795691276E-7
2364                      2.6026038303119944E-7
2365                      2.604316110710437E-7
2366                      2.6060266841729124E-7
2367                      2.6077355971455744E-7
2368                      2.6094428948613037E-7
2369                      2.611148623791394E-7
2370                      2.612852831252309E-7
2371                      2.614555562221565E-7
2372                      2.6162568610699674E-7
2373                      2.6179567751437946E-7
2374                      2.6196553506442386E-7
2375                      2.621352631971208E-7
2376                      2.62304866446807E-7
2377                      2.6247434947267027E-7
2378                      2.626437168149664E-7
2379                      2.6281297285342327E-7
2380                      2.6298212216317413E-7
2381                      2.631511695359555E-7
2382                      2.6332011940879876E-7
2383                      2.6348897594250756E-7
2384                      2.6365774395808176E-7
2385                      2.638264283006108E-7
2386                      2.639950332893325E-7
2387                      2.6416356323556326E-7
2388                      2.643320229360659E-7
2389                      2.645004172055028E-7
2390                      2.646687504311115E-7
2391                      2.6483702699975536E-7
2392                      2.650052517313906E-7
2393                      2.6517342962847694E-7
2394                      2.65341565004201E-7
2395                      2.6550966188608925E-7
2396                      2.656777255931647E-7
2397                      2.658457621248584E-7
2398                      2.6601377515986325E-7
2399                      2.6618176731009677E-7
2400                      2.663497448794255E-7
2401                      2.6651771530328767E-7
2402                      2.6668568228668833E-7
2403                      2.6685364751693577E-7
2404                      1.934904977194635E-7
2405                      3.1401734054778435E-8
2406                      9.074796433327079E-8
2407                      1.2887221768898683E-7
2408                      1.5532910563954295E-7
2409                      1.7314701202627067E-7
2410                      1.8623328322805488E-7
2411                      1.9586799706488352E-7
2412                      2.0357854420723438E-7
2413                      2.0929298292015223E-7
2414                      2.1334048125048112E-7
2415                      2.1610142683053806E-7
2416                      2.1789937098028743E-7
2417                      2.1898487836802007E-7
2418                      2.195455620023472E-7
2419                      2.1972047022495387E-7
2420                      2.1961261435858864E-7
2421                      2.1929443826668674E-7
2422                      2.188270383222329E-7
2423                      2.1825496994263217E-7
2424                      2.1761021249557402E-7
2425                      2.1691630434160103E-7
2426                      2.1619073436887882E-7
2427                      2.1544660131196779E-7
2428                      2.146936838858405E-7
2429                      2.1393925916313683E-7
2430                      2.1318869725933852E-7
2431                      2.1244545204282344E-7
2432                      2.117128115115952E-7
2433                      2.1099300880442064E-7
2434                      2.1028745292462893E-7
2435                      2.095970003468979E-7
2436                      2.089221459630646E-7
2437                      2.0826314674193068E-7
2438                      2.0762009598925918E-7
2439                      2.069929640278447E-7
2440                      2.0638164179136853E-7
2441                      2.057859242777963E-7
2442                      2.0520556350955567E-7
2443                      2.0464028392992722E-7
2444                      2.0408979185854265E-7
2445                      2.0355377824697097E-7
2446                      2.0303193044603738E-7
2447                      2.0252393627971122E-7
2448                      2.0202947715719494E-7
2449                      2.0154822932991767E-7
2450                      2.0107988411762995E-7
2451                      2.0062415463991178E-7
2452                      2.001807448932037E-7
2453                      1.9974933582679976E-7
2454                      1.993296432850918E-7
2455                      1.9892145094085582E-7
2456                      1.9852448498651235E-7
2457                      1.9813842648611825E-7
2458                      1.9776302905095376E-7
2459                      1.973981143552013E-7
2460                      1.9704344840615826E-7
2461                      1.9669873543968075E-7
2462                      1.9636374555867882E-7
2463                      1.9603833489730503E-7
2464                      1.957223421417311E-7
2465                      1.9541543587182734E-7
2466                      1.9511730650713634E-7
2467                      1.9482800720156915E-7
2468                      1.9454751413094853E-7
2469                      1.9427536742268817E-7
2470                      1.940111378776331E-7
2471                      1.9375491975047733E-7
2472                      1.9350691409312896E-7
2473                      1.932667423779378E-7
2474                      1.930337157604231E-7
2475                      1.9280803263801528E-7
2476                      1.9258979331202936E-7
2477                      1.9237876899994707E-7
2478                      1.9217464491938858E-7
2479                      1.9197729234850856E-7
2480                      1.9178666961946424E-7
2481                      1.9160267313813737E-7
2482                      1.914251680641672E-7
2483                      1.912539495232689E-7
2484                      1.9108890162046946E-7
2485                      1.909299978677679E-7
2486                      1.9077714883595592E-7
2487                      1.9063013394163833E-7
2488                      1.9048870860464963E-7
2489                      1.9035294709195602E-7
2490                      1.9022303244631352E-7
2491                      1.9009870351014946E-7
2492                      1.8997939134553965E-7
2493                      1.898649898253629E-7
2494                      1.897560565399057E-7
2495                      1.8965285615930672E-7
2496                      1.8955457985522327E-7
2497                      1.8946025247876575E-7
2498                      1.8937032048737021E-7
2499                      1.8928628578197927E-7
2500                      1.892075202253548E-7
2501                      1.8913283632417784E-7
2502                      1.8906191003163045E-7
2503                      1.8899539650859843E-7
2504                      1.889337755529154E-7
2505                      1.888770659821484E-7
2506                      1.8882421334018225E-7
2507                      1.8877440938320662E-7
2508                      1.8872852719500416E-7
2509                      1.8868824680704825E-7
2510                      1.8865331913276665E-7
2511                      1.8862088752983292E-7
2512                      1.8858912512148107E-7
2513                      1.885609739397627E-7
2514                      1.8854139777751622E-7
2515                      1.885313316140915E-7
2516                      1.8851963799509426E-7
2517                      1.8850226148568999E-7
2518                      1.8848740966593766E-7
2519                      1.8848353801982245E-7
2520                      1.8848950871786427E-7
2521                      1.884973396240826E-7
2522                      1.8850094936613838E-7
2523                      1.885085070122062E-7
2524                      1.885208752684819E-7
2525                      1.8853787355823583E-7
2526                      1.8855793595883427E-7
2527                      1.8858098920656397E-7
2528                      1.8860668531928545E-7
2529                      1.886353302174031E-7
2530                      1.886669816897228E-7
2531                      1.887016690881774E-7
2532                      1.887392581722055E-7
2533                      1.8877968386656456E-7
2534                      1.888229280538941E-7
2535                      1.8886907896188623E-7
2536                      1.8891821088590985E-7
2537                      1.889702005763099E-7
2538                      1.8902475988606924E-7
2539                      1.8908160988403316E-7
2540                      1.8914106048952818E-7
2541                      1.8920385475399784E-7
2542                      1.8927032780137075E-7
2543                      1.8933957259810098E-7
2544                      1.8940979789981168E-7
2545                      1.894801860581043E-7
2546                      1.895528858711674E-7
2547                      1.896314303566565E-7
2548                      1.8971631996479305E-7
2549                      1.8980427306115748E-7
2550                      1.898908885324259E-7
2551                      1.8997494070074615E-7
2552                      1.9006001117990724E-7
2553                      1.901515551601299E-7
2554                      1.9025483875474148E-7
2555                      1.9036583548546736E-7
2556                      1.904691449032302E-7
2557                      1.9055137619590616E-7
2558                      1.9062308231702072E-7
2559                      1.907228018000681E-7
2560                      1.9086289737748164E-7
2561                      1.9102279023237865E-7
2562                      1.9116313142848787E-7
2563                      1.912425562500913E-7
2564                      1.9133593267918625E-7
2565                      1.9144677652916418E-7
2566                      1.915752954746805E-7
2567                      1.9171933174764224E-7
2568                      1.9186761063141377E-7
2569                      1.9200478829616086E-7
2570                      1.9212495883495716E-7
2571                      1.9222947001779532E-7
2572                      1.9234310797538685E-7
2573                      1.9249023446712533E-7
2574                      1.92673019017218E-7
2575                      1.928684299120419E-7
2576                      1.9304210621985222E-7
2577                      1.9315309372394985E-7
2578                      1.932737218116026E-7
2579                      1.9340987890377162E-7
2580                      1.9356693913174726E-7
2581                      1.9373668837732823E-7
2582                      1.9391437713782318E-7
2583                      1.9409248745312444E-7
2584                      1.9426948244468725E-7
2585                      1.944440712307306E-7
2586                      1.946185519063539E-7
2587                      1.9479438245707716E-7
2588                      1.9497414515468045E-7
2589                      1.9515971074389145E-7
2590                      1.9535245403863018E-7
2591                      1.9555168392584475E-7
2592                      1.957553593078925E-7
2593                      1.959591514513873E-7
2594                      1.9615853512608335E-7
2595                      1.9635239664518758E-7
2596                      1.9654661180173483E-7
2597                      1.9676084014077243E-7
2598                      1.9702591869357279E-7
2599                      1.973627413638509E-7
2600                      1.9770012775962758E-7
2601                      1.9786189556418132E-7
2602                      1.9770033784108475E-7
2603                      1.9822825027934453E-7
2604                      1.983566385307552E-7
2605                      1.9871521448757993E-7
2606                      1.9896769670169972E-7
2607                      1.99263089179251E-7
2608                      1.9958669596105743E-7
2609                      1.99924745670822E-7
2610                      2.0027759765467977E-7
2611                      2.0065691718547897E-7
2612                      2.014328233358558E-7
2613                      2.0295026932835012E-7
2614                      2.0225482315225828E-7
2615                      2.024909547998949E-7
2616                      1.9948687394234245E-8
2617                      2.603007097672414E-7
2618                      4.025698247528742E-7
2619                      5.130321873713799E-7
2620                      6.073750639987181E-7
2621                      6.955204851743923E-7
2622                      7.812966654375312E-7
2623                      8.680082608606192E-7
2624                      9.589978315214571E-7
2625                      1.0551387297344424E-6
2626                      1.161004671551311E-6
2627                      1.2819127614594362E-6
2628                      1.4246817469584218E-6
2629                      1.5964746814743112E-6
2630                      1.8088036995977134E-6
2631                      2.076094045914411E-6
2632                      2.414645734560882E-6
2633                      2.8410469773934625E-6
2634                      3.369252705814959E-6
2635                      4.003395359163526E-6
2636                      4.723168746680013E-6
2637                      5.452976181762664E-6
2638                      6.0320913186760495E-6
2639                      6.223257707257963E-6
2640                      5.788130854500832E-6
2641                      4.913959682539286E-6
2642                      4.641368512144789E-6
2643                      5.735294946106613E-6
2644                      8.379745618816982E-6
2645                      1.2355587138560237E-5
2646                      1.6818124707402866E-5
2647                      2.07869181367427E-5
2648                      2.3571826475070356E-5
2649                      2.4229025630979613E-5
2650                      2.3095493025085487E-5
2651                      2.1494912363714575E-5
2652                      2.114961385523567E-5
2653                      2.1248648431093837E-5
2654                      1.8607047785251904E-5
2655                      1.3215957827913082E-5
2656                      7.137674278507873E-6
2657                      3.238301556166538E-6
2658                      2.9665017826241576E-6
2659                      4.810199469577225E-6
2660                      9.875034861849907E-6
2661                      1.799356806889401E-5
2662                      2.543518445623531E-5
2663                      2.8530929891273493E-5
2664                      2.4303629197967424E-5
2665                      1.805678984068322E-5
2666                      1.1921817829225941E-5
2667                      6.620570553876308E-6
2668                      3.891422295952175E-6
2669                      4.407332173983713E-6
2670                      4.586106470159539E-6
2671                      2.7011405911633857E-6
2672                      1.6869761079218234E-6
2673                      4.368640773229022E-6
2674                      8.57007485021856E-6
2675                      1.0443924798878435E-5
2676                      8.41808129517697E-6
2677                      5.1115839678331E-6
2678                      2.4520767752012236E-6
2679                      -6.51036706601006E-7
2680                      -2.2991332239648998E-6
2681                      -2.519011479621528E-6
2682                      -2.502541496535678E-6
2683                      -2.4180323741826765E-6
2684                      -2.286639858226985E-6
2685                      -2.0959225024186395E-6
2686                      -1.8061117114688185E-6
2687                      -1.4213107382377114E-6
2688                      -1.1719272281579486E-6
2689                      -1.3371961573526198E-6
2690                      -1.9042085957609874E-6
2691                      -2.1748121598582626E-6
2692                      -1.5879996728343126E-6
2693                      -6.499405992718916E-7
2694                      -8.44966161724153E-7
2695                      -2.8174403809044896E-6
2696                      -4.841170728391714E-6
2697                      -5.5150258797783454E-6
2698                      -4.8687359831050484E-6
2699                      -4.37310493448228E-6
2700                      -5.341613019494611E-6
2701                      -7.203634386095852E-6
2702                      -8.595916118006618E-6
2703                      -1.0581418033304654E-5
2704                      -1.6497554569050053E-5
2705                      -2.6177054784955493E-5
2706                      -3.5738706602274524E-5
2707                      -4.183813033051091E-5
2708                      -4.29236895009991E-5
2709                      -3.897304447357357E-5
2710                      -2.878859993708273E-5
2711                      -1.1413996144721771E-5
2712                      1.3582325642922885E-5
2713                      4.5115398104451834E-5
2714                      7.738464573809603E-5
2715                      1.0413316899472638E-4
2716                      1.2232257788484437E-4
2717                      1.3167414269731666E-4
2718                      1.3291050476805632E-4
2719                      1.2655495320485627E-4
2720                      1.1250191719343241E-4
2721                      9.41174859914488E-5
2722                      8.037363337855047E-5
2723                      7.15136861385011E-5
2724                      7.982814962807067E-5
2725                      7.825014635543621E-5
2726                      5.1678917744979176E-5
2727                      3.627435448790711E-5
2728                      3.85820446710595E-5
2729                      3.732307634941737E-5
2730                      2.6819421481093274E-5
2731                      2.389780812182341E-5
2732                      2.4877713600326425E-5
2733                      8.43031583821623E-6
2734                      -4.5229549817369405E-6
2735                      -7.207081739150049E-6
2736                      -8.482785064092813E-6
2737                      -6.763282102896005E-6
2738                      -6.040696299668575E-6
2739                      -5.777100506433765E-6
2740                      -5.678806359023182E-6
2741                      -5.705692267515095E-6
2742                      -5.8516541362340664E-6
2743                      -6.133643651149432E-6
2744                      -6.576234587046348E-6
2745                      -7.205434313876431E-6
2746                      -8.021773908528987E-6
2747                      -8.968337889638699E-6
2748                      -9.900366887390284E-6
2749                      -1.0620433095682666E-5
2750                      -1.0970223512923568E-5
2751                      -1.0903892626574043E-5
2752                      -1.0485029547348745E-5
2753                      -9.811737742750006E-6
2754                      -9.012981608596301E-6
2755                      -8.289970815329549E-6
2756                      -7.854506078372388E-6
2757                      -7.82502172614794E-6
2758                      -8.167468210189158E-6
2759                      -8.681857173566414E-6
2760                      -9.05158509808613E-6
2761                      -8.993720037620999E-6
2762                      -8.438380981232174E-6
2763                      -7.491947648690598E-6
2764                      -6.86757202586068E-6
2765                      -6.202637344588841E-6
2766                      -5.540774284702453E-6
2767                      -4.89132636679955E-6
2768                      -4.321014245820691E-6
2769                      -3.920654881218945E-6
2770                      -3.694488627914269E-6
2771                      -3.48349062044126E-6
2772                      -3.0657858877791006E-6
2773                      -2.404577383486697E-6
2774                      -1.6983415728312476E-6
2775                      -1.1162521529270588E-6
2776                      -7.557434315219594E-7
2777                      -5.608358560624257E-7
2778                      -4.307062952304798E-7
2779                      -3.6187122338707223E-7
2780                      -3.2789075903818415E-7
2781                      -2.982124623811738E-7
2782                      -2.554564940206137E-7
2783                      -2.1514026762621942E-7
2784                      -1.8339950475611467E-7
2785                      -1.571262691305329E-7
2786                      -1.2810191021390635E-7
2787                      -9.824235021716978E-8
2788                      -6.801364392527726E-8
2789                      -3.7577052422243856E-8
2790                      -7.095374994402974E-9
2791                      2.3396624143660275E-8
2792                      5.378351284674636E-8
2793                      8.401642659305143E-8
2794                      1.1405490241398099E-7
2795                      1.438838986832721E-7
2796                      1.734908329172993E-7
2797                      2.0286843927112738E-7
2798                      2.320135856644136E-7
2799                      2.6092540285460705E-7
2800                      2.896039425175751E-7
2801                      3.180499475306418E-7
2802                      3.462645630607084E-7
2803                      3.742491333728944E-7
2804                      4.0200511760155386E-7
2805                      4.2953421290227293E-7
2806                      4.5683834966778013E-7
2807                      4.839195472738716E-7
2808                      5.107798858300559E-7
2809                      5.374215777099482E-7
2810                      5.638469023664676E-7
2811                      5.900581116216543E-7
2812                      6.160575768457727E-7
2813                      6.418478266941071E-7
2814                      6.674312926463778E-7
2815                      6.928103951085829E-7
2816                      7.179878737726525E-7
2817                      7.429663857088089E-7
2818                      7.677484891094251E-7
2819                      7.923369733714428E-7
2820                      8.167347375085868E-7
2821                      8.409445871774296E-7
2822                      8.649694139202895E-7
2823                      8.888122852657992E-7
2824                      9.124762768129315E-7
2825                      9.3596447613513E-7
2826                      9.592801198924803E-7
2827                      9.824265455394E-7
2828                      1.0054071100988211E-6
2829                      1.0282252569045032E-6
2830                      1.0508846134614199E-6
2831                      1.073388860009034E-6
2832                      1.09574167875492E-6
2833                      1.1179469815859105E-6
2834                      1.140008846917874E-6
2835                      1.1619313553739517E-6
2836                      1.1837187107751983E-6
2837                      1.2053753636392185E-6
2838                      1.2269058885596324E-6
2839                      1.2483148987660922E-6
2840                      1.2696072720566807E-6
2841                      1.2907880980095505E-6
2842                      1.3118626134256306E-6
2843                      1.3328362382652252E-6
2844                      1.353714613078231E-6
2845                      1.3745036416712119E-6
2846                      1.3952094485798476E-6
2847                      1.415838376366227E-6
2848                      1.436397043076359E-6
2849                      1.4568924031714683E-6
2850                      1.4773317526574426E-6
2851                      1.4977227155029516E-6
2852                      1.5180732509386142E-6
2853                      1.5383916992158528E-6
2854                      1.5586868391892706E-6
2855                      1.5789679661507122E-6
2856                      1.5992448647706407E-6
2857                      1.6195277353572987E-6
2858                      1.6398273460798996E-6
2859                      1.6601551497857336E-6
2860                      1.6805233149335734E-6
2861                      1.700944741507878E-6
2862                      1.7214331686567116E-6
2863                      1.7420031616233861E-6
2864                      1.7626701311576314E-6
2865                      1.7834506653553278E-6
2866                      1.8043625172097647E-6
2867                      1.8254244815809652E-6
2868                      1.846656484815174E-6
2869                      1.868080087419284E-6
2870                      1.8897189162107574E-6
2871                      1.911598440717529E-6
2872                      1.9337452611310974E-6
2873                      1.9561884106617124E-6
2874                      1.978960044749733E-6
2875                      2.002095197524179E-6
2876                      2.0256317199495664E-6
2877                      2.0496106965202634E-6
2878                      2.0740769607791878E-6
2879                      2.0990796592170225E-6
2880                      2.124673847944507E-6
2881                      2.150920290516317E-6
2882                      2.1778848682359856E-6
2883                      2.205639370635317E-6
2884                      2.234264375859142E-6
2885                      2.263852186305838E-6
2886                      2.2945071177818242E-6
2887                      2.3263443408146555E-6
2888                      2.3594917126107824E-6
2889                      2.39409523901341E-6
2890                      2.430323588480015E-6
2891                      2.468365173056064E-6
2892                      2.508438607512408E-6
2893                      2.5508013099741046E-6
2894                      2.595752865597682E-6
2895                      2.643641023092207E-6
2896                      2.694884907945868E-6
2897                      2.749981738771505E-6
2898                      2.809511208697911E-6
2899                      2.874157999860516E-6
2900                      2.944762750451183E-6
2901                      3.022382304948284E-6
2902                      3.108335004029425E-6
2903                      3.2041866946180426E-6
2904                      3.3119292466206803E-6
2905                      3.43438841997142E-6
2906                      3.575056920317891E-6
2907                      3.7381021058354787E-6
2908                      3.929558759086101E-6
2909                      4.157337446966109E-6
2910                      4.431565274444537E-6
2911                      4.765117283540947E-6
2912                      5.173923042765312E-6
2913                      5.675849205159455E-6
2914                      6.286618288564987E-6
2915                      7.010533013649821E-6
2916                      7.823627773012376E-6
2917                      8.65431430596163E-6
2918                      9.377226538854111E-6
2919                      9.835259174062667E-6
2920                      9.880396663896018E-6
2921                      9.401523173614105E-6
2922                      8.323745857205162E-6
2923                      6.596504476369397E-6
2924                      4.194055756065788E-6
2925                      1.1463860876564664E-6
2926                      -2.378719078095933E-6
2927                      -5.954416859368385E-6
2928                      -8.851465682414546E-6
2929                      -1.0224160415146528E-5
2930                      -9.502536496617305E-6
2931                      -6.8395812921233975E-6
2932                      -3.228843648142316E-6
2933                      -2.1932323977791324E-8
2934                      1.8028871825431086E-6
2935                      2.0158866075459117E-6
2936                      1.045653591262032E-6
2937                      -3.6238693219294536E-7
2938                      -1.6144946545480505E-6
2939                      -2.505017119419032E-6
2940                      -2.9996280744082945E-6
2941                      -3.0779659122392284E-6
2942                      -2.814755093430508E-6
2943                      -2.3884545029454027E-6
2944                      -1.8878048169462184E-6
2945                      -1.3621046970697308E-6
2946                      -8.768949811949721E-7
2947                      -4.978499056907933E-7
2948                      -2.4258213618795705E-7
2949                      -8.190823075979322E-8
2950                      1.8532949889022804E-8
2951                      7.572742382565471E-8
2952                      1.0087093735067343E-7
2953                      1.1056885421403267E-7
2954                      1.172318591616706E-7
2955                      1.2255879833481364E-7
2956                      1.2474583913556995E-7
2957                      1.2497192860598123E-7
2958                      1.252453533570936E-7
2959                      1.2565614496067053E-7
2960                      1.2607946803010948E-7
2961                      1.2649073235211522E-7
2962                      1.268875243705774E-7
2963                      1.272766269714453E-7
2964                      1.2765457718728781E-7
2965                      1.2802401803390924E-7
2966                      1.2838637471087772E-7
2967                      1.287432010451863E-7
2968                      1.2909550859035356E-7
2969                      1.2944405126923345E-7
2970                      1.297892164212717E-7
2971                      1.3013142701330562E-7
2972                      1.3047094098725406E-7
2973                      1.308078781446551E-7
2974                      1.3114229483763152E-7
2975                      1.3147422932566208E-7
2976                      1.318037174614051E-7
2977                      1.3213079448169882E-7
2978                      1.3245549388466008E-7
2979                      1.3277784653993705E-7
2980                      1.3309788106208485E-7
2981                      1.3341562456635608E-7
2982                      1.3373110333570197E-7
2983                      1.3404434315123046E-7
2984                      1.343553693856678E-7
2985                      1.3466420702079384E-7
2986                      1.3497088069447957E-7
2987                      1.3527541476639305E-7
2988                      1.3557783335885692E-7
2989                      1.3587816039706556E-7
2990                      1.3617641961426213E-7
2991                      1.3647263455527237E-7
2992                      1.3676682856531027E-7
2993                      1.3705902479996962E-7
2994                      1.373492462435538E-7
2995                      1.3763751570981106E-7
2996                      1.3792385582375713E-7
2997                      1.3820828902264765E-7
2998                      1.384908375807759E-7
2999                      1.387715236155816E-7
3000                      1.3905036902492302E-7
3001                      1.3932739548289946E-7
3002                      1.3960262461828714E-7
3003                      1.3987607794668856E-7
3004                      1.4014777642577575E-7
3005                      1.4041774087874919E-7
3006                      1.4068599289449325E-7
3007                      1.4095255324019922E-7
3008                      1.4121744075241955E-7
3009                      1.4148067659823993E-7
3010                      1.4174228294375364E-7
3011                      1.4200227771272336E-7
3012                      1.4226067883595225E-7
3013                      1.4251750957567218E-7
3014                      1.4277279195371316E-7
3015                      1.4302653589878873E-7
3016                      1.4327876182450812E-7
3017                      1.4352950196400878E-7
3018                      1.4377876810030846E-7
3019                      1.4402656265300758E-7
3020                      1.4427292002068334E-7
3021                      1.4451787089684174E-7
3022                      1.4476141315833033E-7
3023                      1.4500356134711578E-7
3024                      1.4524434778510122E-7
3025                      1.4548378917888328E-7
3026                      1.457218933658647E-7
3027                      1.4595867770758833E-7
3028                      1.4619417329707172E-7
3029                      1.4642839246549168E-7
3030                      1.466613317540095E-7
3031                      1.4689302068806594E-7
3032                      1.471235036942342E-7
3033                      1.4735277013789024E-7
3034                      1.4758080780120044E-7
3035                      1.478076693319347E-7
3036                      1.4803338789093825E-7
3037                      1.4825794832622484E-7
3038                      1.484813550509005E-7
3039                      1.4870364912939016E-7
3040                      1.4892486201651306E-7
3041                      1.4914496614802138E-7
3042                      1.4936395795367462E-7
3043                      1.4958192753841183E-7
3044                      1.497989113792122E-7
3045                      1.500147881398783E-7
3046                      1.5022960346588398E-7
3047                      1.5044348469644918E-7
3048                      1.506564199764601E-7
3049                      1.508683178197397E-7
3050                      1.5107918069849766E-7
3051                      1.512892089308879E-7
3052                      1.514983668987413E-7
3053                      1.5170649398108894E-7
3054                      1.5191364488506147E-7
3055                      1.5212000759603171E-7
3056                      1.5232562274064242E-7
3057                      1.5253017793882962E-7
3058                      1.5273374467495465E-7
3059                      1.5293666220370894E-7
3060                      1.5313890795126296E-7
3061                      1.5334014707193335E-7
3062                      1.5354026898319376E-7
3063                      1.5373996275743107E-7
3064                      1.5393921602220442E-7
3065                      1.54137332836984E-7
3066                      1.5433426376471557E-7
3067                      1.5453079425862422E-7
3068                      1.5472741702247455E-7
3069                      1.5492257529034027E-7
3070                      1.551160610613499E-7
3071                      1.5530954790516908E-7
3072                      1.5550358037105157E-7
3073                      1.556963463824787E-7
3074                      1.5588611352577747E-7
3075                      1.56076699216441E-7
3076                      1.5626943221437108E-7
3077                      1.564603337174116E-7
3078                      1.5664697627680068E-7
3079                      1.5683362682269402E-7
3080                      1.570234794077952E-7
3081                      1.5721226668440705E-7
3082                      1.5739841016011498E-7
3083                      1.5758363361900682E-7
3084                      1.5776933104640748E-7
3085                      1.5795530455835785E-7
3086                      1.5813972191215856E-7
3087                      1.5832241123371663E-7
3088                      1.5850552036669068E-7
3089                      1.5868986512364546E-7
3090                      1.5887302456726628E-7
3091                      1.5905378595398383E-7
3092                      1.5923432257171832E-7
3093                      1.5941556542213087E-7
3094                      1.595965746461792E-7
3095                      1.597765090346165E-7
3096                      1.5995537466556489E-7
3097                      1.6013436062154312E-7
3098                      1.6031383066111298E-7
3099                      1.604924477827997E-7
3100                      1.606692755795997E-7
3101                      1.6084573290768187E-7
3102                      1.610233953888763E-7
3103                      1.6120082803556975E-7
3104                      1.61376941029619E-7
3105                      1.6155216511795387E-7
3106                      1.6172743549418122E-7
3107                      1.619030811569397E-7
3108                      1.6207813005981638E-7
3109                      1.6225177360032993E-7
3110                      1.6242496309239642E-7
3111                      1.625992361848981E-7
3112                      1.6277400416736152E-7
3113                      1.6294688508154248E-7
3114                      1.63116564054458E-7
3115                      1.6328807906014214E-7
3116                      1.6346428274196024E-7
3117                      1.6363971752910377E-7
3118                      1.6380747065026996E-7
3119                      1.6397169499272818E-7
3120                      1.6414471138451985E-7
3121                      1.643216320501494E-7
3122                      1.644941979486302E-7
3123                      1.6466098223242712E-7
3124                      1.6482798464565464E-7
3125                      1.6499860923808872E-7
3126                      1.651727151691973E-7
3127                      1.653431045523574E-7
3128                      1.6550623940902948E-7
3129                      1.6567001126599938E-7
3130                      1.6584271866457307E-7
3131                      1.6601777126316293E-7
3132                      1.66187114569444E-7
3133                      1.663509357594525E-7
3134                      1.665157891813917E-7
3135                      1.6668506031957795E-7
3136                      1.6685807448642074E-7
3137                      1.6702675418137655E-7
3138                      1.6718695087917716E-7
3139                      1.6734753660448393E-7
3140                      1.675190068833082E-7
3141                      1.6769456265577933E-7
3142                      1.67863796166016E-7
3143                      1.680251963251889E-7
3144                      1.6818658596845965E-7
3145                      1.6835392522848247E-7
3146                      1.6852843474771725E-7
3147                      1.6869901893685593E-7
3148                      1.6885958301128228E-7
3149                      1.6901767362120088E-7
3150                      1.6918268971363902E-7
3151                      1.6935457717604764E-7
3152                      1.6952556530645918E-7
3153                      1.6969011040356901E-7
3154                      1.698475025437801E-7
3155                      1.7000890202505054E-7
3156                      1.701804601519081E-7
3157                      1.7035499033396612E-7
3158                      1.70522507586206E-7
3159                      1.7068208576407712E-7
3160                      1.7084152682299097E-7
3161                      1.7100777124399468E-7
3162                      1.7118328586754934E-7
3163                      1.7135626721751005E-7
3164                      1.7151631752936062E-7
3165                      1.7167011114014677E-7
3166                      1.7183084265295108E-7
3167                      1.7200315065680967E-7
3168                      1.7217880714312454E-7
3169                      1.7234691199998894E-7
3170                      1.7250003076698658E-7
3171                      1.726511791461658E-7
3172                      1.7282158693966152E-7
3173                      1.7300643177345036E-7
3174                      1.7318578618020053E-7
3175                      1.733336836078105E-7
3176                      1.7350013681102788E-7
3177                      1.7366615236012766E-7
3178                      1.73832185753081E-7
3179                      1.7399870371408478E-7
3180                      1.7416536224061441E-7
3181                      1.7433215796761978E-7
3182                      1.7449903589266576E-7
3183                      1.7466603352971336E-7
3184                      1.7483316359214943E-7
3185                      1.750004284240631E-7
3186                      1.7516782427132476E-7
3187                      1.7533535938767584E-7
3188                      1.7550305157740161E-7
3189                      1.756708971234945E-7
3190                      1.7583890620373468E-7
3191                      1.7600708560234108E-7
3192                      1.7617544152642363E-7
3193                      1.7634398072363485E-7
3194                      1.7651270983537371E-7
3195                      1.766816354018747E-7
3196                      1.7685076406559896E-7
3197                      1.770201025531045E-7
3198                      1.7718965754092354E-7
3199                      1.7735943574984577E-7
3200                      1.7752944410142634E-7
3201                      1.7769968953992256E-7
3202                      1.7787017893100573E-7
3203                      1.7804091929804095E-7
3204                      1.782119180056138E-7
3205                      1.2121039668170463E-7
3206                      -3.865200378994272E-8
3207                      2.145277693629702E-8
3208                      6.487923238931588E-8
3209                      9.323228879883639E-8
3210                      1.1187962835423505E-7
3211                      1.2550701438216193E-7
3212                      1.3550613152247715E-7
3213                      1.4354884696600543E-7
3214                      1.495010097774354E-7
3215                      1.5368522813192633E-7
3216                      1.5650195431572835E-7
3217                      1.5829607119267932E-7
3218                      1.5933502337935895E-7
3219                      1.5981882309319472E-7
3220                      1.5989550701052508E-7
3221                      1.5967463366686578E-7
3222                      1.592375600119279E-7
3223                      1.5865153973995309E-7
3224                      1.5795317932814956E-7
3225                      1.5717685771281652E-7
3226                      1.5634790986364128E-7
3227                      1.5548593441356515E-7
3228                      1.5460551223142195E-7
3229                      1.5371752853205015E-7
3230                      1.528300255840017E-7
3231                      1.519488842068743E-7
3232                      1.5107733662085405E-7
3233                      1.502193083608496E-7
3234                      1.4937747827412066E-7
3235                      1.485533184787354E-7
3236                      1.47747560770418E-7
3237                      1.4696055149203315E-7
3238                      1.4619242586997856E-7
3239                      1.4544317864079488E-7
3240                      1.4471269660019565E-7
3241                      1.440007928126986E-7
3242                      1.4330719817249406E-7
3243                      1.426315995283301E-7
3244                      1.4197365749325113E-7
3245                      1.413330188945184E-7
3246                      1.4070932147014015E-7
3247                      1.4010219775478425E-7
3248                      1.395112786183702E-7
3249                      1.3893619651401693E-7
3250                      1.3837658983896825E-7
3251                      1.3783210385080125E-7
3252                      1.373023913479292E-7
3253                      1.3678711330881662E-7
3254                      1.3628593994172085E-7
3255                      1.3579854950420585E-7
3256                      1.353246288785148E-7
3257                      1.3486387595965075E-7
3258                      1.3441599822398912E-7
3259                      1.3398070772781254E-7
3260                      1.3355772456909035E-7
3261                      1.3314678562612107E-7
3262                      1.3274763253653905E-7
3263                      1.3236000337807873E-7
3264                      1.319836495781136E-7
3265                      1.3161834648725315E-7
3266                      1.3126386492702855E-7
3267                      1.3091995720318982E-7
3268                      1.3058640516382103E-7
3269                      1.3026303408226447E-7
3270                      1.299496302145569E-7
3271                      1.296459320333127E-7
3272                      1.2935176769422908E-7
3273                      1.290670367701931E-7
3274                      1.2879149790984924E-7
3275                      1.2852490010743493E-7
3276                      1.2826712180952438E-7
3277                      1.280180559842178E-7
3278                      1.2777748741236617E-7
3279                      1.275451993358835E-7
3280                      1.273210833868179E-7
3281                      1.2710504036950678E-7
3282                      1.2689687588139135E-7
3283                      1.2669639230663909E-7
3284                      1.2650349256475746E-7
3285                      1.2631809477680857E-7
3286                      1.2614002404021953E-7
3287                      1.259690899724397E-7
3288                      1.2580520326163413E-7
3289                      1.256483072473058E-7
3290                      1.2549824855157124E-7
3291                      1.2535483271574723E-7
3292                      1.2521794430894845E-7
3293                      1.2508762657983353E-7
3294                      1.249637958831061E-7
3295                      1.248460456172525E-7
3296                      1.2473427795884763E-7
3297                      1.2462873007772996E-7
3298                      1.2452938303593347E-7
3299                      1.2443575362835828E-7
3300                      1.2434737715287847E-7
3301                      1.2426484859464867E-7
3302                      1.2418869183308419E-7
3303                      1.2411802363349007E-7
3304                      1.2405174508025042E-7
3305                      1.2399044641791024E-7
3306                      1.2393556418011778E-7
3307                      1.2388723080752504E-7
3308                      1.2384220055276202E-7
3309                      1.2379980408135425E-7
3310                      1.237637549757828E-7
3311                      1.2373639450589198E-7
3312                      1.2371357464162458E-7
3313                      1.236902047666976E-7
3314                      1.2366949197347522E-7
3315                      1.2365989714822217E-7
3316                      1.2365706173488765E-7
3317                      1.2365559105549138E-7
3318                      1.236551766422096E-7
3319                      1.2365993240416273E-7
3320                      1.236714742685203E-7
3321                      1.236890914895195E-7
3322                      1.2370828681582398E-7
3323                      1.2372775999911325E-7
3324                      1.237528043657487E-7
3325                      1.2378716163410146E-7
3326                      1.2382602152484346E-7
3327                      1.2386521134057999E-7
3328                      1.2390559688888587E-7
3329                      1.239511162719858E-7
3330                      1.2400319699920511E-7
3331                      1.2406088355082625E-7
3332                      1.2411936141215314E-7
3333                      1.2417852082732632E-7
3334                      1.242421468533677E-7
3335                      1.2431242390608944E-7
3336                      1.2438764758038423E-7
3337                      1.2446481921567047E-7
3338                      1.245432020737224E-7
3339                      1.2462401646921848E-7
3340                      1.2471109414325917E-7
3341                      1.2480550627675226E-7
3342                      1.249021428902958E-7
3343                      1.2499551588190233E-7
3344                      1.2509039968160602E-7
3345                      1.2519250396953477E-7
3346                      1.253034005184671E-7
3347                      1.2541998380259068E-7
3348                      1.2553287089674014E-7
3349                      1.256416089207539E-7
3350                      1.2575553615818276E-7
3351                      1.2588092168196112E-7
3352                      1.2601547545767187E-7
3353                      1.261502787796735E-7
3354                      1.2627941394588395E-7
3355                      1.264089113172367E-7
3356                      1.265482501529232E-7
3357                      1.26690301028702E-7
3358                      1.2683525196289548E-7
3359                      1.2698341420864284E-7
3360                      1.271346895927045E-7
3361                      1.272888361111775E-7
3362                      1.2744592156103298E-7
3363                      1.2760602974615218E-7
3364                      1.277692162297687E-7
3365                      1.279354536902114E-7
3366                      1.2810472427445506E-7
3367                      1.2827708922763704E-7
3368                      1.2845251854941568E-7
3369                      1.286310345169574E-7
3370                      1.2881264890367115E-7
3371                      1.2899737102676015E-7
3372                      1.2918521771108376E-7
3373                      1.2937620792667667E-7
3374                      1.2957036098588668E-7
3375                      1.2976769664240983E-7
3376                      1.2996824011623877E-7
3377                      1.3017202035828877E-7
3378                      1.3037906399098834E-7
3379                      1.3058940042088533E-7
3380                      1.3080307011992885E-7
3381                      1.310201127497726E-7
3382                      1.3124056553861574E-7
3383                      1.3146447274738228E-7
3384                      1.3169188847615126E-7
3385                      1.3192286746928548E-7
3386                      1.321574612387582E-7
3387                      1.3239572784196605E-7
3388                      1.32637739309361E-7
3389                      1.3288357815289577E-7
3390                      1.3313330908841167E-7
3391                      1.3338697707029182E-7
3392                      1.3364466700766672E-7
3393                      1.3390654638119651E-7
3394                      1.34172758945376E-7
3395                      1.3444323382826053E-7
3396                      1.3471788602732913E-7
3397                      1.3499686175731768E-7
3398                      1.3528051651218076E-7
3399                      1.3556906619329825E-7
3400                      1.3586227294323745E-7
3401                      1.3615926175620475E-7
3402                      1.3645885253689576E-7
3403                      1.367597953515162E-7
3404                      1.370594470555534E-7
3405                      1.3735008855490902E-7
3406                      1.376114556330969E-7
3407                      1.3798184037294307E-7
3408                      1.3854729913132926E-7
3409                      1.3902160709841082E-7
3410                      1.3917073848501257E-7
3411                      1.394470118946119E-7
3412                      1.3995092361616935E-7
3413                      1.406338943460531E-7
3414                      1.4112724892356064E-7
3415                      -1.0183043578884432E-7
3416                      1.5110868079297473E-7
3417                      3.0337441944003953E-7
3418                      4.2197083090933794E-7
3419                      5.232400756207076E-7
3420                      6.1808929706736E-7
3421                      7.107469012971294E-7
3422                      8.048824016489464E-7
3423                      9.042344967712747E-7
3424                      1.0095880684995224E-6
3425                      1.126113132345901E-6
3426                      1.2597657217283804E-6
3427                      1.4180134299463358E-6
3428                      1.6084304491401233E-6
3429                      1.8422693335189836E-6
3430                      2.1315676284008786E-6
3431                      2.485151239195215E-6
3432                      2.9035925001615393E-6
3433                      3.3782749228771397E-6
3434                      3.898268382769217E-6
3435                      4.474064892108981E-6
3436                      5.066864311339535E-6
3437                      5.5220704950854625E-6
3438                      5.732716090291643E-6
3439                      5.773489642974638E-6
3440                      5.871765574878962E-6
3441                      6.26765603715916E-6
3442                      7.191031870309464E-6
3443                      9.160412083086296E-6
3444                      1.276758229093328E-5
3445                      1.7896606022271204E-5
3446                      2.326780056468756E-5
3447                      2.5950935310850316E-5
3448                      2.3869420225642625E-5
3449                      1.8614814023947717E-5
3450                      1.480682286185116E-5
3451                      1.4723238110374748E-5
3452                      1.624756677343325E-5
3453                      1.622535125113812E-5
3454                      1.4476530976391085E-5
3455                      1.2976225430354823E-5
3456                      1.388750176678895E-5
3457                      1.381978783735648E-5
3458                      9.167426979866857E-6
3459                      5.444327553060397E-6
3460                      8.343727778631398E-6
3461                      1.793404448407294E-5
3462                      2.587218068163797E-5
3463                      2.267730468557866E-5
3464                      1.1751572753043618E-5
3465                      2.340658132194502E-6
3466                      1.2675511716307968E-6
3467                      7.467123778374203E-6
3468                      1.654927227510549E-5
3469                      1.985249659028094E-5
3470                      1.2131170179841542E-5
3471                      -1.0816857154216718E-6
3472                      -8.613924262186189E-6
3473                      -4.347937200539862E-6
3474                      5.3560198384904094E-6
3475                      1.1841501376860667E-5
3476                      1.2235056397250782E-5
3477                      6.7978747517595355E-6
3478                      7.353595842926792E-7
3479                      -1.894293570383002E-6
3480                      -2.3591465599162813E-6
3481                      -2.386861934885757E-6
3482                      -2.2437147340622032E-6
3483                      -2.0417534205425395E-6
3484                      -1.7458020063218693E-6
3485                      -1.29958014574867E-6
3486                      -7.636928487685709E-7
3487                      -3.39869138331358E-7
3488                      -3.065353175020437E-7
3489                      -5.424495077592848E-7
3490                      -5.032285235583175E-7
3491                      -1.9528280243498756E-7
3492                      -7.028578660966828E-7
3493                      -3.146340658571637E-6
3494                      -5.907769733373973E-6
3495                      -6.522556148493214E-6
3496                      -4.886718054393431E-6
3497                      -2.8803912870020124E-6
3498                      -2.5523295524551952E-6
3499                      -4.255278912676096E-6
3500                      -6.378029145786396E-6
3501                      -7.998891123614678E-6
3502                      -1.1252838283612346E-5
3503                      -1.8738058351286174E-5
3504                      -2.935971237920474E-5
3505                      -3.865382088748216E-5
3506                      -4.314858832214037E-5
3507                      -4.254610247694237E-5
3508                      -3.781160521174184E-5
3509                      -2.774321992900404E-5
3510                      -1.0538123592139384E-5
3511                      1.4955968241045048E-5
3512                      4.7295689592016885E-5
3513                      7.973189136594415E-5
3514                      1.065096787190899E-4
3515                      1.253811455881708E-4
3516                      1.3627212572774397E-4
3517                      1.3905573206036796E-4
3518                      1.325738111378847E-4
3519                      1.1593882889221994E-4
3520                      9.240926498745982E-5
3521                      7.340229707243498E-5
3522                      6.379421231611222E-5
3523                      6.975262866170502E-5
3524                      6.707207742132244E-5
3525                      5.20554343817508E-5
3526                      4.941257332625261E-5
3527                      5.6505291193195826E-5
3528                      5.373886205356811E-5
3529                      3.3211275155111916E-5
3530                      1.5071602512050416E-5
3531                      3.604356625771382E-6
3532                      -2.9316305442740912E-6
3533                      -6.179256688610102E-6
3534                      -1.0135225716608121E-5
3535                      -8.953676131745014E-6
3536                      -6.909909660302526E-6
3537                      -6.269836448610371E-6
3538                      -6.038322161525429E-6
3539                      -5.960159611716805E-6
3540                      -6.0085195131284535E-6
3541                      -6.1853780108101495E-6
3542                      -6.505980725112875E-6
3543                      -6.9952162933266295E-6
3544                      -7.670741119055813E-6
3545                      -8.521888744714726E-6
3546                      -9.458465096841469E-6
3547                      -1.0291062381644663E-5
3548                      -1.0789040593956075E-5
3549                      -1.0852569694637653E-5
3550                      -1.0601396390572115E-5
3551                      -1.0214201892135694E-5
3552                      -9.818539536183071E-6
3553                      -9.466315104781969E-6
3554                      -9.161127902805469E-6
3555                      -8.867999970970254E-6
3556                      -8.575296209174571E-6
3557                      -8.389495622441908E-6
3558                      -8.423890274719583E-6
3559                      -8.556762818486387E-6
3560                      -8.446079948373558E-6
3561                      -7.774197002835103E-6
3562                      -7.496927771234442E-6
3563                      -7.280212623570956E-6
3564                      -7.230767449709438E-6
3565                      -7.163102366336489E-6
3566                      -6.7479966769035875E-6
3567                      -5.79314327459327E-6
3568                      -4.503144206100261E-6
3569                      -3.383076748328048E-6
3570                      -2.8009763666479455E-6
3571                      -2.5767984880271263E-6
3572                      -2.3760139192703644E-6
3573                      -1.986189079059163E-6
3574                      -1.5447490922113538E-6
3575                      -1.1065378649184967E-6
3576                      -8.051871064378838E-7
3577                      -6.47724561517002E-7
3578                      -5.676541265075747E-7
3579                      -5.229088933763593E-7
3580                      -4.916073108241132E-7
3581                      -4.6517463767749805E-7
3582                      -4.379412541384158E-7
3583                      -4.096863207448808E-7
3584                      -3.809330289870585E-7
3585                      -3.518616548213026E-7
3586                      -3.225846727922515E-7
3587                      -2.931415054289213E-7
3588                      -2.635893073376093E-7
3589                      -2.340244741771589E-7
3590                      -2.0450287690577316E-7
3591                      -1.7509585098391284E-7
3592                      -1.4585178223497494E-7
3593                      -1.1680012639334698E-7
3594                      -8.795887045824136E-8
3595                      -5.9339823864435815E-8
3596                      -3.094904551839933E-8
3597                      -2.789784552160871E-9
3598                      2.513579316264442E-8
3599                      5.2826071606293444E-8
3600                      8.028048689773172E-8
3601                      1.0749953362840117E-7
3602                      1.3448427814707973E-7
3603                      1.6123616065213757E-7
3604                      1.8775700131988147E-7
3605                      2.140487208934441E-7
3606                      2.401131924888812E-7
3607                      2.659527096595337E-7
3608                      2.915697614684073E-7
3609                      3.16966674744512E-7
3610                      3.4214586402652315E-7
3611                      3.6710997916784057E-7
3612                      3.918616802472052E-7
3613                      4.164035123342273E-7
3614                      4.407382447683928E-7
3615                      4.6486876744954186E-7
3616                      4.887978698201795E-7
3617                      5.125284103258689E-7
3618                      5.360634181625498E-7
3619                      5.594059463947778E-7
3620                      5.825589836201765E-7
3621                      6.055257150163585E-7
3622                      6.283094766215566E-7
3623                      6.509134857318294E-7
3624                      6.733410452629382E-7
3625                      6.955956909885264E-7
3626                      7.176809813990646E-7
3627                      7.396004651703103E-7
3628                      7.61357863391293E-7
3629                      7.829570405220747E-7
3630                      8.044018854423793E-7
3631                      8.256963708059016E-7
3632                      8.46844694511357E-7
3633                      8.678511456038709E-7
3634                      8.887199983850997E-7
3635                      9.094557819631162E-7
3636                      9.300632558797208E-7
3637                      9.505472074818917E-7
3638                      9.709125343840069E-7
3639                      9.91164416656374E-7
3640                      1.0113082109307705E-6
3641                      1.031349399576909E-6
3642                      1.0512937128612975E-6
3643                      1.0711471389071006E-6
3644                      1.0909158709507667E-6
3645                      1.1106063140569662E-6
3646                      1.1302251922057957E-6
3647                      1.1497795250189961E-6
3648                      1.1692765745320908E-6
3649                      1.1887238818008043E-6
3650                      1.2081294087992072E-6
3651                      1.2275015895945056E-6
3652                      1.2468492162317536E-6
3653                      1.2661813915495514E-6
3654                      1.2855077491754805E-6
3655                      1.3048385470427294E-6
3656                      1.324184513751408E-6
3657                      1.3435568861253387E-6
3658                      1.3629676792193795E-6
3659                      1.3824296105726698E-6
3660                      1.4019557635598846E-6
3661                      1.4215603403345829E-6
3662                      1.4412588047966465E-6
3663                      1.4610673922445407E-6
3664                      1.4810031300976163E-6
3665                      1.501084294840542E-6
3666                      1.5213305545047764E-6
3667                      1.5417629231320495E-6
3668                      1.5624042481326858E-6
3669                      1.5832791080329383E-6
3670                      1.6044135329267131E-6
3671                      1.6258351484647735E-6
3672                      1.6475742123252507E-6
3673                      1.6696645949830236E-6
3674                      1.6921431954090046E-6
3675                      1.7150481418346685E-6
3676                      1.7384213247968446E-6
3677                      1.7623102252837766E-6
3678                      1.7867672993553596E-6
3679                      1.8118495354192254E-6
3680                      1.8376194418227355E-6
3681                      1.864146109138156E-6
3682                      1.8915059442942584E-6
3683                      1.91978410978118E-6
3684                      1.949076450600236E-6
3685                      1.979493142436218E-6
3686                      2.011157185727086E-6
3687                      2.0442032336732676E-6
3688                      2.078782212480961E-6
3689                      2.115069618659649E-6
3690                      2.1532706267499233E-6
3691                      2.1936219582834434E-6
3692                      2.236387551212229E-6
3693                      2.281876924576005E-6
3694                      2.330457064305213E-6
3695                      2.382566409983442E-6
3696                      2.438729248441777E-6
3697                      2.499589438670756E-6
3698                      2.565915113415953E-6
3699                      2.6386122141148908E-6
3700                      2.718781943659003E-6
3701                      2.8078131003990653E-6
3702                      2.9074772259845237E-6
3703                      3.020061382925335E-6
3704                      3.148494481560127E-6
3705                      3.2965250123021436E-6
3706                      3.4690171744979452E-6
3707                      3.6724518330341914E-6
3708                      3.9154403512599E-6
3709                      4.209230752135529E-6
3710                      4.568197804947668E-6
3711                      5.009815116956561E-6
3712                      5.552801905927102E-6
3713                      6.211473338400063E-6
3714                      6.9838059540415395E-6
3715                      7.832889279721329E-6
3716                      8.670142721658802E-6
3717                      9.357272530161618E-6
3718                      9.735266572642379E-6
3719                      9.662844207163529E-6
3720                      9.035716621343467E-6
3721                      7.78113544481415E-6
3722                      5.849239660106028E-6
3723                      3.216572127398955E-6
3724                      -7.991809524240555E-8
3725                      -3.853994806908025E-6
3726                      -7.655924155874623E-6
3727                      -1.075725004227434E-5
3728                      -1.2313856405014086E-5
3729                      -1.1705686931208189E-5
3730                      -8.94114938449278E-6
3731                      -4.844795473231064E-6
3732                      -6.837032205759749E-7
3733                      2.404543216049412E-6
3734                      3.614750892655112E-6
3735                      2.838185821908766E-6
3736                      8.749735575522754E-7
3737                      -1.1118798288452334E-6
3738                      -2.4513157867486865E-6
3739                      -2.9955997865843253E-6
3740                      -3.039577132937939E-6
3741                      -2.781327851062907E-6
3742                      -2.350851546408097E-6
3743                      -1.834936774325899E-6
3744                      -1.3049390663427121E-6
3745                      -8.381512994410826E-7
3746                      -4.947651383908501E-7
3747                      -2.7278759189020425E-7
3748                      -1.3381681529393738E-7
3749                      -4.428123121640669E-8
3750                      7.397108455881832E-9
3751                      3.2272502778486046E-8
3752                      4.024804023775266E-8
3753                      4.192678395288055E-8
3754                      4.289312392657843E-8
3755                      4.428679005550129E-8
3756                      4.5529053643729016E-8
3757                      4.6429833333411864E-8
3758                      4.7082388174178775E-8
3759                      4.760334986833196E-8
3760                      4.8055569999357094E-8
3761                      4.848193258295236E-8
3762                      4.889775612995474E-8
3763                      4.931123904674468E-8
3764                      4.97177550718545E-8
3765                      5.011796721468242E-8
3766                      5.051339787493758E-8
3767                      5.09044412007876E-8
3768                      5.1291831839018695E-8
3769                      5.167608394371882E-8
3770                      5.205754404778625E-8
3771                      5.2436270796590634E-8
3772                      5.281234608369982E-8
3773                      5.318583442562796E-8
3774                      5.355678223533533E-8
3775                      5.392520666271496E-8
3776                      5.4291157243713885E-8
3777                      5.465467494258355E-8
3778                      5.501579145734327E-8
3779                      5.537453281494721E-8
3780                      5.573093287074323E-8
3781                      5.6085020020697735E-8
3782                      5.6436820727576896E-8
3783                      5.678636168569181E-8
3784                      5.7133671282301376E-8
3785                      5.747877577522029E-8
3786                      5.782170122937012E-8
3787                      5.816247390989408E-8
3788                      5.8501120135898165E-8
3789                      5.883766533109323E-8
3790                      5.917213468765198E-8
3791                      5.950455401313687E-8
3792                      5.98349483917273E-8
3793                      6.016334198531592E-8
3794                      6.048975958565584E-8
3795                      6.081422665933474E-8
3796                      6.113676678039083E-8
3797                      6.145740312078597E-8
3798                      6.177616056944152E-8
3799                      6.209306305629523E-8
3800                      6.240813338104814E-8
3801                      6.272139474638568E-8
3802                      6.303287085211015E-8
3803                      6.334258451243396E-8
3804                      6.365055760250473E-8
3805                      6.395681289097127E-8
3806                      6.426137387999261E-8
3807                      6.456426203508108E-8
3808                      6.486549729628672E-8
3809                      6.516510242745397E-8
3810                      6.546310166325256E-8
3811                      6.575951474722087E-8
3812                      6.605436012708938E-8
3813                      6.634765984683632E-8
3814                      6.663943749757271E-8
3815                      6.692971402314703E-8
3816                      6.721850443862094E-8
3817                      6.75058272388877E-8
3818                      6.77917128731453E-8
3819                      6.807618618244756E-8
3820                      6.835924620854272E-8
3821                      6.864088906297357E-8
3822                      6.892118993891144E-8
3823                      6.920022233327641E-8
3824                      6.947789507262111E-8
3825                      6.975414515662714E-8
3826                      7.002912297249435E-8
3827                      7.030296687403546E-8
3828                      7.057556642099178E-8
3829                      7.084677578882164E-8
3830                      7.111672805610466E-8
3831                      7.13856559149108E-8
3832                      7.165341778186688E-8
3833                      7.191992984609177E-8
3834                      7.21852704007178E-8
3835                      7.244951565366854E-8
3836                      7.271268439818597E-8
3837                      7.297471877955487E-8
3838                      7.323562032606325E-8
3839                      7.349548748060189E-8
3840                      7.375437838049009E-8
3841                      7.401222091507205E-8
3842                      7.42689090133764E-8
3843                      7.452459725112331E-8
3844                      7.477952308490918E-8
3845                      7.503354352780014E-8
3846                      7.5286342592966E-8
3847                      7.553803015717845E-8
3848                      7.578907043747106E-8
3849                      7.603968833918732E-8
3850                      7.628899162093105E-8
3851                      7.653663874097273E-8
3852                      7.67837117336192E-8
3853                      7.703105291218741E-8
3854                      7.727759916526273E-8
3855                      7.752202529350905E-8
3856                      7.776548508966222E-8
3857                      7.800888339866714E-8
3858                      7.825187000803311E-8
3859                      7.849378199922821E-8
3860                      7.873438653393039E-8
3861                      7.897443155063802E-8
3862                      7.921453978526342E-8
3863                      7.945398529182751E-8
3864                      7.969166291651325E-8
3865                      7.992809999121176E-8
3866                      8.016514713401796E-8
3867                      8.040206480672347E-8
3868                      8.063771042857105E-8
3869                      8.087209300271795E-8
3870                      8.11059811989125E-8
3871                      8.133970653443904E-8
3872                      8.157311282254784E-8
3873                      8.180545817397538E-8
3874                      8.203659538720258E-8
3875                      8.226750572161131E-8
3876                      8.249891103793736E-8
3877                      8.272982807694051E-8
3878                      8.295889303292222E-8
3879                      8.31870596324855E-8
3880                      8.341546095292528E-8
3881                      8.364400374106742E-8
3882                      8.387185020411494E-8
3883                      8.40986654375428E-8
3884                      8.432488031051786E-8
3885                      8.455095534879215E-8
3886                      8.47770285553577E-8
3887                      8.500246299292068E-8
3888                      8.522670175527538E-8
3889                      8.545035504943272E-8
3890                      8.567462686221342E-8
3891                      8.589983327261504E-8
3892                      8.612341572312879E-8
3893                      8.634377809662582E-8
3894                      8.656381006946512E-8
3895                      8.678780570755656E-8
3896                      8.7014300826295E-8
3897                      8.723527525503224E-8
3898                      8.745209252240574E-8
3899                      8.767032620042849E-8
3900                      8.789235768850962E-8
3901                      8.811689229214074E-8
3902                      8.833719793702914E-8
3903                      8.855019627193109E-8
3904                      8.876399150464553E-8
3905                      8.898907467941051E-8
3906                      8.922066279082693E-8
3907                      8.943803120511405E-8
3908                      8.964431802252175E-8
3909                      8.985465783516679E-8
3910                      9.007670419717358E-8
3911                      9.03030905187414E-8
3912                      9.052267460738541E-8
3913                      9.073392359612586E-8
3914                      9.094485364964655E-8
3915                      9.11621883016239E-8
3916                      9.138767739539727E-8
3917                      9.16097208931486E-8
3918                      9.181983307913317E-8
3919                      9.202591970708683E-8
3920                      9.223928309245029E-8
3921                      9.246137997477837E-8
3922                      9.268363104444509E-8
3923                      9.289845001926204E-8
3924                      9.310326768116367E-8
3925                      9.331071051112987E-8
3926                      9.353200171962857E-8
3927                      9.375929203145456E-8
3928                      9.397868372686453E-8
3929                      9.418632685821509E-8
3930                      9.439149726335214E-8
3931                      9.460493542518737E-8
3932                      9.483269875647766E-8
3933                      9.506054821600927E-8
3934                      9.526908335632001E-8
3935                      9.546539529313959E-8
3936                      9.566946741098301E-8
3937                      9.589144417154375E-8
3938                      9.612907760505357E-8
3939                      9.635385013995835E-8
3940                      9.653995839024941E-8
3941                      9.670959862299162E-8
3942                      9.695415777164333E-8
3943                      9.722051314793587E-8
3944                      9.742077617820566E-8
3945                      9.75917358975482E-8
3946                      9.781050267429616E-8
3947                      9.803874868228346E-8
3948                      9.826180586085633E-8
3949                      9.847696598534853E-8
3950                      9.868633809785411E-8
3951                      9.889683420444937E-8
3952                      9.911293832818097E-8
3953                      9.933348312669968E-8
3954                      9.95527317345652E-8
3955                      9.976387528603351E-8
3956                      9.996845082279468E-8
3957                      1.0017980919450358E-7
3958                      1.00410164289847E-7
3959                      1.0065008583574097E-7
3960                      1.0086780735012188E-7
3961                      1.0105989395075876E-7
3962                      1.012491898296133E-7
3963                      1.0147130413456885E-7
3964                      1.016996360526797E-7
3965                      1.0192472595447192E-7
3966                      1.0214259353141415E-7
3967                      1.0235467386751195E-7
3968                      1.0256674639447081E-7
3969                      1.027839305425814E-7
3970                      1.0300682765258129E-7
3971                      1.0323056430241748E-7
3972                      1.0344944564915699E-7
3973                      1.0365901850394792E-7
3974                      1.0386563084587168E-7
3975                      1.0408397623409607E-7
3976                      1.0431577086070346E-7
3977                      1.045500719027826E-7
3978                      1.0477304312888705E-7
3979                      1.0497246278715376E-7
3980                      1.0516128543109607E-7
3981                      1.0537704945484647E-7
3982                      1.0562785049084914E-7
3983                      1.058894983685194E-7
3984                      1.0612577813827966E-7
3985                      1.0629964372105185E-7
3986                      1.0646882794251416E-7
3987                      1.0671278511304615E-7
3988                      1.0699887489783283E-7
3989                      1.0723412756777066E-7
3990                      1.0743976992713661E-7
3991                      1.0764054411502384E-7
3992                      1.0785178767735274E-7
3993                      1.0807442965649221E-7
3994                      1.0830968488588578E-7
3995                      1.0854847185602935E-7
3996                      1.0877860070074104E-7
3997                      1.0899520995377013E-7
3998                      1.0920516846971943E-7
3999                      1.0942217152812189E-7
4000                      1.096636810723102E-7
4001                      1.099288840041231E-7
4002                      1.1018398630068267E-7
4003                      1.1039822017819089E-7
4004                      1.1057592467822835E-7
4005                      1.1075468899124605E-7
4006                      2.140648283121093E-7
4007                      3.381548170509663E-9
4008                      5.708967026560567E-8
4009                      9.674144135367876E-8
4010                      1.2428087013638086E-7
4011                      1.4266863023126313E-7
4012                      1.5610792764843986E-7
4013                      1.6596203049186048E-7
4014                      1.7383820160994748E-7
4015                      1.7965481827595863E-7
4016                      1.8375757811000576E-7
4017                      1.8654261289358823E-7
4018                      1.883449080010929E-7
4019                      1.894225172454029E-7
4020                      1.8996775957311723E-7
4021                      1.9012261016840852E-7
4022                      1.8999190764448223E-7
4023                      1.8964997507666789E-7
4024                      1.891579854860853E-7
4025                      1.8856058581371982E-7
4026                      1.8789001641013476E-7
4027                      1.8717005854539954E-7
4028                      1.8641840386921206E-7
4029                      1.856482735016566E-7
4030                      1.8486952480157916E-7
4031                      1.8408947483525093E-7
4032                      1.8331351453956857E-7
4033                      1.825450423721118E-7
4034                      1.8178741508284436E-7
4035                      1.810428713434776E-7
4036                      1.8031281817693196E-7
4037                      1.795981021148501E-7
4038                      1.7889920412865516E-7
4039                      1.7821636421628977E-7
4040                      1.7754966275713685E-7
4041                      1.7689906212161714E-7
4042                      1.7626444771481767E-7
4043                      1.756456067548962E-7
4044                      1.7504228785013287E-7
4045                      1.7445421374414683E-7
4046                      1.738810872673158E-7
4047                      1.7332259328652732E-7
4048                      1.727784188118791E-7
4049                      1.7224825396582703E-7
4050                      1.7173177596849763E-7
4051                      1.7122865451745848E-7
4052                      1.7073858202583058E-7
4053                      1.7026127509606466E-7
4054                      1.6979643589653984E-7
4055                      1.6934373975398952E-7
4056                      1.6890289257246562E-7
4057                      1.684736832407239E-7
4058                      1.680558575496096E-7
4059                      1.6764908583570215E-7
4060                      1.672530865323394E-7
4061                      1.668676916970961E-7
4062                      1.6649271210336242E-7
4063                      1.661278394665024E-7
4064                      1.6577278431491046E-7
4065                      1.654274090030916E-7
4066                      1.650915942440193E-7
4067                      1.647650637274536E-7
4068                      1.6444750076152286E-7
4069                      1.6413877198783013E-7
4070                      1.6383884316590538E-7
4071                      1.6354750098973697E-7
4072                      1.6326438100221844E-7
4073                      1.6298922420413393E-7
4074                      1.6272223369105502E-7
4075                      1.6246355108244188E-7
4076                      1.622122428325987E-7
4077                      1.6196777525167296E-7
4078                      1.6173084372627045E-7
4079                      1.6150207261158146E-7
4080                      1.6128052894218877E-7
4081                      1.6106479617674933E-7
4082                      1.6085527593000076E-7
4083                      1.6065370556096715E-7
4084                      1.6045999399862095E-7
4085                      1.602711495811614E-7
4086                      1.6008769744924945E-7
4087                      1.5991101654805582E-7
4088                      1.5974128965566247E-7
4089                      1.5957750406896272E-7
4090                      1.5941903871432103E-7
4091                      1.5926589827929563E-7
4092                      1.5911893685332975E-7
4093                      1.58978382814397E-7
4094                      1.5884298133246808E-7
4095                      1.587116007958692E-7
4096                      1.5858521040557714E-7
4097                      1.584657478908743E-7
4098                      1.5835275141904018E-7
4099                      1.5824303189302382E-7
4100                      1.5813379142249123E-7
4101                      1.5803042868069755E-7
4102                      1.579431032563401E-7
4103                      1.5786563893969653E-7
4104                      1.5777444842064763E-7
4105                      1.576678389193287E-7
4106                      1.5758015217925587E-7
4107                      1.5752506382871813E-7
4108                      1.5747725055232396E-7
4109                      1.5741250985131716E-7
4110                      1.5733640313783786E-7
4111                      1.5727082231718885E-7
4112                      1.5722733997097093E-7
4113                      1.5718502762364998E-7
4114                      1.571424200587738E-7
4115                      1.57101574764264E-7
4116                      1.5706393276533554E-7
4117                      1.5703117740082388E-7
4118                      1.570034067582658E-7
4119                      1.5697907546310843E-7
4120                      1.569571177622904E-7
4121                      1.569373858560688E-7
4122                      1.5692187758870122E-7
4123                      1.569125550606527E-7
4124                      1.5690789897752832E-7
4125                      1.5690331085076293E-7
4126                      1.568948765831845E-7
4127                      1.568900758593825E-7
4128                      1.5690178930816304E-7
4129                      1.569290328090719E-7
4130                      1.5694931658739267E-7
4131                      1.5695121977481885E-7
4132                      1.569484688693889E-7
4133                      1.5696247444674167E-7
4134                      1.5699926053469104E-7
4135                      1.5705095507339097E-7
4136                      1.5708731306828333E-7
4137                      1.570871372924381E-7
4138                      1.570767313263543E-7
4139                      1.5714645711953076E-7
4140                      1.5724756919576205E-7
4141                      1.5728556341620616E-7
4142                      1.5728536725234226E-7
4143                      1.5732467300794453E-7
4144                      1.573895417893132E-7
4145                      1.574588804801166E-7
4146                      1.5752293246397028E-7
4147                      1.5758303692136164E-7
4148                      1.5763993343701468E-7
4149                      1.5770004973586396E-7
4150                      1.5776854582873717E-7
4151                      1.5784547903612078E-7
4152                      1.5792531221003296E-7
4153                      1.5800200435159075E-7
4154                      1.580743124083582E-7
4155                      1.581471012301235E-7
4156                      1.5822732344844183E-7
4157                      1.5832222930790398E-7
4158                      1.5842810319947544E-7
4159                      1.585264701562199E-7
4160                      1.585976441436881E-7
4161                      1.5864700587807056E-7
4162                      1.5875053335119266E-7
4163                      1.588957170518256E-7
4164                      1.5904665246866324E-7
4165                      1.5916150738848353E-7
4166                      1.5919953201432385E-7
4167                      1.5922808690031018E-7
4168                      1.5935906552311798E-7
4169                      1.595657722396316E-7
4170                      1.597388676563328E-7
4171                      1.5982017366175376E-7
4172                      1.5990587495600868E-7
4173                      1.6000707979560207E-7
4174                      1.6012983752999284E-7
4175                      1.602664629483064E-7
4176                      1.604198259803462E-7
4177                      1.60577465919675E-7
4178                      1.6072539090396202E-7
4179                      1.6085435316704795E-7
4180                      1.609596929236019E-7
4181                      1.6106057214856847E-7
4182                      1.6119340347737182E-7
4183                      1.6137711905458064E-7
4184                      1.6160221805780287E-7
4185                      1.61831789973998E-7
4186                      1.6198743351219144E-7
4187                      1.6201130859751423E-7
4188                      1.6201099456813312E-7
4189                      1.6218411182592105E-7
4190                      1.6254804837124813E-7
4191                      1.6295306320828673E-7
4192                      1.6321969252001666E-7
4193                      1.6317273523469363E-7
4194                      1.6289450513773733E-7
4195                      1.628523954182733E-7
4196                      1.6332376967424492E-7
4197                      1.641543335189486E-7
4198                      1.6495198887504688E-7
4199                      1.6544130889964689E-7
4200                      1.6479277842841524E-7
4201                      1.713457507014734E-7
4202                      1.6386131288929363E-7
4203                      1.648126693644374E-7
4204                      1.6519592650173188E-7
4205                      1.6549040314446016E-7
4206                      1.6577717002561613E-7
4207                      1.6606332703526584E-7
4208                      1.663622576455505E-7
4209                      1.666773285983292E-7
4210                      1.6702865346247313E-7
4211                      1.672232353782455E-7
4212                      1.6780096205784494E-7
4213                      1.6794703050938046E-7
4214                      1.6840668204551134E-7
4215                      2.2763831635966525E-8
4216                      2.1090505068097157E-7
4217                      3.4287595842138615E-7
4218                      4.5218951158150194E-7
4219                      5.47524564689246E-7
4220                      6.379098412009567E-7
4221                      7.270622603095703E-7
4222                      8.184179116126555E-7
4223                      9.156521794317672E-7
4224                      1.0196014245184007E-6
4225                      1.135830001134315E-6
4226                      1.2708374122237755E-6
4227                      1.4331278233880145E-6
4228                      1.6320662354439406E-6
4229                      1.8823050512473569E-6
4230                      2.20111536669124E-6
4231                      2.603339028989012E-6
4232                      3.0903691884952747E-6
4233                      3.6352343010771467E-6
4234                      4.16434072656056E-6
4235                      4.57011680488117E-6
4236                      4.744349330037198E-6
4237                      4.6808617411343856E-6
4238                      4.678948933605059E-6
4239                      5.161470081054303E-6
4240                      6.336531982763409E-6
4241                      8.066847797213001E-6
4242                      1.023054218616779E-5
4243                      1.277743626214764E-5
4244                      1.5183296176463177E-5
4245                      1.6485973245475207E-5
4246                      1.676278838714715E-5
4247                      1.7553488322971645E-5
4248                      1.9895805221677772E-5
4249                      2.2326044706470326E-5
4250                      2.222491053824598E-5
4251                      1.9263971238684362E-5
4252                      1.5176970243585824E-5
4253                      1.209317706370492E-5
4254                      1.2270122262127224E-5
4255                      1.353236168585842E-5
4256                      1.4449016288864663E-5
4257                      1.4836670324244847E-5
4258                      1.3779169791001305E-5
4259                      1.3041957467362596E-5
4260                      1.207713214339406E-5
4261                      1.2636871768674995E-5
4262                      1.4821402703512612E-5
4263                      1.4536399560904705E-5
4264                      1.2827273898800726E-5
4265                      8.996809374190919E-6
4266                      6.695873065390192E-6
4267                      6.766889751738848E-6
4268                      8.570925783846517E-6
4269                      1.4184420098352303E-5
4270                      1.980515238985867E-5
4271                      1.5982001288156807E-5
4272                      5.278001243464584E-6
4273                      -3.632318216090788E-8
4274                      2.4786711418980776E-6
4275                      6.071796399592883E-6
4276                      6.318379346410461E-6
4277                      3.426584466596991E-6
4278                      -1.4128992822768046E-7
4279                      -2.025143075060417E-6
4280                      -2.3921986157629593E-6
4281                      -2.361384055971509E-6
4282                      -2.251415553339641E-6
4283                      -2.0910230892676474E-6
4284                      -1.854897491570012E-6
4285                      -1.4986078783374608E-6
4286                      -1.074428732520233E-6
4287                      -7.621673275695829E-7
4288                      -8.330111207851098E-7
4289                      -1.2053651008532971E-6
4290                      -1.3466888931562856E-6
4291                      -1.116632182989413E-6
4292                      -1.4266790235405452E-6
4293                      -3.3242519396939444E-6
4294                      -5.804715523277117E-6
4295                      -6.619954149768146E-6
4296                      -4.943369201850661E-6
4297                      -3.014364640437225E-6
4298                      -3.0344897536670697E-6
4299                      -5.580644375694768E-6
4300                      -8.372188958020164E-6
4301                      -9.75726570176538E-6
4302                      -1.1325649963053394E-5
4303                      -1.696758026889728E-5
4304                      -2.650263350066173E-5
4305                      -3.565694274290112E-5
4306                      -4.115995430946655E-5
4307                      -4.200685842332551E-5
4308                      -3.892773286970244E-5
4309                      -3.0546951982557457E-5
4310                      -1.4945427084356202E-5
4311                      8.863432123301239E-6
4312                      4.012970996390458E-5
4313                      7.28255860848459E-5
4314                      1.0126585034974083E-4
4315                      1.2283168312792782E-4
4316                      1.3658738189014068E-4
4317                      1.4166503572981236E-4
4318                      1.3652147440132694E-4
4319                      1.1971051457430361E-4
4320                      9.715030348000833E-5
4321                      7.74357825261186E-5
4322                      6.608282657476281E-5
4323                      8.079912190681548E-5
4324                      8.66566943059741E-5
4325                      5.758135342228525E-5
4326                      3.062009355732083E-5
4327                      2.814735085174757E-5
4328                      3.390598734474067E-5
4329                      2.757398778000875E-5
4330                      2.795283817765324E-5
4331                      3.2363655322489255E-5
4332                      1.4663431058087037E-5
4333                      -9.922854962845465E-6
4334                      -1.2630747872551532E-5
4335                      -1.0171000715720406E-5
4336                      -7.508354133971303E-6
4337                      -6.504435758526191E-6
4338                      -6.226189603716304E-6
4339                      -6.134907773438429E-6
4340                      -6.175784769906937E-6
4341                      -6.347873882761617E-6
4342                      -6.665716628077536E-6
4343                      -7.149803287780689E-6
4344                      -7.80327430593866E-6
4345                      -8.590026821615239E-6
4346                      -9.417142434775408E-6
4347                      -1.0159689607567755E-5
4348                      -1.0702505019280782E-5
4349                      -1.0959783434982362E-5
4350                      -1.0901771241743276E-5
4351                      -1.0581011697775628E-5
4352                      -1.0158487887068575E-5
4353                      -9.835916879235543E-6
4354                      -9.695730680026217E-6
4355                      -9.610524141342346E-6
4356                      -9.428564669571618E-6
4357                      -9.082037059384524E-6
4358                      -8.594004145838518E-6
4359                      -8.034036188669193E-6
4360                      -7.516896213685093E-6
4361                      -7.170027973536777E-6
4362                      -7.058506074116843E-6
4363                      -7.128029521778946E-6
4364                      -7.203138633223545E-6
4365                      -7.409127837873259E-6
4366                      -7.465489856676988E-6
4367                      -7.256221679037241E-6
4368                      -6.694181354456477E-6
4369                      -5.8293646734251255E-6
4370                      -4.850799788493513E-6
4371                      -3.886781475393914E-6
4372                      -3.019082478265394E-6
4373                      -2.2818775355073342E-6
4374                      -1.7176810461506174E-6
4375                      -1.3283182192447762E-6
4376                      -1.0966329173625467E-6
4377                      -9.75664303026477E-7
4378                      -9.126064244515761E-7
4379                      -8.698262857631607E-7
4380                      -8.3572857710912E-7
4381                      -8.049568543025732E-7
4382                      -7.76269031930855E-7
4383                      -7.486376889863464E-7
4384                      -7.213523199938262E-7
4385                      -6.941139768637921E-7
4386                      -6.667803299770637E-7
4387                      -6.391914177596186E-7
4388                      -6.115034377701279E-7
4389                      -5.839596852320235E-7
4390                      -5.56488984619383E-7
4391                      -5.291093418606673E-7
4392                      -5.018987293475217E-7
4393                      -4.7483495083718453E-7
4394                      -4.4795298612406673E-7
4395                      -4.2124600240878667E-7
4396                      -3.947278474794881E-7
4397                      -3.6839719105957714E-7
4398                      -3.4225895920752305E-7
4399                      -3.1631172094181254E-7
4400                      -2.905588394300866E-7
4401                      -2.649969918959311E-7
4402                      -2.3962654136696753E-7
4403                      -2.144450217960879E-7
4404                      -1.8945164502332928E-7
4405                      -1.6464371821376365E-7
4406                      -1.4001990052091014E-7
4407                      -1.1557752651983365E-7
4408                      -9.131479485372743E-8
4409                      -6.722900483672513E-8
4410                      -4.33178210988312E-8
4411                      -1.9578441264323225E-8
4412                      3.991202690217864E-9
4413                      2.7393713524711822E-8
4414                      5.063126291807201E-8
4415                      7.370633574967967E-8
4416                      9.662172518952022E-8
4417                      1.19380499014102E-7
4418                      1.4198557620507754E-7
4419                      1.6443983063596285E-7
4420                      1.8674605985228513E-7
4421                      2.0890728790456394E-7
4422                      2.3092661199410736E-7
4423                      2.528072666931053E-7
4424                      2.7455242778658465E-7
4425                      2.961653834549898E-7
4426                      3.1764946130167745E-7
4427                      3.390081671068813E-7
4428                      3.6024505669324345E-7
4429                      3.813638125411777E-7
4430                      4.023681607457052E-7
4431                      4.2326196996604387E-7
4432                      4.4404920392484074E-7
4433                      4.6473398296564784E-7
4434                      4.853205317079801E-7
4435                      5.058132217528326E-7
4436                      5.262165487743292E-7
4437                      5.4653517651151E-7
4438                      5.667739642141911E-7
4439                      5.869379277460195E-7
4440                      6.070322037755107E-7
4441                      6.270621116682588E-7
4442                      6.470332311472404E-7
4443                      6.669514472989004E-7
4444                      6.868228467706331E-7
4445                      7.066536172348697E-7
4446                      7.264502449217964E-7
4447                      7.462196487779352E-7
4448                      7.65969094105646E-7
4449                      7.857061420707607E-7
4450                      8.054386805163679E-7
4451                      8.251748980773099E-7
4452                      8.449233373270686E-7
4453                      8.646930413790701E-7
4454                      8.84493635203623E-7
4455                      9.043353217978657E-7
4456                      9.242287624260825E-7
4457                      9.441850953966207E-7
4458                      9.642161100581253E-7
4459                      9.843344969090152E-7
4460                      1.0045538103456382E-6
4461                      1.0248883261400733E-6
4462                      1.0453529898833908E-6
4463                      1.0659637378427077E-6
4464                      1.0867378012957216E-6
4465                      1.1076938406905378E-6
4466                      1.1288517147810528E-6
4467                      1.1502323907822641E-6
4468                      1.171858162660121E-6
4469                      1.1937533241510793E-6
4470                      1.2159445652240591E-6
4471                      1.238460859506743E-6
4472                      1.2613329461398697E-6
4473                      1.2845935147726172E-6
4474                      1.3082782650791053E-6
4475                      1.3324271970252657E-6
4476                      1.3570846418725792E-6
4477                      1.3822982997726679E-6
4478                      1.408118856869575E-6
4479                      1.4346018324541525E-6
4480                      1.4618103361099588E-6
4481                      1.4898169174006677E-6
4482                      1.5187008806102849E-6
4483                      1.5485447277240885E-6
4484                      1.5794382974466828E-6
4485                      1.6114908126127833E-6
4486                      1.6448355657719139E-6
4487                      1.6796162400998512E-6
4488                      1.7159758476320775E-6
4489                      1.7540717342822348E-6
4490                      1.794103643847997E-6
4491                      1.8363256093818244E-6
4492                      1.8810298954546737E-6
4493                      1.9285293525917076E-6
4494                      1.9791661496471166E-6
4495                      2.0333461929993967E-6
4496                      2.0915800531952453E-6
4497                      2.1545178484401478E-6
4498                      2.222956006860935E-6
4499                      2.297756622587983E-6
4500                      2.379930246264214E-6
4501                      2.4707854080386905E-6
4502                      2.5720567652889366E-6
4503                      2.6859676949975915E-6
4504                      2.815449805288454E-6
4505                      2.9642213945351383E-6
4506                      3.136922217393324E-6
4507                      3.339581739115216E-6
4508                      3.5801088193110006E-6
4509                      3.8688040904571356E-6
4510                      4.218608373819276E-6
4511                      4.644685904633661E-6
4512                      5.162559066764616E-6
4513                      5.7834846766593504E-6
4514                      6.505035581338148E-6
4515                      7.2963793354010144E-6
4516                      8.083439250740934E-6
4517                      8.746233222740207E-6
4518                      9.139576557559367E-6
4519                      9.128394149997482E-6
4520                      8.609122634196646E-6
4521                      7.506308979909643E-6
4522                      5.767112990040888E-6
4523                      3.3668308227442962E-6
4524                      3.359204716636417E-7
4525                      -3.1535968053773497E-6
4526                      -6.660358394185335E-6
4527                      -9.447231039460017E-6
4528                      -1.0659429204824453E-5
4529                      -9.721878702174036E-6
4530                      -6.836082269378674E-6
4531                      -3.1327740803394153E-6
4532                      8.566799061826037E-8
4533                      2.104928923807618E-6
4534                      2.780487305584201E-6
4535                      2.2669916217207256E-6
4536                      9.831500810753078E-7
4537                      -5.082737702178427E-7
4538                      -1.6959347558279342E-6
4539                      -2.2704439109539655E-6
4540                      -2.2696670692619715E-6
4541                      -1.959771452183899E-6
4542                      -1.5581116945789477E-6
4543                      -1.1140824265715529E-6
4544                      -6.661414975331559E-7
4545                      -3.0254435885000036E-7
4546                      -9.314842617999463E-8
4547                      -1.626520725252239E-8
4548                      7.700250264164804E-9
4549                      4.0286383778934576E-8
4550                      6.564025103182669E-8
4551                      7.907702785071035E-8
4552                      8.612755155097333E-8
4553                      8.948277808026627E-8
4554                      9.102662225404283E-8
4555                      9.181412611250748E-8
4556                      9.227377222030405E-8
4557                      9.271972003255268E-8
4558                      9.314262603557734E-8
4559                      9.355017807214661E-8
4560                      9.394231285858926E-8
4561                      9.432374999964431E-8
4562                      9.469512665540405E-8
4563                      9.505816396910237E-8
4564                      9.541454223146403E-8
4565                      9.576539551863397E-8
4566                      9.611200448204957E-8
4567                      9.645511368751034E-8
4568                      9.679515893951717E-8
4569                      9.713238562781102E-8
4570                      9.74669594445335E-8
4571                      9.779891331413987E-8
4572                      9.812829983937176E-8
4573                      9.845520331679224E-8
4574                      9.877968805022886E-8
4575                      9.910176027178922E-8
4576                      9.942146684404038E-8
4577                      9.97388873059375E-8
4578                      1.0005402132443911E-7
4579                      1.003668645192295E-7
4580                      1.0067746876579968E-7
4581                      1.0098587798186268E-7
4582                      1.0129209738570726E-7
4583                      1.015961341592682E-7
4584                      1.0189804356243117E-7
4585                      1.0219786891843269E-7
4586                      1.0249558146871525E-7
4587                      1.0279118174928808E-7
4588                      1.0308478096537041E-7
4589                      1.0337643154882683E-7
4590                      1.0366600604041289E-7
4591                      1.0395354895643639E-7
4592                      1.042392153713573E-7
4593                      1.0452300348917436E-7
4594                      1.0480481948864065E-7
4595                      1.050846749941009E-7
4596                      1.0536278755590654E-7
4597                      1.0563919167418387E-7
4598                      1.059135640859372E-7
4599                      1.0618601307733063E-7
4600                      1.0645690640598365E-7
4601                      1.0672617320742073E-7
4602                      1.0699349438701221E-7
4603                      1.0725887771719849E-7
4604                      1.0752292014446608E-7
4605                      1.077855251703476E-7
4606                      1.0804611092530752E-7
4607                      1.0830481524208422E-7
4608                      1.0856227570734764E-7
4609                      1.088186125536943E-7
4610                      1.0907274726886167E-7
4611                      1.0932481456934375E-7
4612                      1.0957601675601672E-7
4613                      1.0982629770858392E-7
4614                      1.1007442828260916E-7
4615                      1.1031997182662978E-7
4616                      1.1056527392640753E-7
4617                      1.1081043352651897E-7
4618                      1.1105290880232352E-7
4619                      1.1129243225986608E-7
4620                      1.1153176367641662E-7
4621                      1.1177262406766622E-7
4622                      1.120096969358998E-7
4623                      1.122419427683591E-7
4624                      1.124752949174931E-7
4625                      1.1271163681243256E-7
4626                      1.1294466309697863E-7
4627                      1.1316854356144558E-7
4628                      1.1339602134228465E-7
4629                      1.1363198449545757E-7
4630                      1.1386244889502756E-7
4631                      1.1408230523360657E-7
4632                      1.1430342296121281E-7
4633                      1.1452840295588243E-7
4634                      1.1475212181733217E-7
4635                      1.1497236752152918E-7
4636                      1.1519022040955638E-7
4637                      1.1540936667110852E-7
4638                      1.1562935636084067E-7
4639                      1.1584570849756072E-7
4640                      1.1605810165598381E-7
4641                      1.1627281025943465E-7
4642                      1.1648778739033091E-7
4643                      1.1670039086067189E-7
4644                      1.1691093924122447E-7
4645                      1.1712094783789005E-7
4646                      1.1733062798479095E-7
4647                      1.1753926148065154E-7
4648                      1.1774658554204482E-7
4649                      1.1795279243618834E-7
4650                      1.1815845530764973E-7
4651                      1.1836354008790835E-7
4652                      1.1856734058889767E-7
4653                      1.1876972280139788E-7
4654                      1.189717535438057E-7
4655                      1.1917323042702927E-7
4656                      1.1937367671835073E-7
4657                      1.1957305125579745E-7
4658                      1.197716393968411E-7
4659                      1.1996956866720643E-7
4660                      1.2016678866916994E-7
4661                      1.2036307325116552E-7
4662                      1.205584202191898E-7
4663                      1.2075314994098664E-7
4664                      1.2094740577084984E-7
4665                      1.211408429365492E-7
4666                      1.2133323648807042E-7
4667                      1.2152491649156603E-7
4668                      1.2171609939603628E-7
4669                      1.2190667359116675E-7
4670                      1.2209647249750986E-7
4671                      1.2228544943927777E-7
4672                      1.22473827554783E-7
4673                      1.2266178294877364E-7
4674                      1.2284910994493478E-7
4675                      1.2303549730762018E-7
4676                      1.2322110202103737E-7
4677                      1.2340647765403823E-7
4678                      1.235914286942983E-7
4679                      1.237756160010724E-7
4680                      1.2395902355689463E-7
4681                      1.2414188831577782E-7
4682                      1.2432433910643234E-7
4683                      1.245063511565682E-7
4684                      1.2468768394119522E-7
4685                      1.2486825501323828E-7
4686                      1.2504838072213563E-7
4687                      1.252283644944945E-7
4688                      1.2540793977267002E-7
4689                      1.255865594270852E-7
4690                      1.2576450168870513E-7
4691                      1.259422033600083E-7
4692                      1.2611970494522255E-7
4693                      1.2629671805636678E-7
4694                      1.2647307298467593E-7
4695                      1.2664879954516425E-7
4696                      1.2682426765120935E-7
4697                      1.2699968452925745E-7
4698                      1.2717464837298563E-7
4699                      1.2734861985855588E-7
4700                      1.2752186444342572E-7
4701                      1.2769542221580724E-7
4702                      1.2786906204418196E-7
4703                      1.280420532577126E-7
4704                      1.2821413975022263E-7
4705                      1.2838574922887273E-7
4706                      1.2855734123642645E-7
4707                      1.2872908473314278E-7
4708                      1.289003354532632E-7
4709                      1.2907039296614306E-7
4710                      1.292397594601967E-7
4711                      1.2940987174384136E-7
4712                      1.2958102082910525E-7
4713                      1.2975121777910384E-7
4714                      1.299185219781985E-7
4715                      1.3008456719024303E-7
4716                      1.3025357788016707E-7
4717                      1.3042451075419287E-7
4718                      1.3059393857517507E-7
4719                      1.3076038854239455E-7
4720                      1.3092464147211818E-7
4721                      1.3109111572314714E-7
4722                      1.3126234730149356E-7
4723                      1.314334268490286E-7
4724                      1.3159641019142356E-7
4725                      1.3174975751384483E-7
4726                      1.3191100912234287E-7
4727                      1.3208765754972648E-7
4728                      1.3226650905682738E-7
4729                      1.3243290327296846E-7
4730                      1.3258762709849333E-7
4731                      1.3274394572453597E-7
4732                      1.3291346639452208E-7
4733                      1.3308220909560693E-7
4734                      1.3324788601961317E-7
4735                      1.3341063228089803E-7
4736                      1.335731504836034E-7
4737                      1.3373737259089413E-7
4738                      1.3390290686986626E-7
4739                      1.3406774777723586E-7
4740                      1.3422986724367396E-7
4741                      1.3439034077137093E-7
4742                      1.3455348226603185E-7
4743                      1.347216093655071E-7
4744                      1.348898119679153E-7
4745                      1.3505082585004374E-7
4746                      1.3520685100604312E-7
4747                      1.3536532247972028E-7
4748                      1.3553052868886099E-7
4749                      1.35702313323357E-7
4750                      1.358699495485995E-7
4751                      1.3602680518840446E-7
4752                      1.3617893797181594E-7
4753                      1.3633714861850552E-7
4754                      1.3650530054845515E-7
4755                      1.366767084543346E-7
4756                      1.368416725703205E-7
4757                      1.3699251402371467E-7
4758                      1.371388208786363E-7
4759                      1.373023140586461E-7
4760                      1.374823063511044E-7
4761                      1.3766079833421026E-7
4762                      1.3782137933073537E-7
4763                      1.3795589078876308E-7
4764                      1.3809055458909854E-7
4765                      1.3826120775403085E-7
4766                      1.3846088801170602E-7
4767                      1.3865280406740216E-7
4768                      1.3880089980774441E-7
4769                      1.3894337388638118E-7
4770                      1.390942580159634E-7
4771                      1.3925607907684633E-7
4772                      1.3942666507560314E-7
4773                      1.3959694126739912E-7
4774                      1.3975864589126388E-7
4775                      1.3991214550703777E-7
4776                      1.400659333427482E-7
4777                      1.4022844012527933E-7
4778                      1.4040525467487367E-7
4779                      1.405850572830245E-7
4780                      1.40746667426156E-7
4781                      1.4088924094317768E-7
4782                      1.4103053122512347E-7
4783                      1.4119074262646229E-7
4784                      1.4138585479361626E-7
4785                      1.4159359058850778E-7
4786                      1.4173177965445835E-7
4787                      1.41835680163235E-7
4788                      1.4199413917671531E-7
4789                      1.421971806073468E-7
4790                      1.4240493301594085E-7
4791                      1.425580123375391E-7
4792                      1.426971647156935E-7
4793                      1.4284164523815423E-7
4794                      1.4300073121887114E-7
4795                      1.431689843820126E-7
4796                      1.4334614212186248E-7
4797                      1.4352148404940911E-7
4798                      1.4368605708177735E-7
4799                      1.4383966294619286E-7
4800                      1.4399187153459772E-7
4801                      1.441586651775412E-7
4802                      1.4433087411783373E-7
4803                      1.4450306763873003E-7
4804                      1.4467192465329097E-7
4805                      1.4483735323012037E-7
4806                      1.4500062424919543E-7
