% Model:              pool_water_conductivity_sweep.mph
% Version:            COMSOL 6.2.0.290
% Date:               Aug 23 2026, 20:46
% Dimension:          1
% Nodes:              8010
% Expressions:        1
% Description:        Point graph
% Solution number         Value
1                         2.9787097077809006E-7
2                         -6.701400975213037E-9
3                         9.57840664308251E-8
4                         1.6111938791024718E-7
5                         2.064556611834009E-7
6                         2.3683768084822588E-7
7                         2.5912150812705523E-7
8                         2.755140287095542E-7
9                         2.8864628604526084E-7
10                        2.983725262448061E-7
11                        3.052552289989916E-7
12                        3.0994435057432173E-7
13                        3.129924073582834E-7
14                        3.1482693641415445E-7
15                        3.157678028085822E-7
16                        3.160519262391891E-7
17                        3.15854766557569E-7
18                        3.1530127106542E-7
19                        3.1449405400417327E-7
20                        3.1350829617397556E-7
21                        3.1239854191515755E-7
22                        3.1120513717812593E-7
23                        3.0995813659480027E-7
24                        3.086800226929558E-7
25                        3.073875727783674E-7
26                        3.0609325236773173E-7
27                        3.0480625402979614E-7
28                        3.0353235347536895E-7
29                        3.0227731448673745E-7
30                        3.010449623944027E-7
31                        2.998377002717951E-7
32                        2.9865697125550333E-7
33                        2.975035940186663E-7
34                        2.9637797628560085E-7
35                        2.952802528845382E-7
36                        2.942103565288852E-7
37                        2.9316808901727923E-7
38                        2.921530826386571E-7
39                        2.9116490343809065E-7
40                        2.902030727946358E-7
41                        2.8926708007652005E-7
42                        2.883563832172804E-7
43                        2.8747044057701634E-7
44                        2.8660871808440896E-7
45                        2.8577066524987946E-7
46                        2.849557124551041E-7
47                        2.8416331973271674E-7
48                        2.833930033027565E-7
49                        2.8264427001410683E-7
50                        2.819165495212052E-7
51                        2.8120929919980736E-7
52                        2.805221930925329E-7
53                        2.7985482187130634E-7
54                        2.7920657821161736E-7
55                        2.785769493254829E-7
56                        2.7796568618098126E-7
57                        2.7737249397832405E-7
58                        2.767968046856972E-7
59                        2.762380852592666E-7
60                        2.7569613283245944E-7
61                        2.7517087803049907E-7
62                        2.7466171327790264E-7
63                        2.7416782318660614E-7
64                        2.736891983721215E-7
65                        2.7322615328752585E-7
66                        2.7277816008430575E-7
67                        2.7234410763818335E-7
68                        2.719234200251185E-7
69                        2.7151741292740867E-7
70                        2.7112622762679527E-7
71                        2.707477286288264E-7
72                        2.7038053751804705E-7
73                        2.700263632176112E-7
74                        2.6968667088875977E-7
75                        2.6935937972980236E-7
76                        2.690430346056645E-7
77                        2.687380748421679E-7
78                        2.6844526795897664E-7
79                        2.68164726835296E-7
80                        2.6789504172894355E-7
81                        2.676351820358097E-7
82                        2.673861520128579E-7
83                        2.671493554087806E-7
84                        2.669236944475126E-7
85                        2.6670627846568816E-7
86                        2.6649810069763434E-7
87                        2.6630072337357845E-7
88                        2.6611407056208205E-7
89                        2.659367942152274E-7
90                        2.657681538014228E-7
91                        2.6560849885208016E-7
92                        2.654583099843663E-7
93                        2.653173933008082E-7
94                        2.651851425907844E-7
95                        2.6506108898560044E-7
96                        2.649454213439133E-7
97                        2.648386833667223E-7
98                        2.647406562387018E-7
99                        2.646501589433245E-7
100                       2.645659778895715E-7
101                       2.644897116929867E-7
102                       2.644240619163358E-7
103                       2.643679222098455E-7
104                       2.6431614567039245E-7
105                       2.6426648313373954E-7
106                       2.642249803502976E-7
107                       2.6419943543842225E-7
108                       2.641862478863858E-7
109                       2.6417034617634607E-7
110                       2.641453436752966E-7
111                       2.6412962053706465E-7
112                       2.641423412047337E-7
113                       2.641716240421597E-7
114                       2.641957399424053E-7
115                       2.6421009707689835E-7
116                       2.642341896440019E-7
117                       2.6426949637270005E-7
118                       2.6431529166653684E-7
119                       2.643663988647561E-7
120                       2.644198876511102E-7
121                       2.64476850624084E-7
122                       2.645410431947427E-7
123                       2.646143234548816E-7
124                       2.6469488775318674E-7
125                       2.6477944416085914E-7
126                       2.6486520791002286E-7
127                       2.649548913906456E-7
128                       2.6505573411151777E-7
129                       2.6517051117240327E-7
130                       2.6528979759604096E-7
131                       2.6540205206179387E-7
132                       2.6551087896338913E-7
133                       2.6562898176718785E-7
134                       2.6576476369773093E-7
135                       2.6591980447750944E-7
136                       2.660751872405588E-7
137                       2.6621423025062206E-7
138                       2.6634402106673753E-7
139                       2.6648608420641836E-7
140                       2.6665640539307375E-7
141                       2.6683474390963214E-7
142                       2.6701342758095263E-7
143                       2.671907626880312E-7
144                       2.673682492917771E-7
145                       2.675504116997411E-7
146                       2.6774181325764026E-7
147                       2.679425734116044E-7
148                       2.6814845625060363E-7
149                       2.6835460228670383E-7
150                       2.68559969217149E-7
151                       2.687684121036049E-7
152                       2.6898547760655694E-7
153                       2.692170535296436E-7
154                       2.694598744447114E-7
155                       2.6969874925536323E-7
156                       2.6991813786712265E-7
157                       2.7012376965311185E-7
158                       2.703551724241581E-7
159                       2.70630879012987E-7
160                       2.709378733452488E-7
161                       2.712378613359655E-7
162                       2.714911135695417E-7
163                       2.717324447828963E-7
164                       2.7198075210887736E-7
165                       2.722488770774788E-7
166                       2.725344210677666E-7
167                       2.728420001335975E-7
168                       2.7315934678522316E-7
169                       2.734707381554724E-7
170                       2.737653854959411E-7
171                       2.7405911389707043E-7
172                       2.743601138920764E-7
173                       2.7467367867157146E-7
174                       2.7500429948882816E-7
175                       2.75349494775683E-7
176                       2.757002374883921E-7
177                       2.7604602238688215E-7
178                       2.763828272082567E-7
179                       2.767215565493111E-7
180                       2.7706801661801756E-7
181                       2.77425949571666E-7
182                       2.778010344808431E-7
183                       2.781921276120644E-7
184                       2.78592232489906E-7
185                       2.789912855863474E-7
186                       2.7937892452227164E-7
187                       2.7976673819240575E-7
188                       2.801607853221163E-7
189                       2.8056685065293803E-7
190                       2.8098636756784806E-7
191                       2.8142879493041616E-7
192                       2.8189324157138995E-7
193                       2.823727089113733E-7
194                       2.8285474558299237E-7
195                       2.833185736300009E-7
196                       2.83749149463957E-7
197                       2.84155165277314E-7
198                       2.845824471056819E-7
199                       2.8510823312798047E-7
200                       2.858433641517028E-7
201                       2.867888901582737E-7
202                       2.876070099902043E-7
203                       2.874631342284902E-7
204                       2.881017533925309E-7
205                       2.88779849695479E-7
206                       2.8943694330152764E-7
207                       2.902068415622655E-7
208                       2.9101500188025945E-7
209                       2.9110239200471697E-7
210                       1.1147758785693627E-7
211                       4.2656971228970613E-7
212                       6.42795121431429E-7
213                       8.161754871093888E-7
214                       9.733486317698077E-7
215                       1.1224177215843941E-6
216                       1.2695804031820696E-6
217                       1.4204790993278203E-6
218                       1.5811010577051972E-6
219                       1.7525411892962167E-6
220                       1.943733076325641E-6
221                       2.1648767044265967E-6
222                       2.429015203134531E-6
223                       2.749691946993603E-6
224                       3.148245418463693E-6
225                       3.6502533954185385E-6
226                       4.282978578881916E-6
227                       5.0726960879178835E-6
228                       6.0380828184521165E-6
229                       7.174025970790731E-6
230                       8.4143960368581E-6
231                       9.570475165946246E-6
232                       1.0287967880683733E-5
233                       1.0095685562435482E-5
234                       8.734550349626916E-6
235                       7.203694516967461E-6
236                       7.641711079310414E-6
237                       1.0847368213269567E-5
238                       1.6937058449818462E-5
239                       2.4955178650275136E-5
240                       3.300353817687002E-5
241                       3.9562082889260056E-5
242                       4.303732900434124E-5
243                       4.2441505978675024E-5
244                       3.9593213643369365E-5
245                       3.762570411136221E-5
246                       3.8122686066287574E-5
247                       3.666724503031374E-5
248                       2.910310136211428E-5
249                       1.7887655650630535E-5
250                       7.645858245622545E-6
251                       3.625248916858581E-6
252                       4.9461477859207926E-6
253                       1.0772281434931245E-5
254                       2.3477278593524815E-5
255                       3.890137778044802E-5
256                       5.0676814978203345E-5
257                       4.995587498371934E-5
258                       3.8447225078406264E-5
259                       2.7275755906058775E-5
260                       1.572636537601764E-5
261                       7.623909512437428E-6
262                       5.835017292181888E-6
263                       7.460482454070089E-6
264                       6.011805883083485E-6
265                       2.555636984654373E-6
266                       3.6480641371911394E-6
267                       1.0898419603299985E-5
268                       1.7464863245101507E-5
269                       1.7634234291722404E-5
270                       1.2109571553338676E-5
271                       6.871277142380099E-6
272                       1.9312363089265747E-6
273                       -2.90375359995226E-6
274                       -4.256242035810645E-6
275                       -4.30886525823755E-6
276                       -4.213041942350392E-6
277                       -4.017846204400434E-6
278                       -3.734673643913819E-6
279                       -3.31032330924215E-6
280                       -2.6785123596267988E-6
281                       -1.9915762602641925E-6
282                       -1.7460396063280573E-6
283                       -2.4422516487070856E-6
284                       -3.506221176223583E-6
285                       -3.4513270240057836E-6
286                       -1.848029318576321E-6
287                       -5.364556117519356E-7
288                       -2.3244037519338537E-6
289                       -6.502081117503773E-6
290                       -9.56068625803004E-6
291                       -9.61266431856396E-6
292                       -8.114334000550616E-6
293                       -8.16650839828906E-6
294                       -1.0833470087143876E-5
295                       -1.4230719493267758E-5
296                       -1.6701149013118076E-5
297                       -2.253292075050234E-5
298                       -3.6320646302902965E-5
299                       -5.534232392348081E-5
300                       -7.173662787075732E-5
301                       -7.982470662235312E-5
302                       -7.892372795742725E-5
303                       -6.812197846118272E-5
304                       -4.433733561195032E-5
305                       -7.321702460868682E-6
306                       4.424422986174198E-5
307                       1.0437662034817712E-4
308                       1.6153250282897186E-4
309                       2.0657751320718974E-4
310                       2.3429286814021302E-4
311                       2.453186018383912E-4
312                       2.4142962348808888E-4
313                       2.2329537980579107E-4
314                       1.9156772131819714E-4
315                       1.569356657504222E-4
316                       1.3450524009878768E-4
317                       1.2617251795267784E-4
318                       1.4363870871093127E-4
319                       1.2027790841373097E-4
320                       7.027863107450624E-5
321                       5.722808198540142E-5
322                       6.257038564773864E-5
323                       5.366455988543048E-5
324                       3.530695442387189E-5
325                       4.104477144622023E-5
326                       3.173535746250596E-5
327                       1.7107595109710789E-6
328                       -1.0724132442195599E-5
329                       -1.4696824135911637E-5
330                       -1.3609240462949721E-5
331                       -1.1098611287451967E-5
332                       -1.0284130998753185E-5
333                       -9.965418506627808E-6
334                       -9.897683315816504E-6
335                       -1.0047017661240967E-5
336                       -1.042351666593854E-5
337                       -1.1059958760585413E-5
338                       -1.2006976705180065E-5
339                       -1.3298373750499375E-5
340                       -1.4909992305090272E-5
341                       -1.6669527248839937E-5
342                       -1.822308466381962E-5
343                       -1.924565431212107E-5
344                       -1.9550065534493103E-5
345                       -1.9145212144225398E-5
346                       -1.8145167356887365E-5
347                       -1.67357124184596E-5
348                       -1.5221682303985279E-5
349                       -1.4031713234840019E-5
350                       -1.3553615941933874E-5
351                       -1.391691854664217E-5
352                       -1.4869322062307903E-5
353                       -1.580982249152577E-5
354                       -1.6061299872032744E-5
355                       -1.5491855256622214E-5
356                       -1.3918979899432617E-5
357                       -1.2646149084178407E-5
358                       -1.1347066169525491E-5
359                       -1.0101472779688178E-5
360                       -8.899686674874823E-6
361                       -7.841256726926212E-6
362                       -7.047649690991261E-6
363                       -6.551948429725149E-6
364                       -6.160718381652527E-6
365                       -5.598580018524512E-6
366                       -4.648494640227839E-6
367                       -3.4483998649406227E-6
368                       -2.3428585605364527E-6
369                       -1.582759922298671E-6
370                       -1.187063308433976E-6
371                       -9.920280829318608E-7
372                       -8.615689277213307E-7
373                       -7.549022303967028E-7
374                       -6.740981291791402E-7
375                       -6.099536105169884E-7
376                       -5.540696648786107E-7
377                       -5.02627362434195E-7
378                       -4.5114131530868407E-7
379                       -3.996269252486335E-7
380                       -3.4802084809037515E-7
381                       -2.963925898030994E-7
382                       -2.44783097264612E-7
383                       -1.9328878454154404E-7
384                       -1.4195439970677778E-7
385                       -9.086935468082121E-8
386                       -4.008817702113817E-8
387                       1.0353525163429725E-8
388                       6.043034618737899E-8
389                       1.1012495222671758E-7
390                       1.5942852173319016E-7
391                       2.0833682448663223E-7
392                       2.5684705077914666E-7
393                       3.0495710060645385E-7
394                       3.5266640585804017E-7
395                       3.999758167439176E-7
396                       4.4688696512274265E-7
397                       4.934020959172959E-7
398                       5.395240692759613E-7
399                       5.852558366795682E-7
400                       6.306003260923707E-7
401                       6.755610757399895E-7
402                       7.201418917692013E-7
403                       7.643463952548818E-7
404                       8.081783412436518E-7
405                       8.516417971488825E-7
406                       8.947408751656282E-7
407                       9.37479577864408E-7
408                       9.798621718437844E-7
409                       1.021893104671072E-6
410                       1.0635767576532874E-6
411                       1.104917591749743E-6
412                       1.145920280878077E-6
413                       1.1865895866146765E-6
414                       1.2269302347710264E-6
415                       1.2669471544248754E-6
416                       1.3066455137782307E-6
417                       1.3460304203023011E-6
418                       1.3851070611349287E-6
419                       1.4238809165128614E-6
420                       1.4623575927460303E-6
421                       1.50054271025084E-6
422                       1.5384420840544068E-6
423                       1.576061780164033E-6
424                       1.6134079687244628E-6
425                       1.6504869370562278E-6
426                       1.6873052296596618E-6
427                       1.723869617538756E-6
428                       1.7601870086708475E-6
429                       1.7962645291039517E-6
430                       1.8321096061365232E-6
431                       1.8677298930308225E-6
432                       1.9031332465690775E-6
433                       1.938327847991289E-6
434                       1.973322236088469E-6
435                       2.008125161216879E-6
436                       2.0427456947297383E-6
437                       2.077193391592942E-6
438                       2.1114781766751162E-6
439                       2.1456102300340527E-6
440                       2.1796002201608666E-6
441                       2.2134593792041783E-6
442                       2.247199343526326E-6
443                       2.2808323176245153E-6
444                       2.314371180104399E-6
445                       2.347829367063453E-6
446                       2.381220862260084E-6
447                       2.414560479527069E-6
448                       2.4478638506665894E-6
449                       2.481147276164021E-6
450                       2.514427772927483E-6
451                       2.547723479554695E-6
452                       2.5810538924994934E-6
453                       2.6144395509527363E-6
454                       2.6479016231078834E-6
455                       2.681462891277768E-6
456                       2.7151479796164114E-6
457                       2.7489831073141112E-6
458                       2.782996054620919E-6
459                       2.817216352608257E-6
460                       2.851675841683904E-6
461                       2.886408547266749E-6
462                       2.9214506333298946E-6
463                       2.956840894133015E-6
464                       2.992621419813137E-6
465                       3.0288379168583743E-6
466                       3.065539965648256E-6
467                       3.1027803548399897E-6
468                       3.1406165739370894E-6
469                       3.17911179855253E-6
470                       3.218335660162502E-6
471                       3.2583642472561652E-6
472                       3.2992801214545256E-6
473                       3.341173395942699E-6
474                       3.3841435995684546E-6
475                       3.4283032940517064E-6
476                       3.4737771827926756E-6
477                       3.520700581318727E-6
478                       3.5692219873930867E-6
479                       3.619509522338689E-6
480                       3.671756071972878E-6
481                       3.7261824380604113E-6
482                       3.7830347743833114E-6
483                       3.842587461691524E-6
484                       3.905150771911433E-6
485                       3.971086521131344E-6
486                       4.04082648273988E-6
487                       4.114873675261838E-6
488                       4.193775798155608E-6
489                       4.278173508699814E-6
490                       4.368861412775484E-6
491                       4.4668046197845855E-6
492                       4.573148233027956E-6
493                       4.689306603882252E-6
494                       4.817003664072482E-6
495                       4.9583177549124995E-6
496                       5.115762780543557E-6
497                       5.292611709361214E-6
498                       5.4930784172025916E-6
499                       5.7225198486398265E-6
500                       5.987872129077603E-6
501                       6.29824834261113E-6
502                       6.665660107068465E-6
503                       7.105935286363071E-6
504                       7.639753547759992E-6
505                       8.293459927103384E-6
506                       9.098533417425322E-6
507                       1.0088015750619005E-5
508                       1.1286187888962472E-5
509                       1.2686519055004497E-5
510                       1.4216632414943981E-5
511                       1.5706009588164344E-5
512                       1.6891439627795483E-5
513                       1.7476547895937163E-5
514                       1.7206511714889345E-5
515                       1.589916382474803E-5
516                       1.3429530667530395E-5
517                       9.713608361167249E-6
518                       4.726622721052006E-6
519                       -1.4127046743714865E-6
520                       -8.255196421752759E-6
521                       -1.480501262030704E-5
522                       -1.9560107386065598E-5
523                       -2.101969758681161E-5
524                       -1.8496719159802897E-5
525                       -1.2854543774863322E-5
526                       -6.374292601482503E-6
527                       -1.4237030886937816E-6
528                       8.332805713905534E-7
529                       5.800953822516011E-7
530                       -1.205895183337179E-6
531                       -3.315227758903254E-6
532                       -4.932579537137707E-6
533                       -5.881143722927121E-6
534                       -6.222493887761589E-6
535                       -5.968265339205382E-6
536                       -5.278974635526581E-6
537                       -4.374105230212696E-6
538                       -3.3689573488134364E-6
539                       -2.3686894731759958E-6
540                       -1.4957532178587832E-6
541                       -8.579106831974406E-7
542                       -4.4646055511198034E-7
543                       -1.7291350925449216E-7
544                       2.562030694984918E-9
545                       8.594424918015141E-8
546                       1.122786099522052E-7
547                       1.2372773927989453E-7
548                       1.3579058626106994E-7
549                       1.438513625658866E-7
550                       1.4720134709532166E-7
551                       1.4841515955907368E-7
552                       1.4917736255106272E-7
553                       1.4998290468954927E-7
554                       1.5076016504659838E-7
555                       1.5148973523677184E-7
556                       1.5219560267363337E-7
557                       1.5287076037211308E-7
558                       1.535247858287759E-7
559                       1.5416423663533444E-7
560                       1.5479273696363688E-7
561                       1.554132626838608E-7
562                       1.5602761844266862E-7
563                       1.5663665382881431E-7
564                       1.572407509453385E-7
565                       1.5784015786660902E-7
566                       1.5843502908316164E-7
567                       1.5902550400608917E-7
568                       1.5961169830593306E-7
569                       1.601936992266769E-7
570                       1.6077158931991119E-7
571                       1.613454368761765E-7
572                       1.6191529965076673E-7
573                       1.6248122899454608E-7
574                       1.6304327341619358E-7
575                       1.6360147875519432E-7
576                       1.641558900075851E-7
577                       1.647065514601312E-7
578                       1.6525350667032286E-7
579                       1.6579679867156054E-7
580                       1.6633646998374284E-7
581                       1.668725624418982E-7
582                       1.6740511751214165E-7
583                       1.6793417654001824E-7
584                       1.6845978039210633E-7
585                       1.6898196941727778E-7
586                       1.6950078390597607E-7
587                       1.7001626392085386E-7
588                       1.7052844885629204E-7
589                       1.71037377755617E-7
590                       1.7154309011693396E-7
591                       1.7204562475513804E-7
592                       1.7254501869183372E-7
593                       1.730413103481407E-7
594                       1.7353453974719926E-7
595                       1.7402474260250355E-7
596                       1.7451195362707991E-7
597                       1.7499621281176275E-7
598                       1.7547755857075999E-7
599                       1.7595602216953832E-7
600                       1.7643163699034044E-7
601                       1.7690445017295544E-7
602                       1.773744950982606E-7
603                       1.7784179032597088E-7
604                       1.783063793329695E-7
605                       1.7876831679343412E-7
606                       1.792276168955054E-7
607                       1.796842975767323E-7
608                       1.8013841722419024E-7
609                       1.8059001418978282E-7
610                       1.8103910292120192E-7
611                       1.8148571660265393E-7
612                       1.8192990018106128E-7
613                       1.8237168608759097E-7
614                       1.8281108714266264E-7
615                       1.83248140617769E-7
616                       1.8368290568831567E-7
617                       1.8411539563431217E-7
618                       1.8454560170449872E-7
619                       1.8497359255093294E-7
620                       1.853994373543532E-7
621                       1.8582311347589643E-7
622                       1.8624462740651505E-7
623                       1.8666405375026556E-7
624                       1.8708143396526706E-7
625                       1.874967583804226E-7
626                       1.8791003684005415E-7
627                       1.8832136259321926E-7
628                       1.887307787439982E-7
629                       1.8913819853545472E-7
630                       1.8954364431609234E-7
631                       1.899473346614485E-7
632                       1.903492226791897E-7
633                       1.9074917845361496E-7
634                       1.911473006092596E-7
635                       1.9154375345459114E-7
636                       1.9193848920289063E-7
637                       1.9233140978370088E-7
638                       1.927226587645833E-7
639                       1.9311226688404842E-7
640                       1.9350023170096087E-7
641                       1.9388656020283423E-7
642                       1.9427129995918112E-7
643                       1.9465448160483866E-7
644                       1.9503610954099004E-7
645                       1.9541620183803626E-7
646                       1.9579480165236358E-7
647                       1.9617194649323703E-7
648                       1.9654762394891344E-7
649                       1.9692183225469113E-7
650                       1.9729466129386094E-7
651                       1.9766618004248755E-7
652                       1.980362840503836E-7
653                       1.9840483676379994E-7
654                       1.98772218623597E-7
655                       1.9913859335267154E-7
656                       1.995035551427054E-7
657                       1.9986691833175744E-7
658                       2.0022914634543768E-7
659                       2.0059053578075548E-7
660                       2.009506620994309E-7
661                       2.0130925129463012E-7
662                       2.0166676154005056E-7
663                       2.020233117248369E-7
664                       2.0237875594298322E-7
665                       2.027330224459979E-7
666                       2.0308616938652816E-7
667                       2.0343834205575933E-7
668                       2.0378953553477796E-7
669                       2.0413962471228106E-7
670                       2.0448862853075778E-7
671                       2.0483676021144703E-7
672                       2.051839619889041E-7
673                       2.0553017993050495E-7
674                       2.05875436507146E-7
675                       2.0621979634087491E-7
676                       2.0656329927521013E-7
677                       2.0690592098130203E-7
678                       2.072476416437296E-7
679                       2.0758851938016437E-7
680                       2.0792862746106706E-7
681                       2.0826794821463684E-7
682                       2.0860641860067362E-7
683                       2.0894404539864613E-7
684                       2.092810080712579E-7
685                       2.0961734589806604E-7
686                       2.0995287863737795E-7
687                       2.102875250883327E-7
688                       2.106215190037735E-7
689                       2.1095503496302851E-7
690                       2.1128789012240124E-7
691                       2.1161997880373692E-7
692                       2.1195138895543548E-7
693                       2.1228224111882E-7
694                       2.1261257617863604E-7
695                       2.1294228123344193E-7
696                       2.1327129127094157E-7
697                       2.1359975398225266E-7
698                       2.1392784686948205E-7
699                       2.1425547522891506E-7
700                       2.1458238341359409E-7
701                       2.149087213742463E-7
702                       2.1523467556946085E-7
703                       2.1556026071126494E-7
704                       2.1588535952162815E-7
705                       2.1620990422070637E-7
706                       2.1653400672169777E-7
707                       2.1685783612926182E-7
708                       2.1718134685335785E-7
709                       2.175043057154615E-7
710                       2.1782668227435383E-7
711                       2.1814888685640977E-7
712                       2.1847091130293683E-7
713                       2.1879256491516325E-7
714                       2.1911373791340762E-7
715                       2.1943449587372746E-7
716                       2.1975510388256458E-7
717                       2.2007565625007506E-7
718                       2.203958566102354E-7
719                       2.2071541389066633E-7
720                       2.2103460835948274E-7
721                       2.2135404182174536E-7
722                       2.216734897566772E-7
723                       2.2199251208295046E-7
724                       2.2231101002446516E-7
725                       2.226293096889873E-7
726                       2.2294766304476973E-7
727                       2.232661318986919E-7
728                       2.235842923439437E-7
729                       2.2390181239923278E-7
730                       2.2421909979032604E-7
731                       2.2453696916544829E-7
732                       2.248557049329403E-7
733                       2.2517358249372118E-7
734                       2.2548933211784394E-7
735                       2.2580469130478934E-7
736                       2.2612298021026171E-7
737                       2.2644401418334522E-7
738                       2.2676170561178013E-7
739                       2.2707595401849214E-7
740                       2.2739040601080292E-7
741                       2.27708170432773E-7
742                       2.2802958243298136E-7
743                       2.2834903540358843E-7
744                       2.2866135475405777E-7
745                       2.289709938037419E-7
746                       2.2928993873859685E-7
747                       2.29626365454208E-7
748                       2.2995612927458766E-7
749                       2.3026023475690663E-7
750                       2.3055470972051237E-7
751                       2.3086551002679358E-7
752                       2.3119798204219674E-7
753                       2.3153342832168104E-7
754                       2.3183730748351178E-7
755                       2.3215532076742434E-7
756                       2.32473237796793E-7
757                       2.3279131428508097E-7
758                       2.3311028516565283E-7
759                       2.3342949418013914E-7
760                       2.337489627246057E-7
761                       2.3406861326447881E-7
762                       2.3438851039629354E-7
763                       2.3470866293211649E-7
764                       2.350290755970464E-7
765                       2.3534975065891576E-7
766                       2.3567070706214836E-7
767                       2.3599197153998153E-7
768                       2.3631353922795928E-7
769                       2.3663542974494014E-7
770                       2.3695765586818234E-7
771                       2.372802293312064E-7
772                       2.3760316274869104E-7
773                       2.3792646848018866E-7
774                       2.3825015870782197E-7
775                       2.3857424576673866E-7
776                       2.3889874210515177E-7
777                       2.3922366006242043E-7
778                       2.3954901203749763E-7
779                       2.3987481073286214E-7
780                       2.402010688509182E-7
781                       2.405277989590936E-7
782                       2.408550138833612E-7
783                       2.4118272698328046E-7
784                       2.415109511467965E-7
785                       2.418396988547229E-7
786                       2.4216898399618425E-7
787                       2.4249882081633326E-7
788                       2.4282922176598507E-7
789                       2.431601997395019E-7
790                       2.434917704563482E-7
791                       2.4382394935418053E-7
792                       2.4415674575769324E-7
793                       2.444901734747973E-7
794                       2.448242550236197E-7
795                       2.451590041333786E-7
796                       2.4549442300927354E-7
797                       2.458305305192039E-7
798                       2.4616736004375226E-7
799                       2.46504916482418E-7
800                       2.468432007562445E-7
801                       2.471822385147005E-7
802                       2.630884736289356E-7
803                       1.2490337270047106E-8
804                       9.922677453421327E-8
805                       1.546689172337364E-7
806                       1.9314241750708805E-7
807                       2.18969750673728E-7
808                       2.3792213929876274E-7
809                       2.518683805787871E-7
810                       2.6303740828540693E-7
811                       2.713116277740223E-7
812                       2.7716881089967754E-7
813                       2.811610683137357E-7
814                       2.837578539235514E-7
815                       2.8532254767743174E-7
816                       2.8612709965667314E-7
817                       2.8637298664394787E-7
818                       2.862094381050766E-7
819                       2.85742269721343E-7
820                       2.850591852531863E-7
821                       2.8422432394896235E-7
822                       2.832840496445645E-7
823                       2.8227260328148564E-7
824                       2.812154703335916E-7
825                       2.801317218198299E-7
826                       2.790355913440659E-7
827                       2.779376593124017E-7
828                       2.7684573025190857E-7
829                       2.7576474694795754E-7
830                       2.746995629536244E-7
831                       2.736534265662922E-7
832                       2.726283801582272E-7
833                       2.716256556437125E-7
834                       2.7064595612060293E-7
835                       2.6968963710775247E-7
836                       2.687568204723144E-7
837                       2.6784745388296015E-7
838                       2.669613724185395E-7
839                       2.6609826900942605E-7
840                       2.652577781235319E-7
841                       2.644394952783386E-7
842                       2.6364298923760575E-7
843                       2.628678040933847E-7
844                       2.6211348198093836E-7
845                       2.6137956898745E-7
846                       2.6066559934436224E-7
847                       2.599710945267135E-7
848                       2.592955995862332E-7
849                       2.586387015924928E-7
850                       2.579999775063454E-7
851                       2.5737894923243774E-7
852                       2.567751745817835E-7
853                       2.561883666642082E-7
854                       2.556181561085557E-7
855                       2.55064041291679E-7
856                       2.5452562042124985E-7
857                       2.5400267099629897E-7
858                       2.5349490294951263E-7
859                       2.5300184499918915E-7
860                       2.5252309605006435E-7
861                       2.5205848115640055E-7
862                       2.5160787086308614E-7
863                       2.511707373916912E-7
864                       2.507465260048988E-7
865                       2.5033523646294446E-7
866                       2.499369720518636E-7
867                       2.4955123401304265E-7
868                       2.4917726687649486E-7
869                       2.488147940316275E-7
870                       2.484645552890988E-7
871                       2.4812640753157244E-7
872                       2.4779893371093575E-7
873                       2.47481437759399E-7
874                       2.471750321682868E-7
875                       2.4688022266310626E-7
876                       2.465956802529849E-7
877                       2.4632061539892584E-7
878                       2.4605531264338903E-7
879                       2.458001030102689E-7
880                       2.455549244379662E-7
881                       2.453188938974219E-7
882                       2.450914633194708E-7
883                       2.448732056197834E-7
884                       2.4466474598060144E-7
885                       2.4446527203553236E-7
886                       2.442732627992257E-7
887                       2.440893173915732E-7
888                       2.439142033038564E-7
889                       2.437477332153625E-7
890                       2.4358910815981094E-7
891                       2.434379394856986E-7
892                       2.4329440608574017E-7
893                       2.4315869313529026E-7
894                       2.4303060779787264E-7
895                       2.429097778931768E-7
896                       2.427959408194778E-7
897                       2.4268918512682653E-7
898                       2.425897387238437E-7
899                       2.4249737672903153E-7
900                       2.42411415371313E-7
901                       2.423312754993372E-7
902                       2.422578952707774E-7
903                       2.4219312151579046E-7
904                       2.4213579085141486E-7
905                       2.42081210052411E-7
906                       2.4202856858528436E-7
907                       2.419843560147087E-7
908                       2.4195448185789013E-7
909                       2.419331800730539E-7
910                       2.4190728417896866E-7
911                       2.4188031531070865E-7
912                       2.418628954426331E-7
913                       2.418596870445304E-7
914                       2.418682108752161E-7
915                       2.4187430223581685E-7
916                       2.4186969157923377E-7
917                       2.4186932902483944E-7
918                       2.418951155290546E-7
919                       2.4193880158566124E-7
920                       2.419787817881866E-7
921                       2.420046556741637E-7
922                       2.420375227534374E-7
923                       2.420801943648905E-7
924                       2.421314276958735E-7
925                       2.4218734390065217E-7
926                       2.4224736677516396E-7
927                       2.423109451872845E-7
928                       2.4237883815955485E-7
929                       2.4245145751499963E-7
930                       2.4252890264409214E-7
931                       2.426107706079739E-7
932                       2.4269671167628874E-7
933                       2.427865469310363E-7
934                       2.428807370419507E-7
935                       2.4298003418441965E-7
936                       2.4308441393316725E-7
937                       2.4319252056802075E-7
938                       2.433019616552254E-7
939                       2.434130520590996E-7
940                       2.4353145550559454E-7
941                       2.4366228709323714E-7
942                       2.438016048626315E-7
943                       2.439353037231842E-7
944                       2.440527217241249E-7
945                       2.4416587679721853E-7
946                       2.443068943232508E-7
947                       2.444819571348388E-7
948                       2.4466876800248325E-7
949                       2.448350717826445E-7
950                       2.449690424275114E-7
951                       2.450914354845892E-7
952                       2.4523895635214046E-7
953                       2.454527358806269E-7
954                       2.457173143103113E-7
955                       2.458828048600251E-7
956                       2.459178608576264E-7
957                       2.4602866739618587E-7
958                       2.463197721845285E-7
959                       2.466435068151027E-7
960                       2.468103486151591E-7
961                       2.4697544842042926E-7
962                       2.4715136086075456E-7
963                       2.47351895083642E-7
964                       2.475678772841942E-7
965                       2.4780371831443866E-7
966                       2.4804379625211517E-7
967                       2.482740528485315E-7
968                       2.4848728564246493E-7
969                       2.4868521722349547E-7
970                       2.488937988394571E-7
971                       2.4913862524745444E-7
972                       2.4942284860864355E-7
973                       2.497228438781075E-7
974                       2.5000234959583187E-7
975                       2.502398488829415E-7
976                       2.504658961566142E-7
977                       2.50698456572116E-7
978                       2.5095006213258535E-7
979                       2.512207826644131E-7
980                       2.5150695754507733E-7
981                       2.5180140711630227E-7
982                       2.520993384173649E-7
983                       2.523975730150271E-7
984                       2.526960922836306E-7
985                       2.529960440395958E-7
986                       2.533000906828355E-7
987                       2.536106571341789E-7
988                       2.53930118476182E-7
989                       2.54259241048436E-7
990                       2.5459819199947936E-7
991                       2.549440311848633E-7
992                       2.552907661125627E-7
993                       2.5563163584359084E-7
994                       2.5596396236319597E-7
995                       2.562980426349942E-7
996                       2.5666731417864203E-7
997                       2.5712667189787305E-7
998                       2.5771738115023605E-7
999                       2.5831617336171254E-7
1000                      2.585597646550924E-7
1001                      2.5813033085773587E-7
1002                      2.591231097972914E-7
1003                      2.5966767766238716E-7
1004                      2.603842141327595E-7
1005                      2.613653374652698E-7
1006                      2.6156079100733015E-7
1007                      2.6216829303796473E-7
1008                      2.626557091968549E-7
1009                      2.6311468632533454E-7
1010                      2.636187294337469E-7
1011                      2.6420352975326506E-7
1012                      2.6499921356791146E-7
1013                      1.0037988251907322E-7
1014                      3.8141200968220553E-7
1015                      5.678816744021301E-7
1016                      7.16865294498215E-7
1017                      8.511847393556651E-7
1018                      9.780106201246288E-7
1019                      1.1027026247529325E-6
1020                      1.2300469700415648E-6
1021                      1.3650455712139858E-6
1022                      1.5087507178332446E-6
1023                      1.6684664748901532E-6
1024                      1.8525676621040348E-6
1025                      2.0717863897420727E-6
1026                      2.3373325417426656E-6
1027                      2.666991451845647E-6
1028                      3.0823855204194654E-6
1029                      3.606971573959002E-6
1030                      4.263682402977611E-6
1031                      5.069792080547394E-6
1032                      6.0241950797551226E-6
1033                      7.0790824002568155E-6
1034                      8.089681013191389E-6
1035                      8.775495134891761E-6
1036                      8.753300107035255E-6
1037                      7.751531893637371E-6
1038                      6.427055790316768E-6
1039                      6.552785979583285E-6
1040                      8.9316591755941E-6
1041                      1.3691690393409666E-5
1042                      2.0192420102385427E-5
1043                      2.694076538873344E-5
1044                      3.255874364973871E-5
1045                      3.5817465329023414E-5
1046                      3.580544441527246E-5
1047                      3.3533719314826974E-5
1048                      3.156095119288024E-5
1049                      3.1909835233330085E-5
1050                      3.105782112698967E-5
1051                      2.5371948755522548E-5
1052                      1.6326357203268963E-5
1053                      7.552336976059224E-6
1054                      3.4967893020184065E-6
1055                      4.225043942477052E-6
1056                      8.384055016914587E-6
1057                      1.8263760613501895E-5
1058                      3.0925079432291046E-5
1059                      4.1333272995672026E-5
1060                      4.224614381567759E-5
1061                      3.328056260898469E-5
1062                      2.3909784910794256E-5
1063                      1.4448508094270265E-5
1064                      7.243108729400034E-6
1065                      5.106261872730479E-6
1066                      6.4293258220640605E-6
1067                      5.586757640462599E-6
1068                      2.6544853494545745E-6
1069                      2.8668902218913434E-6
1070                      8.43527442146786E-6
1071                      1.4206869742997247E-5
1072                      1.5053070700049066E-5
1073                      1.0747775543521734E-5
1074                      6.214463736141276E-6
1075                      2.1608245329696987E-6
1076                      -2.1538271446521466E-6
1077                      -3.602612132875188E-6
1078                      -3.671309076244503E-6
1079                      -3.5947856836809295E-6
1080                      -3.446730059077469E-6
1081                      -3.2499916976698473E-6
1082                      -2.9790595542317105E-6
1083                      -2.5939357193832857E-6
1084                      -2.083319799054951E-6
1085                      -1.6124303042750992E-6
1086                      -1.6491188688548335E-6
1087                      -2.4283896608876046E-6
1088                      -3.241211608055546E-6
1089                      -2.655989350856125E-6
1090                      -1.042689398407184E-6
1091                      -6.090658392614588E-7
1092                      -2.9440561722863803E-6
1093                      -6.39814727658954E-6
1094                      -8.330626104796179E-6
1095                      -7.782116298904007E-6
1096                      -6.6094537011070155E-6
1097                      -7.215456652434621E-6
1098                      -9.831885560639055E-6
1099                      -1.2367197836070875E-5
1100                      -1.456393721669118E-5
1101                      -2.1289201812083177E-5
1102                      -3.4694437628579686E-5
1103                      -5.018209179576041E-5
1104                      -6.183840209200448E-5
1105                      -6.603877982000938E-5
1106                      -6.353390607226079E-5
1107                      -5.105551411313221E-5
1108                      -2.8682527499572594E-5
1109                      5.630154027752025E-6
1110                      5.1270029021034235E-5
1111                      1.014736327031229E-4
1112                      1.4656659940354404E-4
1113                      1.7894864710236297E-4
1114                      1.975826821130032E-4
1115                      2.0334017603229962E-4
1116                      1.9691384295311871E-4
1117                      1.7898365403294127E-4
1118                      1.506802298555437E-4
1119                      1.26149637543942E-4
1120                      1.0800034703928644E-4
1121                      1.1085256841048864E-4
1122                      1.2098740399358395E-4
1123                      8.891119448351187E-5
1124                      5.3607732235896486E-5
1125                      5.1484234562760786E-5
1126                      5.3946051080227316E-5
1127                      4.2061815556791076E-5
1128                      3.0244896165837303E-5
1129                      3.546674177411712E-5
1130                      1.876143070133208E-5
1131                      -4.5161622865691475E-6
1132                      -9.951122516494928E-6
1133                      -1.3423661699868493E-5
1134                      -1.0947245507308604E-5
1135                      -9.441013033121084E-6
1136                      -8.99527985199404E-6
1137                      -8.857610531254133E-6
1138                      -8.934956904312481E-6
1139                      -9.215977134656715E-6
1140                      -9.718480864838268E-6
1141                      -1.0475608087644607E-5
1142                      -1.1515388123364205E-5
1143                      -1.2816520834824292E-5
1144                      -1.4249266793622925E-5
1145                      -1.555674231687958E-5
1146                      -1.64190845939783E-5
1147                      -1.66424363404381E-5
1148                      -1.6254601922963835E-5
1149                      -1.540431763056465E-5
1150                      -1.4244305722500383E-5
1151                      -1.2993061510049322E-5
1152                      -1.1980431817396216E-5
1153                      -1.1512358495419122E-5
1154                      -1.1706015024560209E-5
1155                      -1.2407022406434758E-5
1156                      -1.3196693325329427E-5
1157                      -1.3556159251045202E-5
1158                      -1.3177322239956357E-5
1159                      -1.216895059748637E-5
1160                      -1.0743643553915252E-5
1161                      -9.691850836894496E-6
1162                      -8.675545906541997E-6
1163                      -7.689004892432922E-6
1164                      -6.766721077676738E-6
1165                      -6.0242430730984216E-6
1166                      -5.574142506128078E-6
1167                      -5.322172894975288E-6
1168                      -4.9539219526363235E-6
1169                      -4.209211546029161E-6
1170                      -3.1510978640922886E-6
1171                      -2.1225024705196304E-6
1172                      -1.398282992871076E-6
1173                      -9.942323435859374E-7
1174                      -7.806905457293994E-7
1175                      -6.658121640371959E-7
1176                      -5.957219906458681E-7
1177                      -5.467805067254852E-7
1178                      -5.03245716347109E-7
1179                      -4.5931622343230367E-7
1180                      -4.143661284351053E-7
1181                      -3.6931095232004116E-7
1182                      -3.2437265698031246E-7
1183                      -2.7955420249158524E-7
1184                      -2.348004942779176E-7
1185                      -1.9025399995733464E-7
1186                      -1.4567383034734733E-7
1187                      -1.0142651311431422E-7
1188                      -5.741880534998131E-8
1189                      -1.3686987026986352E-8
1190                      2.986063026165953E-8
1191                      7.297893287948299E-8
1192                      1.1581166583393113E-7
1193                      1.5827477669305148E-7
1194                      2.0042451449941783E-7
1195                      2.422149388829918E-7
1196                      2.8367598945847137E-7
1197                      3.247861987160528E-7
1198                      3.655621213534123E-7
1199                      4.059941376026498E-7
1200                      4.460920518852137E-7
1201                      4.858525214380396E-7
1202                      5.252820060280936E-7
1203                      5.643804840555882E-7
1204                      6.03152766282081E-7
1205                      6.416005812039056E-7
1206                      6.797279739444834E-7
1207                      7.175368116639816E-7
1208                      7.550307479632732E-7
1209                      7.92212425904695E-7
1210                      8.290872621556194E-7
1211                      8.656576891781287E-7
1212                      9.019298718857324E-7
1213                      9.379058738432717E-7
1214                      9.735905510273291E-7
1215                      1.0089868555801247E-6
1216                      1.044097947377787E-6
1217                      1.0789276108230119E-6
1218                      1.1134801268838896E-6
1219                      1.1477596621497485E-6
1220                      1.18177144592594E-6
1221                      1.215519695734561E-6
1222                      1.2490093413724168E-6
1223                      1.2822442793282028E-6
1224                      1.3152298726083988E-6
1225                      1.3479704996833424E-6
1226                      1.3804718828427546E-6
1227                      1.4127384781001016E-6
1228                      1.4447761849089978E-6
1229                      1.4765897468688638E-6
1230                      1.5081854397824666E-6
1231                      1.5395684206945872E-6
1232                      1.5707452855165426E-6
1233                      1.6017215495889043E-6
1234                      1.6325041040851087E-6
1235                      1.6630989483127468E-6
1236                      1.6935133892689348E-6
1237                      1.723753983445486E-6
1238                      1.753828445392021E-6
1239                      1.7837439083314262E-6
1240                      1.8135085634605677E-6
1241                      1.8431302263323922E-6
1242                      1.8726176699524963E-6
1243                      1.9019794642833552E-6
1244                      1.9312250331552966E-6
1245                      1.9603637698209486E-6
1246                      1.9894058699326036E-6
1247                      2.0183616761820387E-6
1248                      2.0472422990890527E-6
1249                      2.0760591433056214E-6
1250                      2.104824373923026E-6
1251                      2.1335506046139466E-6
1252                      2.162251246570177E-6
1253                      2.1909403118642115E-6
1254                      2.2196326724231453E-6
1255                      2.2483439545204875E-6
1256                      2.2770907426059532E-6
1257                      2.3058905462243685E-6
1258                      2.3347619722480017E-6
1259                      2.3637247475306975E-6
1260                      2.392799875409614E-6
1261                      2.422010036165595E-6
1262                      2.451379316160954E-6
1263                      2.4809328837749795E-6
1264                      2.5106974259271917E-6
1265                      2.540701849019819E-6
1266                      2.5709780910031254E-6
1267                      2.601560631735776E-6
1268                      2.632485270056653E-6
1269                      2.663790265453999E-6
1270                      2.6955179644380916E-6
1271                      2.7277152187663896E-6
1272                      2.7604330882110125E-6
1273                      2.7937275268217034E-6
1274                      2.827658253293675E-6
1275                      2.8622885677168146E-6
1276                      2.897687691011581E-6
1277                      2.93393384733695E-6
1278                      2.9711161356307304E-6
1279                      3.0093328698083344E-6
1280                      3.0486896433529925E-6
1281                      3.0893001408629253E-6
1282                      3.1312935098836147E-6
1283                      3.1748204730717468E-6
1284                      3.220054043205769E-6
1285                      3.2671830798703365E-6
1286                      3.3164139404246823E-6
1287                      3.367980622670573E-6
1288                      3.4221618572913184E-6
1289                      3.4792851694885938E-6
1290                      3.539726715645256E-6
1291                      3.6039088040323944E-6
1292                      3.67232146214022E-6
1293                      3.745546471224987E-6
1294                      3.824287484202794E-6
1295                      3.909382432881823E-6
1296                      4.001849166123571E-6
1297                      4.10286847168634E-6
1298                      4.213877632044656E-6
1299                      4.336659217955865E-6
1300                      4.4735074122811605E-6
1301                      4.627638570983236E-6
1302                      4.802915070874603E-6
1303                      5.0039439862161736E-6
1304                      5.236854110156945E-6
1305                      5.509914461176342E-6
1306                      5.8340215156761955E-6
1307                      6.223460385491125E-6
1308                      6.6967465400243704E-6
1309                      7.2769672168971905E-6
1310                      7.9909417411081E-6
1311                      8.865366865528601E-6
1312                      9.915203568237587E-6
1313                      1.1120664188762815E-5
1314                      1.2396790104386506E-5
1315                      1.3574638302164897E-5
1316                      1.442169740151954E-5
1317                      1.4702697479522227E-5
1318                      1.4232080601092568E-5
1319                      1.2872184896964799E-5
1320                      1.0530019307870863E-5
1321                      7.1544179641160825E-6
1322                      2.7514177809990874E-6
1323                      -2.5155552110969585E-6
1324                      -8.152225922978878E-6
1325                      -1.3197567013369148E-5
1326                      -1.6374614877740076E-5
1327                      -1.657766594443202E-5
1328                      -1.3536233499024126E-5
1329                      -8.319835638651712E-6
1330                      -2.9910171524948504E-6
1331                      5.764545037111046E-7
1332                      1.682359294260605E-6
1333                      7.999489799758765E-7
1334                      -1.0120370024829968E-6
1335                      -2.7625567135083125E-6
1336                      -4.035821245094496E-6
1337                      -4.790464673585268E-6
1338                      -4.985273046485914E-6
1339                      -4.698872574676496E-6
1340                      -4.07860548231031E-6
1341                      -3.305524780270017E-6
1342                      -2.4720545892941033E-6
1343                      -1.6719327833133633E-6
1344                      -1.0133602804664562E-6
1345                      -5.543651554026414E-7
1346                      -2.581219221449568E-7
1347                      -6.798359191770292E-8
1348                      4.8247816730491845E-8
1349                      1.0522513740508026E-7
1350                      1.2455072680124724E-7
1351                      1.3246215439988482E-7
1352                      1.410935026144349E-7
1353                      1.4622539434383606E-7
1354                      1.462265346020154E-7
1355                      1.4638679184107072E-7
1356                      1.468895604615284E-7
1357                      1.4746502103809862E-7
1358                      1.48048731988689E-7
1359                      1.4862293673440798E-7
1360                      1.4918694514780615E-7
1361                      1.497399230158714E-7
1362                      1.5028233966864999E-7
1363                      1.508155018489012E-7
1364                      1.5134063112395336E-7
1365                      1.5185931556557246E-7
1366                      1.5237266012398608E-7
1367                      1.5288141303763036E-7
1368                      1.533860006742951E-7
1369                      1.5388670100189254E-7
1370                      1.5438359051571065E-7
1371                      1.5487675344471585E-7
1372                      1.5536628088994777E-7
1373                      1.5585226930239418E-7
1374                      1.5633477387104583E-7
1375                      1.5681386362858646E-7
1376                      1.5728960855456746E-7
1377                      1.5776203072715672E-7
1378                      1.582311508991629E-7
1379                      1.5869702798397718E-7
1380                      1.5915971191118994E-7
1381                      1.5961922320886825E-7
1382                      1.6007559190505516E-7
1383                      1.6052886811493273E-7
1384                      1.6097909080768147E-7
1385                      1.6142628338920698E-7
1386                      1.6187047519258886E-7
1387                      1.6231172006455182E-7
1388                      1.6275005880443338E-7
1389                      1.6318549103557154E-7
1390                      1.6361804325132053E-7
1391                      1.6404781002366106E-7
1392                      1.6447485183132494E-7
1393                      1.6489905484673147E-7
1394                      1.6532041911152077E-7
1395                      1.657392542131451E-7
1396                      1.661555391356328E-7
1397                      1.6656903899480287E-7
1398                      1.6697984765057605E-7
1399                      1.6738824710761354E-7
1400                      1.677942809552574E-7
1401                      1.6819756125496907E-7
1402                      1.6859821089672798E-7
1403                      1.6899668590393676E-7
1404                      1.693929180512628E-7
1405                      1.6978651151188185E-7
1406                      1.7017745298996851E-7
1407                      1.7056651276502E-7
1408                      1.7095360500677783E-7
1409                      1.7133797273883767E-7
1410                      1.7171974684826775E-7
1411                      1.7209977342920127E-7
1412                      1.7247829822709915E-7
1413                      1.7285385580207379E-7
1414                      1.7322652254268697E-7
1415                      1.7359795460964467E-7
1416                      1.7396822355523177E-7
1417                      1.7433562074604735E-7
1418                      1.7469930817296564E-7
1419                      1.750626272346945E-7
1420                      1.7542600437219383E-7
1421                      1.7578579547355527E-7
1422                      1.761412245738982E-7
1423                      1.764962544413246E-7
1424                      1.7685397626221924E-7
1425                      1.7720660518777355E-7
1426                      1.7755185319090635E-7
1427                      1.7789839220223644E-7
1428                      1.782500593558926E-7
1429                      1.7859772496326543E-7
1430                      1.7893712689086213E-7
1431                      1.792763180144419E-7
1432                      1.7961731604672622E-7
1433                      1.7995667758874406E-7
1434                      1.8029282697064027E-7
1435                      1.8062645979287955E-7
1436                      1.8096014234091307E-7
1437                      1.8129363614572658E-7
1438                      1.8162387272635815E-7
1439                      1.8195057625547994E-7
1440                      1.8227806556868128E-7
1441                      1.8260499171486336E-7
1442                      1.8292956539501463E-7
1443                      1.8325199907688735E-7
1444                      1.8357332718402865E-7
1445                      1.8389397517120813E-7
1446                      1.8421305290768325E-7
1447                      1.8452988771975204E-7
1448                      1.848454461440763E-7
1449                      1.851608651602012E-7
1450                      1.8547530554021205E-7
1451                      1.857871362083141E-7
1452                      1.8609750476640478E-7
1453                      1.86407345003856E-7
1454                      1.8671633078343517E-7
1455                      1.8702384674922814E-7
1456                      1.8732971087898078E-7
1457                      1.8763462881275474E-7
1458                      1.8793908686436244E-7
1459                      1.8824237472199302E-7
1460                      1.8854365071626093E-7
1461                      1.8884356784161613E-7
1462                      1.8914351488188126E-7
1463                      1.8944269521566117E-7
1464                      1.8974028299763315E-7
1465                      1.90036468077764E-7
1466                      1.903318575587431E-7
1467                      1.9062675966425563E-7
1468                      1.9092062783747642E-7
1469                      1.9121287274953699E-7
1470                      1.915040151695917E-7
1471                      1.9179510430812648E-7
1472                      1.9208630601079746E-7
1473                      1.9237544690935184E-7
1474                      1.9266174493532174E-7
1475                      1.92947924117985E-7
1476                      1.9323639720639896E-7
1477                      1.9352460396318522E-7
1478                      1.9380818113722662E-7
1479                      1.9408979587676032E-7
1480                      1.9437271682298983E-7
1481                      1.9465669257834906E-7
1482                      1.9493936550174759E-7
1483                      1.952198254442625E-7
1484                      1.954992602814296E-7
1485                      1.9577886270405852E-7
1486                      1.9605892041727783E-7
1487                      1.9633771655592905E-7
1488                      1.9661389511097408E-7
1489                      1.9688919067191877E-7
1490                      1.9716656419221956E-7
1491                      1.9744527670832572E-7
1492                      1.977201054932995E-7
1493                      1.97992114707677E-7
1494                      1.982647061677794E-7
1495                      1.9853907678502904E-7
1496                      1.9881333526776775E-7
1497                      1.9908557007476113E-7
1498                      1.9935521871281478E-7
1499                      1.9962516422743256E-7
1500                      1.9989814880443316E-7
1501                      2.0017168138717313E-7
1502                      2.0044005536166523E-7
1503                      2.0070083416113605E-7
1504                      2.0096616986378456E-7
1505                      2.0124564503312E-7
1506                      2.0152714710897418E-7
1507                      2.017892407993766E-7
1508                      2.020411714979388E-7
1509                      2.0230171370505109E-7
1510                      2.0257576500511994E-7
1511                      2.0285134637744773E-7
1512                      2.0311678228924725E-7
1513                      2.033679709479333E-7
1514                      2.036230388362358E-7
1515                      2.0389666148573393E-7
1516                      2.0417597581522546E-7
1517                      2.0444318809800983E-7
1518                      2.0469663817271235E-7
1519                      2.0495001520651361E-7
1520                      2.0521433436134412E-7
1521                      2.0549237410702394E-7
1522                      2.0576442919619425E-7
1523                      2.0601632584406584E-7
1524                      2.0626126837279248E-7
1525                      2.0651843776697766E-7
1526                      2.067907032481342E-7
1527                      2.0706370473173286E-7
1528                      2.0731943415272988E-7
1529                      2.0757527560913498E-7
1530                      2.0783359772089677E-7
1531                      2.0809542091311642E-7
1532                      2.0835756737659202E-7
1533                      2.0861768354636916E-7
1534                      2.0887585328683775E-7
1535                      2.0913415918481345E-7
1536                      2.093941835402205E-7
1537                      2.0965636142324825E-7
1538                      2.0991766319374238E-7
1539                      2.1017439273582385E-7
1540                      2.1042804570985905E-7
1541                      2.1068619234328916E-7
1542                      2.109577574072536E-7
1543                      2.1123313408466762E-7
1544                      2.114857657260194E-7
1545                      2.1170861204348532E-7
1546                      2.119401614361211E-7
1547                      2.122176274166004E-7
1548                      2.125218093835652E-7
1549                      2.1280526474514456E-7
1550                      2.130423920985319E-7
1551                      2.1328071308058074E-7
1552                      2.135313181580962E-7
1553                      2.137925046580348E-7
1554                      2.1406071645362214E-7
1555                      2.1432564788847507E-7
1556                      2.145813222359489E-7
1557                      2.1483157347375496E-7
1558                      2.1508570863520027E-7
1559                      2.1535352805493482E-7
1560                      2.1563011935593827E-7
1561                      2.1589323237727857E-7
1562                      2.1612628589326135E-7
1563                      2.16348973571231E-7
1564                      2.1660954851452347E-7
1565                      2.1691020504932787E-7
1566                      2.1721268525209857E-7
1567                      2.1746188820928136E-7
1568                      2.17701416389202E-7
1569                      2.179472429015532E-7
1570                      2.1820588171563054E-7
1571                      2.1847562748434816E-7
1572                      2.1874704149258352E-7
1573                      2.190097646769269E-7
1574                      2.1926226616744135E-7
1575                      2.1951315065562704E-7
1576                      2.1977307916204615E-7
1577                      2.200512752050474E-7
1578                      2.2033728398579988E-7
1579                      2.2060291399054397E-7
1580                      2.2084329516399627E-7
1581                      2.2107760034381443E-7
1582                      2.2133256668928542E-7
1583                      2.2163401117927404E-7
1584                      2.219609822154681E-7
1585                      2.2219993704815832E-7
1586                      2.2239086636536204E-7
1587                      2.2264229750078854E-7
1588                      2.2294911866758277E-7
1589                      2.2327146004268142E-7
1590                      2.2350795610846439E-7
1591                      2.2375333346342136E-7
1592                      2.2401060991024844E-7
1593                      2.2428055660899795E-7
1594                      2.2456110828360557E-7
1595                      2.248422279994158E-7
1596                      2.2511295780144316E-7
1597                      2.253710436666561E-7
1598                      2.256254893718674E-7
1599                      2.2588975250026265E-7
1600                      2.2617912841687334E-7
1601                      2.2648781838474093E-7
1602                      2.2677887883832876E-7
1603                      2.351785087470325E-7
1604                      2.2818293473858385E-8
1605                      9.799933859108552E-8
1606                      1.4615349076156566E-7
1607                      1.7957089744755414E-7
1608                      2.0203363349981663E-7
1609                      2.185230429338039E-7
1610                      2.3065967483933364E-7
1611                      2.4037687176595995E-7
1612                      2.4757682830946537E-7
1613                      2.526748294472836E-7
1614                      2.561507940689995E-7
1615                      2.5841286033349254E-7
1616                      2.5977701689882657E-7
1617                      2.604797987934294E-7
1618                      2.606964746667585E-7
1619                      2.605568737114681E-7
1620                      2.6015275190276166E-7
1621                      2.595606951152374E-7
1622                      2.588366423420316E-7
1623                      2.5802091505867277E-7
1624                      2.571432531621413E-7
1625                      2.562257769392711E-7
1626                      2.552850444598477E-7
1627                      2.5433341511587075E-7
1628                      2.5338007988978464E-7
1629                      2.524318196919258E-7
1630                      2.514929555886227E-7
1631                      2.505676781568549E-7
1632                      2.4965880923355694E-7
1633                      2.4876812505076983E-7
1634                      2.4789670042746543E-7
1635                      2.470451518014358E-7
1636                      2.4621379435218373E-7
1637                      2.4540273884054954E-7
1638                      2.44611943033772E-7
1639                      2.438412659147229E-7
1640                      2.4309044399686334E-7
1641                      2.423591615565972E-7
1642                      2.4164706853620023E-7
1643                      2.4095379184231464E-7
1644                      2.4027893793474934E-7
1645                      2.396221102705137E-7
1646                      2.389829144494986E-7
1647                      2.383609468299031E-7
1648                      2.3775579465616002E-7
1649                      2.3716706494882427E-7
1650                      2.3659439757526697E-7
1651                      2.360374222680321E-7
1652                      2.3549572836239233E-7
1653                      2.349689429271255E-7
1654                      2.3445680789548043E-7
1655                      2.3395899040513533E-7
1656                      2.334750670146569E-7
1657                      2.33004706824424E-7
1658                      2.3254770498185278E-7
1659                      2.321037883766396E-7
1660                      2.316725603496114E-7
1661                      2.312537002367406E-7
1662                      2.308470466996909E-7
1663                      2.3045244569821935E-7
1664                      2.3006944809871307E-7
1665                      2.2969755526259993E-7
1666                      2.2933687546358082E-7
1667                      2.2898758217410498E-7
1668                      2.286490354444635E-7
1669                      2.283204324995432E-7
1670                      2.2800189071914712E-7
1671                      2.276939810226586E-7
1672                      2.2739659423525564E-7
1673                      2.2710798390588116E-7
1674                      2.2682774752686048E-7
1675                      2.265575702079412E-7
1676                      2.2629811688173695E-7
1677                      2.2604714150344657E-7
1678                      2.2580269186472677E-7
1679                      2.2556659929847712E-7
1680                      2.2534170544023793E-7
1681                      2.2512639106312798E-7
1682                      2.2491580621143055E-7
1683                      2.2471204760363201E-7
1684                      2.2451766711901656E-7
1685                      2.243323505564756E-7
1686                      2.241540776731596E-7
1687                      2.23982160175642E-7
1688                      2.2381737703621417E-7
1689                      2.2366032861407872E-7
1690                      2.235109486629447E-7
1691                      2.2336792689486422E-7
1692                      2.232305299929199E-7
1693                      2.2309993289496125E-7
1694                      2.2297753100223208E-7
1695                      2.2286221443007712E-7
1696                      2.2275117993779745E-7
1697                      2.2264312216951812E-7
1698                      2.2254357688604695E-7
1699                      2.224561619798618E-7
1700                      2.2237477981511153E-7
1701                      2.2229133034842454E-7
1702                      2.2221066670833354E-7
1703                      2.2213989598413915E-7
1704                      2.2207951389657132E-7
1705                      2.2202417202728014E-7
1706                      2.219703188244382E-7
1707                      2.2191780410830094E-7
1708                      2.2187342030637614E-7
1709                      2.218420713594867E-7
1710                      2.218169721132342E-7
1711                      2.2178673685686477E-7
1712                      2.2175584842643373E-7
1713                      2.217343472031906E-7
1714                      2.2172558960467258E-7
1715                      2.2172328329428699E-7
1716                      2.2172032201319143E-7
1717                      2.21713161382945E-7
1718                      2.2171146139171282E-7
1719                      2.2172573281552808E-7
1720                      2.217501573929738E-7
1721                      2.2177311483357934E-7
1722                      2.2179090791915387E-7
1723                      2.2181448056063602E-7
1724                      2.2184493553349628E-7
1725                      2.2188137925210056E-7
1726                      2.219217452191731E-7
1727                      2.2196592820125484E-7
1728                      2.220132743247027E-7
1729                      2.220640741223055E-7
1730                      2.2211875177815128E-7
1731                      2.2217789429542035E-7
1732                      2.2224135162901253E-7
1733                      2.2230804859627726E-7
1734                      2.223770705841942E-7
1735                      2.2244914602523815E-7
1736                      2.2252649418743204E-7
1737                      2.2260924029025516E-7
1738                      2.2269566320932857E-7
1739                      2.2278388279888716E-7
1740                      2.2287269576926915E-7
1741                      2.2296452864934509E-7
1742                      2.230643339801676E-7
1743                      2.2317368274236664E-7
1744                      2.2328562517826814E-7
1745                      2.2339157111742362E-7
1746                      2.2349330880120882E-7
1747                      2.2360025650492306E-7
1748                      2.2372050270224719E-7
1749                      2.238529045585377E-7
1750                      2.2398797692953004E-7
1751                      2.2411649069206191E-7
1752                      2.2423796764517535E-7
1753                      2.2436135234461907E-7
1754                      2.2450061286112527E-7
1755                      2.246472276402568E-7
1756                      2.247968679242363E-7
1757                      2.2494663371025854E-7
1758                      2.2509748014623763E-7
1759                      2.2524974652055152E-7
1760                      2.2540555128935737E-7
1761                      2.2556639364029038E-7
1762                      2.2573243939442243E-7
1763                      2.2590202787747666E-7
1764                      2.2607305610314652E-7
1765                      2.2624317176591732E-7
1766                      2.2641339022097114E-7
1767                      2.265896768047278E-7
1768                      2.2677948499976125E-7
1769                      2.2698334340668925E-7
1770                      2.2718482608220024E-7
1771                      2.273702863186391E-7
1772                      2.2755308227454202E-7
1773                      2.277405269439134E-7
1774                      2.2793770637627846E-7
1775                      2.2814399616956702E-7
1776                      2.2836272370807951E-7
1777                      2.2858883741440396E-7
1778                      2.2881468154209138E-7
1779                      2.2903083128261803E-7
1780                      2.2924614959142622E-7
1781                      2.294649563393049E-7
1782                      2.2969131829968508E-7
1783                      2.2992540621430543E-7
1784                      2.3017145460949689E-7
1785                      2.3042689954492065E-7
1786                      2.3068627041322643E-7
1787                      2.3094257481331706E-7
1788                      2.3119211681563025E-7
1789                      2.3144260653480198E-7
1790                      2.3169829556268833E-7
1791                      2.3196256689594106E-7
1792                      2.322408678109199E-7
1793                      2.325341395799755E-7
1794                      2.3283870556734164E-7
1795                      2.3314707067404363E-7
1796                      2.3344618248953442E-7
1797                      2.3372541263591617E-7
1798                      2.3398783168482975E-7
1799                      2.3425915345127372E-7
1800                      2.3458526932808474E-7
1801                      2.3503529831034123E-7
1802                      2.3565356890339901E-7
1803                      2.3628656670647158E-7
1804                      2.3601074864703107E-7
1805                      2.3661012046648885E-7
1806                      2.3688584189184353E-7
1807                      2.372851714721886E-7
1808                      2.377373664072582E-7
1809                      2.3818824880561922E-7
1810                      2.3871416710213626E-7
1811                      2.395338976512248E-7
1812                      2.400331687286985E-7
1813                      -4.312205352609885E-9
1814                      3.096404977586783E-7
1815                      4.902979103949177E-7
1816                      6.318482504899712E-7
1817                      7.563171073320015E-7
1818                      8.709005565108467E-7
1819                      9.811187715513602E-7
1820                      1.091503348052502E-6
1821                      1.2055173102000404E-6
1822                      1.3278426458703363E-6
1823                      1.4639266999258579E-6
1824                      1.6204205858349765E-6
1825                      1.8059481832607726E-6
1826                      2.0315688509251027E-6
1827                      2.312006384258391E-6
1828                      2.6655766458899337E-6
1829                      3.1127993658651592E-6
1830                      3.6736099444743485E-6
1831                      4.362308344856534E-6
1832                      5.1836872232562715E-6
1833                      6.105618990775729E-6
1834                      7.00793340026985E-6
1835                      7.667942729383882E-6
1836                      7.744403261626795E-6
1837                      6.980927215229771E-6
1838                      5.842759179454913E-6
1839                      5.798935650620568E-6
1840                      7.622791440751439E-6
1841                      1.1482720850761985E-5
1842                      1.692016126822785E-5
1843                      2.270783230404346E-5
1844                      2.7636653492001443E-5
1845                      3.064630955376885E-5
1846                      3.092323030613449E-5
1847                      2.908071230507648E-5
1848                      2.722259218402971E-5
1849                      2.7296633230154948E-5
1850                      2.692746252012121E-5
1851                      2.2527757294095322E-5
1852                      1.5002150518954413E-5
1853                      7.332053641903274E-6
1854                      3.414250299084334E-6
1855                      3.7781574030231954E-6
1856                      6.8909994672525145E-6
1857                      1.4804834365111659E-5
1858                      2.545577531972592E-5
1859                      3.4692869832117805E-5
1860                      3.6466743809378645E-5
1861                      2.933683772046226E-5
1862                      2.127887221008986E-5
1863                      1.333348773484977E-5
1864                      6.9509117411023546E-6
1865                      4.602340807862435E-6
1866                      5.792970922048585E-6
1867                      5.193907131046158E-6
1868                      2.604620427615117E-6
1869                      2.3292139920465737E-6
1870                      6.6593288115199075E-6
1871                      1.17411645206141E-5
1872                      1.2978194171245458E-5
1873                      9.540056697384628E-6
1874                      5.551297018536842E-6
1875                      2.1940814906515067E-6
1876                      -1.5062072100779454E-6
1877                      -3.10651463223643E-6
1878                      -3.2346259410878986E-6
1879                      -3.1431775846095544E-6
1880                      -3.0158558474934007E-6
1881                      -2.8332458202051624E-6
1882                      -2.5651331289598972E-6
1883                      -2.159390672084944E-6
1884                      -1.656395701623824E-6
1885                      -1.4157927844169504E-6
1886                      -1.7713953040720457E-6
1887                      -2.5185948299630312E-6
1888                      -2.658787539175455E-6
1889                      -1.673975274403116E-6
1890                      -5.959945461545956E-7
1891                      -1.4223604632024802E-6
1892                      -4.240248441223052E-6
1893                      -6.60637575756456E-6
1894                      -6.986219019772103E-6
1895                      -5.9589252033282565E-6
1896                      -5.657646381070146E-6
1897                      -7.39068390104747E-6
1898                      -9.796624850227833E-6
1899                      -1.1521818396026417E-5
1900                      -1.4863633443068448E-5
1901                      -2.381243478867404E-5
1902                      -3.697583123380278E-5
1903                      -4.88216509966174E-5
1904                      -5.5344193914279305E-5
1905                      -5.554093706448132E-5
1906                      -4.906511684324476E-5
1907                      -3.367329434368648E-5
1908                      -8.967842804115476E-6
1909                      2.553923394448183E-5
1910                      6.76580564040615E-5
1911                      1.087590563358335E-4
1912                      1.4148384799112738E-4
1913                      1.6268229956925128E-4
1914                      1.7236780800898924E-4
1915                      1.716355086887507E-4
1916                      1.6087132998465065E-4
1917                      1.404408266905974E-4
1918                      1.164261916618602E-4
1919                      9.975695319413723E-5
1920                      9.110215875683756E-5
1921                      1.040194682083587E-4
1922                      9.355925784480801E-5
1923                      5.781907115640268E-5
1924                      4.4287560214659226E-5
1925                      4.807004068621405E-5
1926                      4.371099594510544E-5
1927                      2.9776076014343062E-5
1928                      3.0615124611963656E-5
1929                      2.7363137203772895E-5
1930                      5.265358674436354E-6
1931                      -7.129415067153911E-6
1932                      -1.0068786524187182E-5
1933                      -1.029377879844463E-5
1934                      -8.284860304341658E-6
1935                      -7.559457650742647E-6
1936                      -7.280979261154247E-6
1937                      -7.192325259295675E-6
1938                      -7.260725488668471E-6
1939                      -7.489935220302522E-6
1940                      -7.899693057765949E-6
1941                      -8.52373101650937E-6
1942                      -9.389412707668145E-6
1943                      -1.049467531102151E-5
1944                      -1.1742424635046008E-5
1945                      -1.2918823807549847E-5
1946                      -1.374808376066822E-5
1947                      -1.4068556963636888E-5
1948                      -1.3890822564079476E-5
1949                      -1.3286518094315274E-5
1950                      -1.2366829163282505E-5
1951                      -1.132075257258508E-5
1952                      -1.0423716825906865E-5
1953                      -9.946716838369387E-6
1954                      -1.003815577379122E-5
1955                      -1.0620819067319262E-5
1956                      -1.1342357043109014E-5
1957                      -1.1699168871401994E-5
1958                      -1.1382229236896982E-5
1959                      -1.0553435186033889E-5
1960                      -9.31409585268141E-6
1961                      -8.490925583290793E-6
1962                      -7.640617959453412E-6
1963                      -6.795471059835282E-6
1964                      -5.977533077554606E-6
1965                      -5.2977718270229824E-6
1966                      -4.864963877178478E-6
1967                      -4.630670348034394E-6
1968                      -4.337656070092414E-6
1969                      -3.744766171831691E-6
1970                      -2.87731715321216E-6
1971                      -2.0244708157806353E-6
1972                      -1.362142557585167E-6
1973                      -9.294904324367922E-7
1974                      -6.841749863035527E-7
1975                      -5.606377694787636E-7
1976                      -4.945848816915397E-7
1977                      -4.457566556239262E-7
1978                      -4.0145746350390483E-7
1979                      -3.5720266151323247E-7
1980                      -3.1469947188046536E-7
1981                      -2.752922340665083E-7
1982                      -2.3635309191170917E-7
1983                      -1.9769724535469916E-7
1984                      -1.5912340944991213E-7
1985                      -1.2063602139394345E-7
1986                      -8.211573260901957E-8
1987                      -4.373964517902701E-8
1988                      -5.51395752815205E-9
1989                      3.246981511027987E-8
1990                      7.026808558365075E-8
1991                      1.078369231470274E-7
1992                      1.451176235153109E-7
1993                      1.8210794974341568E-7
1994                      2.1881158727580168E-7
1995                      2.5518467889007007E-7
1996                      2.9130005888388234E-7
1997                      3.270944689129902E-7
1998                      3.626025499033788E-7
1999                      3.9784466896866313E-7
2000                      4.327799050029703E-7
2001                      4.674302933385587E-7
2002                      5.018086999484451E-7
2003                      5.35892126471859E-7
2004                      5.697095039111492E-7
2005                      6.03222193468947E-7
2006                      6.364606115640123E-7
2007                      6.694440884587384E-7
2008                      7.021416975390725E-7
2009                      7.345935264346754E-7
2010                      7.667763284862906E-7
2011                      7.986779589040175E-7
2012                      8.303343904004373E-7
2013                      8.617147087574721E-7
2014                      8.928718845785909E-7
2015                      9.237757197554366E-7
2016                      9.544166061955367E-7
2017                      9.848302927332447E-7
2018                      1.0149866484847564E-6
2019                      1.0449364417649168E-6
2020                      1.0746510169443768E-6
2021                      1.1041239599246224E-6
2022                      1.133386708397093E-6
2023                      1.1624148780126005E-6
2024                      1.1912513216312605E-6
2025                      1.2198531508438723E-6
2026                      1.2482591007868113E-6
2027                      1.2764774378702033E-6
2028                      1.3044896446616624E-6
2029                      1.3323231973853112E-6
2030                      1.359953867067186E-6
2031                      1.3874217203161852E-6
2032                      1.4146909044087004E-6
2033                      1.441797061947628E-6
2034                      1.468748483219665E-6
2035                      1.4955319689263595E-6
2036                      1.5221715837946748E-6
2037                      1.5486517598276055E-6
2038                      1.5750046391278382E-6
2039                      1.6012079634544681E-6
2040                      1.6273018941795532E-6
2041                      1.6532556133251494E-6
2042                      1.6791199801319718E-6
2043                      1.7048756835045728E-6
2044                      1.7305228792960527E-6
2045                      1.7560878328942524E-6
2046                      1.7815636431871252E-6
2047                      1.8069807463323614E-6
2048                      1.8323276097803332E-6
2049                      1.8576383589384424E-6
2050                      1.8828972350614552E-6
2051                      1.908143564299889E-6
2052                      1.933357786933039E-6
2053                      1.958586328848006E-6
2054                      1.9838052517505585E-6
2055                      2.0090690894794587E-6
2056                      2.0343709154619337E-6
2057                      2.0597160756381317E-6
2058                      2.0851339336393844E-6
2059                      2.110630292937856E-6
2060                      2.1362404342108247E-6
2061                      2.161970870437913E-6
2062                      2.1878591559330542E-6
2063                      2.213911523828315E-6
2064                      2.2401684878190257E-6
2065                      2.2666379356723948E-6
2066                      2.293365932296278E-6
2067                      2.3203634766260403E-6
2068                      2.347683252853136E-6
2069                      2.3753396782090394E-6
2070                      2.4033926686996363E-6
2071                      2.4318608395107087E-6
2072                      2.460812614180874E-6
2073                      2.490272396999703E-6
2074                      2.520318894381614E-6
2075                      2.5509843976534875E-6
2076                      2.5823600396334117E-6
2077                      2.6144886856598358E-6
2078                      2.647476681715642E-6
2079                      2.681381086158991E-6
2080                      2.716327276771702E-6
2081                      2.7523914502083517E-6
2082                      2.789723329785259E-6
2083                      2.8284250633845765E-6
2084                      2.8686782282976884E-6
2085                      2.91062047075851E-6
2086                      2.9544760444155156E-6
2087                      3.0004317730683404E-6
2088                      3.048770521542636E-6
2089                      3.099890522771835E-6
2090                      3.1540009221383327E-6
2091                      3.211439195213855E-6
2092                      3.272728494270325E-6
2093                      3.338524843707829E-6
2094                      3.4094895884371817E-6
2095                      3.4863919358643788E-6
2096                      3.570091645925896E-6
2097                      3.661640947438493E-6
2098                      3.7625551788358284E-6
2099                      3.874756473854576E-6
2100                      4.000452751119895E-6
2101                      4.142262830003972E-6
2102                      4.303752642300347E-6
2103                      4.489685849555809E-6
2104                      4.7063829941311795E-6
2105                      4.961866214950959E-6
2106                      5.266711313558779E-6
2107                      5.634904051741947E-6
2108                      6.084419456667752E-6
2109                      6.63693210440448E-6
2110                      7.315784673506882E-6
2111                      8.139824278169007E-6
2112                      9.109191971648278E-6
2113                      1.0181307713581208E-5
2114                      1.1246422252736784E-5
2115                      1.2127093029137793E-5
2116                      1.2618074277027447E-5
2117                      1.2540336258670063E-5
2118                      1.1761098427894143E-5
2119                      1.0181081839749905E-5
2120                      7.73548103359263E-6
2121                      4.405386533001728E-6
2122                      2.5394166029669377E-7
2123                      -4.453827601375742E-6
2124                      -9.083062365362882E-6
2125                      -1.2616077629183696E-5
2126                      -1.3944759961115197E-5
2127                      -1.246129480693154E-5
2128                      -8.631132183183933E-6
2129                      -4.006143201369791E-6
2130                      -3.0857843551159066E-7
2131                      1.568852514258483E-6
2132                      1.594260742969044E-6
2133                      3.1270286872170025E-7
2134                      -1.368946105065349E-6
2135                      -2.7558605985754858E-6
2136                      -3.675276882279116E-6
2137                      -4.124753866639893E-6
2138                      -4.071618941542247E-6
2139                      -3.629151178099555E-6
2140                      -3.0372634067051983E-6
2141                      -2.367689670938224E-6
2142                      -1.6823821625062594E-6
2143                      -1.0682109909184866E-6
2144                      -6.029367789055646E-7
2145                      -2.9376350117586193E-7
2146                      -1.0083751146620711E-7
2147                      2.0476950014960808E-8
2148                      8.484931224172517E-8
2149                      1.1495198401292747E-7
2150                      1.2933191656041386E-7
2151                      1.3545162198572397E-7
2152                      1.3788066886600707E-7
2153                      1.3890999931152857E-7
2154                      1.3938035812276472E-7
2155                      1.3989707637427772E-7
2156                      1.4042269122943222E-7
2157                      1.4094435127709015E-7
2158                      1.4145360456242065E-7
2159                      1.4195124182165767E-7
2160                      1.4243711891030872E-7
2161                      1.4291231616854022E-7
2162                      1.433784581575047E-7
2163                      1.4383690698816054E-7
2164                      1.4428933601977388E-7
2165                      1.4473686832448644E-7
2166                      1.4518024322726435E-7
2167                      1.456198875689179E-7
2168                      1.4605607511075313E-7
2169                      1.4648886101630912E-7
2170                      1.4691831969105721E-7
2171                      1.4734456028589577E-7
2172                      1.4776767489298103E-7
2173                      1.4818768452840998E-7
2174                      1.486046578961329E-7
2175                      1.4901869464040097E-7
2176                      1.494297938107348E-7
2177                      1.498379508785676E-7
2178                      1.502432349901906E-7
2179                      1.5064570358546596E-7
2180                      1.5104536152772146E-7
2181                      1.5144222708206385E-7
2182                      1.518363544292707E-7
2183                      1.5222778302772136E-7
2184                      1.5261652514976108E-7
2185                      1.530026060899316E-7
2186                      1.5338607180765106E-7
2187                      1.537669617293928E-7
2188                      1.5414527991277325E-7
2189                      1.5452104293796093E-7
2190                      1.5489432691178433E-7
2191                      1.5526518087839977E-7
2192                      1.5563354816786412E-7
2193                      1.5599939195911646E-7
2194                      1.5636296066828549E-7
2195                      1.567243850373969E-7
2196                      1.5708324699009358E-7
2197                      1.5743959582564804E-7
2198                      1.5779390407615537E-7
2199                      1.5814617045013088E-7
2200                      1.5849598869347996E-7
2201                      1.5884326291747865E-7
2202                      1.5918879082427179E-7
2203                      1.595325400418593E-7
2204                      1.5987373177949948E-7
2205                      1.6021244236328036E-7
2206                      1.6054952278179305E-7
2207                      1.608852736096696E-7
2208                      1.612182068575315E-7
2209                      1.6154836518571204E-7
2210                      1.6187740707934833E-7
2211                      1.6220541876663499E-7
2212                      1.6253069972865184E-7
2213                      1.6285241582422873E-7
2214                      1.6317387573528026E-7
2215                      1.6349545721653904E-7
2216                      1.6381356769708589E-7
2217                      1.6412752817299267E-7
2218                      1.6444122922148474E-7
2219                      1.6475753336311254E-7
2220                      1.6506883283944177E-7
2221                      1.6537315480851154E-7
2222                      1.6567896758875185E-7
2223                      1.6598960144117674E-7
2224                      1.662961005488666E-7
2225                      1.6658917458350504E-7
2226                      1.6688709040950614E-7
2227                      1.6719443642797399E-7
2228                      1.6749573895360757E-7
2229                      1.677892605284646E-7
2230                      1.6808198901784182E-7
2231                      1.6837619244615087E-7
2232                      1.686690516879384E-7
2233                      1.6895905133894722E-7
2234                      1.6924670103956227E-7
2235                      1.6953436357807294E-7
2236                      1.6982199454693722E-7
2237                      1.7010677962746803E-7
2238                      1.7038821836927283E-7
2239                      1.7067031100399238E-7
2240                      1.709520182018208E-7
2241                      1.7123166856628414E-7
2242                      1.7150933465284572E-7
2243                      1.7178596663223038E-7
2244                      1.7206178130140627E-7
2245                      1.7233635503381258E-7
2246                      1.7260949164601727E-7
2247                      1.7288129093227767E-7
2248                      1.731521526624208E-7
2249                      1.734221097849475E-7
2250                      1.7369070018605107E-7
2251                      1.739577770748472E-7
2252                      1.7422406272879837E-7
2253                      1.7448948341844005E-7
2254                      1.747537360545738E-7
2255                      1.7501676882600352E-7
2256                      1.7527876694969682E-7
2257                      1.7553983960110248E-7
2258                      1.7579997592803777E-7
2259                      1.7605902430636029E-7
2260                      1.7631696610342551E-7
2261                      1.765740261200836E-7
2262                      1.768303447559588E-7
2263                      1.7708570957123066E-7
2264                      1.7733991731817166E-7
2265                      1.7759320156020134E-7
2266                      1.7784574600950958E-7
2267                      1.7809749389484473E-7
2268                      1.78348322051975E-7
2269                      1.7859818568666754E-7
2270                      1.7884724892500674E-7
2271                      1.7909566717588487E-7
2272                      1.7934331402813538E-7
2273                      1.7958994477578974E-7
2274                      1.7983555069906726E-7
2275                      1.8008069970473962E-7
2276                      1.8032561064432455E-7
2277                      1.8056960595450383E-7
2278                      1.8081205417681974E-7
2279                      1.810536016538336E-7
2280                      1.8129546633760164E-7
2281                      1.815370150980161E-7
2282                      1.8177735829210347E-7
2283                      1.8201650438515844E-7
2284                      1.822551046948852E-7
2285                      1.82493490570449E-7
2286                      1.827315751632036E-7
2287                      1.829686454298229E-7
2288                      1.8320441200123637E-7
2289                      1.834397679511754E-7
2290                      1.8367568115933687E-7
2291                      1.8391145804545338E-7
2292                      1.8414526832178946E-7
2293                      1.8437779624926804E-7
2294                      1.8461043212394002E-7
2295                      1.8484348881289806E-7
2296                      1.8507609715514694E-7
2297                      1.8530753929120577E-7
2298                      1.8553769116059045E-7
2299                      1.8576780089349785E-7
2300                      1.859989246156315E-7
2301                      1.8622991098882148E-7
2302                      1.8645840942119565E-7
2303                      1.8668361383024815E-7
2304                      1.869106088771257E-7
2305                      1.8714328017126642E-7
2306                      1.8737647900472985E-7
2307                      1.876004704121526E-7
2308                      1.8781596001553756E-7
2309                      1.8803860451173368E-7
2310                      1.8827933357942883E-7
2311                      1.885221615764883E-7
2312                      1.8874047924606093E-7
2313                      1.88945154417617E-7
2314                      1.8916072756040226E-7
2315                      1.8939513311533229E-7
2316                      1.896334023379997E-7
2317                      1.8985854962221173E-7
2318                      1.9006234898756534E-7
2319                      1.9026855025271752E-7
2320                      1.9050275174630765E-7
2321                      1.907495311538821E-7
2322                      1.9098088761812163E-7
2323                      1.9118925668019452E-7
2324                      1.9139321384178243E-7
2325                      1.9162013133262927E-7
2326                      1.91847170618574E-7
2327                      1.9207080429996126E-7
2328                      1.9229012520410817E-7
2329                      1.925085736114205E-7
2330                      1.9272891993235908E-7
2331                      1.9295122200813065E-7
2332                      1.9317309776060534E-7
2333                      1.9339268088693523E-7
2334                      1.9360946450433926E-7
2335                      1.9382700085395687E-7
2336                      1.940495829102892E-7
2337                      1.9427542368845598E-7
2338                      1.9449577829989555E-7
2339                      1.9470054928400697E-7
2340                      1.9490124072328723E-7
2341                      1.9512810933880836E-7
2342                      1.9538820586103965E-7
2343                      1.9563691766611376E-7
2344                      1.9583379279317824E-7
2345                      1.9600165509876328E-7
2346                      1.962185895463891E-7
2347                      1.9646565489780566E-7
2348                      1.9670624720006798E-7
2349                      1.9690895624483874E-7
2350                      1.9711223762626187E-7
2351                      1.973241208666833E-7
2352                      1.97544279927438E-7
2353                      1.9776982783709213E-7
2354                      1.9799301639137636E-7
2355                      1.9820899915694694E-7
2356                      1.9842054220088642E-7
2357                      1.9863483314447813E-7
2358                      1.9885963894776066E-7
2359                      1.990915388843142E-7
2360                      1.993134321212667E-7
2361                      1.995118757373832E-7
2362                      1.9970117367265754E-7
2363                      1.9991945942562554E-7
2364                      2.0016942575417246E-7
2365                      2.0042190493412706E-7
2366                      2.0063269074650542E-7
2367                      2.008356189660454E-7
2368                      2.010430817945069E-7
2369                      2.0126045119135225E-7
2370                      2.0148648528592412E-7
2371                      2.017140011972676E-7
2372                      2.0193484039212616E-7
2373                      2.0214762539766715E-7
2374                      2.0235892084471803E-7
2375                      2.0257709181036276E-7
2376                      2.0280957223311658E-7
2377                      2.030484875686774E-7
2378                      2.0327154851262682E-7
2379                      2.0347466194046082E-7
2380                      2.0367265766324085E-7
2381                      2.0388661497508295E-7
2382                      2.0413719680147286E-7
2383                      2.044083963850083E-7
2384                      2.0461028567340353E-7
2385                      2.0477429286070708E-7
2386                      2.0498545406646637E-7
2387                      2.0523988806221967E-7
2388                      2.055067730444022E-7
2389                      2.057249341025431E-7
2390                      2.0592917794541018E-7
2391                      2.061346627766718E-7
2392                      2.063521571329302E-7
2393                      2.065781586173333E-7
2394                      2.068139637506637E-7
2395                      2.0704997406259754E-7
2396                      2.0727704873967266E-7
2397                      2.0749313746225818E-7
2398                      2.0770579276217928E-7
2399                      2.0792658750500627E-7
2400                      2.0816895929671704E-7
2401                      2.0842853645614646E-7
2402                      2.08673851893388E-7
2403                      2.088670024115811E-7
2404                      2.1239366339452112E-7
2405                      2.8434375234200678E-8
2406                      9.477053831912389E-8
2407                      1.3732859148580007E-7
2408                      1.668628230644723E-7
2409                      1.8673616127963314E-7
2410                      2.0132882958873825E-7
2411                      2.1207124261792888E-7
2412                      2.206701230448398E-7
2413                      2.2704229894905851E-7
2414                      2.3155502479019105E-7
2415                      2.3463271387209392E-7
2416                      2.3663634032280562E-7
2417                      2.3784542033865106E-7
2418                      2.3846922050960305E-7
2419                      2.3866282320645694E-7
2420                      2.3854111239825666E-7
2421                      2.3818506401714366E-7
2422                      2.3766264902442568E-7
2423                      2.3702346953704507E-7
2424                      2.363031966363385E-7
2425                      2.3552811120488173E-7
2426                      2.34717749525553E-7
2427                      2.33886739741833E-7
2428                      2.33046001602041E-7
2429                      2.3220365852322624E-7
2430                      2.3136570459669672E-7
2431                      2.3053597872977862E-7
2432                      2.297181665264739E-7
2433                      2.289147616073761E-7
2434                      2.2812733547086915E-7
2435                      2.2735684142561645E-7
2436                      2.2660382843335094E-7
2437                      2.2586857958869582E-7
2438                      2.251511962265241E-7
2439                      2.2445164331700733E-7
2440                      2.2376979781136767E-7
2441                      2.231054290676175E-7
2442                      2.2245825927473543E-7
2443                      2.2182798000846736E-7
2444                      2.2121426257620428E-7
2445                      2.2061676076023735E-7
2446                      2.2003512489659406E-7
2447                      2.19469006433053E-7
2448                      2.1891804924618872E-7
2449                      2.1838189044065243E-7
2450                      2.1786018421797593E-7
2451                      2.173526112379832E-7
2452                      2.1685884243157936E-7
2453                      2.1637851845977325E-7
2454                      2.159113168414348E-7
2455                      2.154570023706781E-7
2456                      2.1501527396919657E-7
2457                      2.1458576714801325E-7
2458                      2.1416819986181785E-7
2459                      2.1376238147395663E-7
2460                      2.1336805866845416E-7
2461                      2.129848916812964E-7
2462                      2.126126130756572E-7
2463                      2.1225107099210706E-7
2464                      2.1190010369737206E-7
2465                      2.1155932737611245E-7
2466                      2.1122835632220597E-7
2467                      2.109072704918647E-7
2468                      2.1059611780708893E-7
2469                      2.1029435639176945E-7
2470                      2.1000141039189708E-7
2471                      2.0971739276219187E-7
2472                      2.0944264760122512E-7
2473                      2.0917677702759758E-7
2474                      2.089188395511136E-7
2475                      2.0866909469648652E-7
2476                      2.0842772977644852E-7
2477                      2.0819449877087973E-7
2478                      2.0796900438383485E-7
2479                      2.077510860284736E-7
2480                      2.0754071695748945E-7
2481                      2.073377976318886E-7
2482                      2.0714217805703878E-7
2483                      2.0695360417889223E-7
2484                      2.06771937279346E-7
2485                      2.0659717628057266E-7
2486                      2.0642924500442357E-7
2487                      2.0626786893405621E-7
2488                      2.0611271088186312E-7
2489                      2.0596388118887307E-7
2490                      2.0582171688673783E-7
2491                      2.056859207100357E-7
2492                      2.0555566892245774E-7
2493                      2.054307524184287E-7
2494                      2.0531201176211198E-7
2495                      2.0519998992844385E-7
2496                      2.050936107507942E-7
2497                      2.0499133372163263E-7
2498                      2.048936466414449E-7
2499                      2.0480298519193625E-7
2500                      2.0471858382588771E-7
2501                      2.0463867971809244E-7
2502                      2.0456268236629396E-7
2503                      2.0449154619985144E-7
2504                      2.044260891436553E-7
2505                      2.043664612037202E-7
2506                      2.043111145255096E-7
2507                      2.0425871524301052E-7
2508                      2.0421049291433653E-7
2509                      2.041691524639712E-7
2510                      2.0413463023130514E-7
2511                      2.0410261818279252E-7
2512                      2.0406989560929117E-7
2513                      2.0404058405725172E-7
2514                      2.0402194613447142E-7
2515                      2.0401118258349155E-7
2516                      2.040017005587528E-7
2517                      2.0399098948834361E-7
2518                      2.0398287539452836E-7
2519                      2.0398203212627495E-7
2520                      2.0399104203995834E-7
2521                      2.0400365981141004E-7
2522                      2.0401223822857163E-7
2523                      2.0402020999090066E-7
2524                      2.0403542355105035E-7
2525                      2.0406111853584752E-7
2526                      2.040927184090258E-7
2527                      2.041237191613992E-7
2528                      2.0415274998610147E-7
2529                      2.0418442477598798E-7
2530                      2.04223763848979E-7
2531                      2.0427367672679546E-7
2532                      2.043271591938823E-7
2533                      2.0437442090727485E-7
2534                      2.0441797369739778E-7
2535                      2.0446753392714297E-7
2536                      2.0452973386919184E-7
2537                      2.0460582015928884E-7
2538                      2.0468120817343036E-7
2539                      2.0474349289154594E-7
2540                      2.0479870781514703E-7
2541                      2.048632649067209E-7
2542                      2.0494798299405513E-7
2543                      2.050371945328055E-7
2544                      2.0512563501275788E-7
2545                      2.052124338534965E-7
2546                      2.052989343477097E-7
2547                      2.053885533198126E-7
2548                      2.054845566282243E-7
2549                      2.055866020632688E-7
2550                      2.0569133646981901E-7
2551                      2.05795371446577E-7
2552                      2.0589849452513486E-7
2553                      2.060039118317869E-7
2554                      2.0611545949958584E-7
2555                      2.0623662463619682E-7
2556                      2.0636386003332823E-7
2557                      2.064860974067515E-7
2558                      2.0659444077557557E-7
2559                      2.0669672884782752E-7
2560                      2.0681960997318385E-7
2561                      2.0697185543292782E-7
2562                      2.0713999757782918E-7
2563                      2.0729695082761372E-7
2564                      2.0742427106496104E-7
2565                      2.075462776987473E-7
2566                      2.0767527865232976E-7
2567                      2.0781785300747868E-7
2568                      2.079709718579819E-7
2569                      2.081367009235068E-7
2570                      2.08306341188194E-7
2571                      2.0847058725317468E-7
2572                      2.0862556987949454E-7
2573                      2.087809982565302E-7
2574                      2.089415147315301E-7
2575                      2.0910964366715256E-7
2576                      2.092875954042946E-7
2577                      2.0947317188579195E-7
2578                      2.0966070379832532E-7
2579                      2.0984441058015747E-7
2580                      2.1001781836255186E-7
2581                      2.1018410429684868E-7
2582                      2.1036103190263083E-7
2583                      2.1057379717555676E-7
2584                      2.1083293941866373E-7
2585                      2.1110935573452043E-7
2586                      2.1129893233178443E-7
2587                      2.1141420862041106E-7
2588                      2.1150140262171648E-7
2589                      2.116950728947725E-7
2590                      2.1198564178151214E-7
2591                      2.1227334332785515E-7
2592                      2.125494396598348E-7
2593                      2.128020720668417E-7
2594                      2.1303825463603744E-7
2595                      2.1324928895400304E-7
2596                      2.1344790126235528E-7
2597                      2.1365419481954146E-7
2598                      2.1389750507820267E-7
2599                      2.1416918656189733E-7
2600                      2.1446341222435538E-7
2601                      2.1478965890138156E-7
2602                      2.1513839098596625E-7
2603                      2.154901778781463E-7
2604                      2.1582089277067853E-7
2605                      2.1609120411794362E-7
2606                      2.162744998853492E-7
2607                      2.163878019499401E-7
2608                      2.1658913638425835E-7
2609                      2.1718727314349173E-7
2610                      2.1791151121410282E-7
2611                      2.1850199799282346E-7
2612                      2.1824228474696654E-7
2613                      2.1853783078318182E-7
2614                      2.1979313227658174E-7
2615                      2.1986123914611647E-7
2616                      1.8691972628138905E-7
2617                      3.724999651162934E-7
2618                      5.08429169582294E-7
2619                      6.216416739301057E-7
2620                      7.222867853539358E-7
2621                      8.186909051682392E-7
2622                      9.146765771196518E-7
2623                      1.0138972405403273E-6
2624                      1.1176450194325154E-6
2625                      1.230366972123191E-6
2626                      1.3573418301297782E-6
2627                      1.5053045759054816E-6
2628                      1.6813219877633492E-6
2629                      1.8968298821468806E-6
2630                      2.1665083993541055E-6
2631                      2.507608135389558E-6
2632                      2.9385731800441967E-6
2633                      3.4766227397168295E-6
2634                      4.1318923218400345E-6
2635                      4.897196321727503E-6
2636                      5.7207958741644154E-6
2637                      6.466187960911364E-6
2638                      6.893714809638359E-6
2639                      6.698265759052622E-6
2640                      5.819234055709499E-6
2641                      5.064586553056957E-6
2642                      5.610992673487432E-6
2643                      7.841884476575234E-6
2644                      1.1790141016298702E-5
2645                      1.6761956520059242E-5
2646                      2.1612355134952542E-5
2647                      2.5424091965276776E-5
2648                      2.7253416266803123E-5
2649                      2.6637787877002066E-5
2650                      2.4833124668913794E-5
2651                      2.367474647605567E-5
2652                      2.3999803792532776E-5
2653                      2.2624475033873842E-5
2654                      1.7587772690923404E-5
2655                      1.069072209860855E-5
2656                      4.8376915749501605E-6
2657                      3.017536152550757E-6
2658                      3.998576768564317E-6
2659                      8.108784453033145E-6
2660                      1.628020295344607E-5
2661                      2.5438122070157608E-5
2662                      3.1867348504988416E-5
2663                      3.0192144947479E-5
2664                      2.3081204111225525E-5
2665                      1.630094470251751E-5
2666                      9.38200712017492E-6
2667                      4.962045472472451E-6
2668                      4.36933937192951E-6
2669                      5.296482430575345E-6
2670                      3.907356266995602E-6
2671                      1.8735430005396066E-6
2672                      3.193733691565369E-6
2673                      7.829414841222865E-6
2674                      1.1435951748164778E-5
2675                      1.081616388553451E-5
2676                      7.112513900727591E-6
2677                      4.10236221090566E-6
2678                      5.926069026869301E-7
2679                      -2.2126606665944963E-6
2680                      -2.796658453056556E-6
2681                      -2.8217986025869384E-6
2682                      -2.735273021455958E-6
2683                      -2.6068282506120956E-6
2684                      -2.428892930874465E-6
2685                      -2.167458026920366E-6
2686                      -1.8167081057801554E-6
2687                      -1.4237618953652959E-6
2688                      -1.2510262981660632E-6
2689                      -1.6063770238375053E-6
2690                      -2.3019220509938103E-6
2691                      -2.4502514288913942E-6
2692                      -1.4496236755692232E-6
2693                      -4.6174286434956437E-7
2694                      -1.26685898576507E-6
2695                      -3.7697267110012008E-6
2696                      -5.838486851567938E-6
2697                      -6.11170682986029E-6
2698                      -5.2020707737559645E-6
2699                      -5.029336940024393E-6
2700                      -6.443207148337619E-6
2701                      -8.545268384925876E-6
2702                      -1.0065589525647502E-5
2703                      -1.3058054159928315E-5
2704                      -2.0893868329757833E-5
2705                      -3.231872180036919E-5
2706                      -4.250482491417523E-5
2707                      -4.809203452855711E-5
2708                      -4.8081425608137007E-5
2709                      -4.242387639675398E-5
2710                      -2.8936078983829482E-5
2711                      -7.4657400207309025E-6
2712                      2.279412694097631E-5
2713                      5.920792912291308E-5
2714                      9.489721633264281E-5
2715                      1.2321397530452426E-4
2716                      1.4159370078845393E-4
2717                      1.500298097205791E-4
2718                      1.493581164815688E-4
2719                      1.4027390205339357E-4
2720                      1.2193309707785038E-4
2721                      1.0176213350662506E-4
2722                      8.749705657127953E-5
2723                      8.05654279097763E-5
2724                      9.193956378590281E-5
2725                      8.203748867793641E-5
2726                      5.112977500436246E-5
2727                      3.9634690627059644E-5
2728                      4.2980569241476843E-5
2729                      3.911219715892981E-5
2730                      2.680976076338765E-5
2731                      2.7677920899005204E-5
2732                      2.4456736335873688E-5
2733                      4.77280469127542E-6
2734                      -6.40286341021016E-6
2735                      -8.966818989605797E-6
2736                      -9.140215362668546E-6
2737                      -7.450375099617577E-6
2738                      -6.8423567064153276E-6
2739                      -6.618333642824316E-6
2740                      -6.568546937370796E-6
2741                      -6.666765192016338E-6
2742                      -6.917230528020096E-6
2743                      -7.337983186810694E-6
2744                      -7.95667344608193E-6
2745                      -8.78785543907603E-6
2746                      -9.803679369017708E-6
2747                      -1.0882201324597274E-5
2748                      -1.1795274468509055E-5
2749                      -1.2353338652981846E-5
2750                      -1.2459357943228968E-5
2751                      -1.2134166844622173E-5
2752                      -1.1458646248323516E-5
2753                      -1.0559238268730258E-5
2754                      -9.635875222324924E-6
2755                      -8.951799382148654E-6
2756                      -8.725625940950312E-6
2757                      -9.006275306443456E-6
2758                      -9.612102980005263E-6
2759                      -1.0160250569218583E-5
2760                      -1.025637714960429E-5
2761                      -9.781545365689722E-6
2762                      -8.892455797420486E-6
2763                      -8.070721326961414E-6
2764                      -7.256685087677356E-6
2765                      -6.491968017608423E-6
2766                      -5.753778464699973E-6
2767                      -5.084596196492895E-6
2768                      -4.565054815173364E-6
2769                      -4.220731993905807E-6
2770                      -3.9705243060185E-6
2771                      -3.596089246690439E-6
2772                      -2.963680412047104E-6
2773                      -2.172091064543566E-6
2774                      -1.4518643029557944E-6
2775                      -9.939460179100135E-7
2776                      -7.083790059287401E-7
2777                      -5.471399168896181E-7
2778                      -4.6248173440574004E-7
2779                      -4.0586432954543616E-7
2780                      -3.6266265204005913E-7
2781                      -3.2542154639812445E-7
2782                      -2.904541743894615E-7
2783                      -2.561497477596828E-7
2784                      -2.219005047230524E-7
2785                      -1.8753483316752358E-7
2786                      -1.5302079905230324E-7
2787                      -1.185407348251765E-7
2788                      -8.394688787571739E-8
2789                      -4.957565379238069E-8
2790                      -1.5295232477177017E-8
2791                      1.871291656017611E-8
2792                      5.261204024880299E-8
2793                      8.619792565934072E-8
2794                      1.1958449695895413E-7
2795                      1.526829136779944E-7
2796                      1.8554773074601864E-7
2797                      2.1813543851925628E-7
2798                      2.50474401848147E-7
2799                      2.82542349642818E-7
2800                      3.143561957922125E-7
2801                      3.459042028430834E-7
2802                      3.7719774669253545E-7
2803                      4.082304529601005E-7
2804                      4.390108238987235E-7
2805                      4.695357691114068E-7
2806                      4.998108268990882E-7
2807                      5.298358872101648E-7
2808                      5.59615309040955E-7
2809                      5.891503535446142E-7
2810                      6.184444845005701E-7
2811                      6.474995552067467E-7
2812                      6.763187169155286E-7
2813                      7.049043958939075E-7
2814                      7.332596381126534E-7
2815                      7.613871335217205E-7
2816                      7.89289849913116E-7
2817                      8.169706997647095E-7
2818                      8.444327205727332E-7
2819                      8.716790245134483E-7
2820                      8.987127441328555E-7
2821                      9.255371306346772E-7
2822                      9.521554244330355E-7
2823                      9.78570993606404E-7
2824                      1.0047873002948286E-6
2825                      1.0308078844822554E-6
2826                      1.056636352891386E-6
2827                      1.0822763896596883E-6
2828                      1.107731794852439E-6
2829                      1.1330065003518154E-6
2830                      1.1581045272020843E-6
2831                      1.1830299570470549E-6
2832                      1.2077870004691783E-6
2833                      1.2323800756646914E-6
2834                      1.2568137501553497E-6
2835                      1.2810926123058824E-6
2836                      1.3052213231712923E-6
2837                      1.3292048583552756E-6
2838                      1.353048504097093E-6
2839                      1.376757617277814E-6
2840                      1.400337519832294E-6
2841                      1.4237937233492292E-6
2842                      1.4471321990719289E-6
2843                      1.47035937393479E-6
2844                      1.4934816616667357E-6
2845                      1.51650523659007E-6
2846                      1.539436708686791E-6
2847                      1.5622837602481373E-6
2848                      1.5850545742887654E-6
2849                      1.6077568575982752E-6
2850                      1.6303979154398454E-6
2851                      1.652985876873286E-6
2852                      1.6755304934692417E-6
2853                      1.6980425460489624E-6
2854                      1.7205317417190536E-6
2855                      1.743006778525278E-6
2856                      1.7654777457463456E-6
2857                      1.7879577619414331E-6
2858                      1.810461386189296E-6
2859                      1.8330015774350964E-6
2860                      1.855588607928262E-6
2861                      1.8782349028731383E-6
2862                      1.900959425534603E-6
2863                      1.923784046176211E-6
2864                      1.9467261514991582E-6
2865                      1.969797599368558E-6
2866                      1.9930130392470564E-6
2867                      2.0163980027385298E-6
2868                      2.039987935360498E-6
2869                      2.0638097942646277E-6
2870                      2.087876196162685E-6
2871                      2.112201812622694E-6
2872                      2.136823687289241E-6
2873                      2.161798308080687E-6
2874                      2.18717459724962E-6
2875                      2.212975059256059E-6
2876                      2.239219773905675E-6
2877                      2.2659492680294905E-6
2878                      2.2932285495620204E-6
2879                      2.321133579933065E-6
2880                      2.349735112058601E-6
2881                      2.37909435916451E-6
2882                      2.4092695709959205E-6
2883                      2.4403368781695086E-6
2884                      2.4724041333376204E-6
2885                      2.505599168265842E-6
2886                      2.540043177061047E-6
2887                      2.575843092658724E-6
2888                      2.6131210530691226E-6
2889                      2.6520550466230903E-6
2890                      2.692883558292063E-6
2891                      2.7358630467641206E-6
2892                      2.781218630383382E-6
2893                      2.8291964189158098E-6
2894                      2.8801206739968092E-6
2895                      2.934419499008023E-6
2896                      2.992615423070877E-6
2897                      3.0553375219115873E-6
2898                      3.123289816890271E-6
2899                      3.1972506115385846E-6
2900                      3.278155779065169E-6
2901                      3.36723508249119E-6
2902                      3.4661121825319376E-6
2903                      3.576860971860193E-6
2904                      3.7019844010429504E-6
2905                      3.844495718866874E-6
2906                      4.008323379212425E-6
2907                      4.198971473269365E-6
2908                      4.424014717230788E-6
2909                      4.692939605006253E-6
2910                      5.017533003065527E-6
2911                      5.413120205854284E-6
2912                      5.898958819761377E-6
2913                      6.4958100543519566E-6
2914                      7.219370233310589E-6
2915                      8.067630130091717E-6
2916                      9.00106415772139E-6
2917                      9.923033487000045E-6
2918                      1.0679755588032826E-5
2919                      1.1092789562518646E-5
2920                      1.1004515791497192E-5
2921                      1.030015424318957E-5
2922                      8.900490643339338E-6
2923                      6.751937201656061E-6
2924                      3.835829679288996E-6
2925                      2.1365437105305045E-7
2926                      -3.867263146969664E-6
2927                      -7.837047429546415E-6
2928                      -1.0801868926983704E-5
2929                      -1.1829739307678755E-5
2930                      -1.0434700221799735E-5
2931                      -7.032554506950037E-6
2932                      -2.941265446461264E-6
2933                      3.371550288036986E-7
2934                      1.9218351711541284E-6
2935                      1.813821327007522E-6
2936                      5.73812516987092E-7
2937                      -9.73887810231072E-7
2938                      -2.2416506461374937E-6
2939                      -3.089912483785265E-6
2940                      -3.5028332217977185E-6
2941                      -3.463828049369189E-6
2942                      -3.0925201812070317E-6
2943                      -2.586612136194793E-6
2944                      -2.0089545858793486E-6
2945                      -1.4177935449595101E-6
2946                      -8.909846655036612E-7
2947                      -4.947598054402976E-7
2948                      -2.326318170779048E-7
2949                      -6.902241642295457E-8
2950                      3.3549749037773986E-8
2951                      9.091387739845329E-8
2952                      1.1786226914380459E-7
2953                      1.263681814583929E-7
2954                      1.2823113050712111E-7
2955                      1.293565151879582E-7
2956                      1.3085961274492854E-7
2957                      1.3215214759307588E-7
2958                      1.3308448363924833E-7
2959                      1.3376021069787613E-7
2960                      1.342969597306051E-7
2961                      1.3475840013849226E-7
2962                      1.3518891319396113E-7
2963                      1.3560668830968174E-7
2964                      1.360187076943191E-7
2965                      1.3642594672500088E-7
2966                      1.368281593626744E-7
2967                      1.3722496601620233E-7
2968                      1.376170305631341E-7
2969                      1.380049466649083E-7
2970                      1.3838914319938512E-7
2971                      1.3877009052710773E-7
2972                      1.3914805066954619E-7
2973                      1.395231759024992E-7
2974                      1.3989553055614723E-7
2975                      1.402651667563693E-7
2976                      1.4063210058876832E-7
2977                      1.409963791536413E-7
2978                      1.413580234743121E-7
2979                      1.4171708597150517E-7
2980                      1.4207359956165265E-7
2981                      1.4242759529676895E-7
2982                      1.4277909758069658E-7
2983                      1.4312813736931172E-7
2984                      1.434747430738375E-7
2985                      1.4381893981685442E-7
2986                      1.4416075546680354E-7
2987                      1.4450021808889505E-7
2988                      1.4483735435122947E-7
2989                      1.4517219032055117E-7
2990                      1.4550475259231913E-7
2991                      1.4583506793310652E-7
2992                      1.4616316131301431E-7
2993                      1.4648905861232785E-7
2994                      1.4681278609984276E-7
2995                      1.4713436861732776E-7
2996                      1.4745382951887034E-7
2997                      1.477711961836179E-7
2998                      1.480864940688238E-7
2999                      1.4839974478580861E-7
3000                      1.487109726092322E-7
3001                      1.4902020427079367E-7
3002                      1.4932746343641402E-7
3003                      1.4963277146626516E-7
3004                      1.4993615157364077E-7
3005                      1.502376312041939E-7
3006                      1.5053723403157722E-7
3007                      1.5083497538864903E-7
3008                      1.511308768173545E-7
3009                      1.514249749893888E-7
3010                      1.517173002486129E-7
3011                      1.5200783954384485E-7
3012                      1.5229659765520333E-7
3013                      1.525836654144121E-7
3014                      1.5286910595346253E-7
3015                      1.5315280934210802E-7
3016                      1.5343470000014756E-7
3017                      1.5371507245262597E-7
3018                      1.539940079021694E-7
3019                      1.5427123444831505E-7
3020                      1.5454667045570463E-7
3021                      1.5482064027237625E-7
3022                      1.5509345945257023E-7
3023                      1.5536453269960338E-7
3024                      1.5563364560782725E-7
3025                      1.5590148626623532E-7
3026                      1.5616843509314677E-7
3027                      1.5643381786065245E-7
3028                      1.566972299468699E-7
3029                      1.5695934180278155E-7
3030                      1.5722035620178325E-7
3031                      1.5748002143962876E-7
3032                      1.5773821225838688E-7
3033                      1.5799498784052068E-7
3034                      1.582505790594594E-7
3035                      1.5850500194239793E-7
3036                      1.5875801797572068E-7
3037                      1.590095970087783E-7
3038                      1.5926011684343566E-7
3039                      1.5950949957215695E-7
3040                      1.5975760655004826E-7
3041                      1.6000446291350687E-7
3042                      1.6025016663847802E-7
3043                      1.6049476866633293E-7
3044                      1.6073821602147963E-7
3045                      1.6098046867147405E-7
3046                      1.6122161027831266E-7
3047                      1.614617492211113E-7
3048                      1.6170084504688758E-7
3049                      1.6193877630565876E-7
3050                      1.621756428857943E-7
3051                      1.6241152955325918E-7
3052                      1.62646431347449E-7
3053                      1.6288031331405505E-7
3054                      1.6311316418261953E-7
3055                      1.633450505195475E-7
3056                      1.6357603563735333E-7
3057                      1.638060873551683E-7
3058                      1.640351397147367E-7
3059                      1.6426323647742282E-7
3060                      1.644905193167614E-7
3061                      1.6471695027491233E-7
3062                      1.6494246628115521E-7
3063                      1.6516708616801063E-7
3064                      1.6539085998947098E-7
3065                      1.6561384157615718E-7
3066                      1.65836019146566E-7
3067                      1.6605733578382726E-7
3068                      1.66277811112993E-7
3069                      1.6649755739333875E-7
3070                      1.6671666909303962E-7
3071                      1.6693497452152588E-7
3072                      1.671521935801773E-7
3073                      1.6736860844381385E-7
3074                      1.6758488270845147E-7
3075                      1.6780084508753482E-7
3076                      1.6801549095028456E-7
3077                      1.6822854706661643E-7
3078                      1.6844130256722837E-7
3079                      1.6865558960547304E-7
3080                      1.6886964017017418E-7
3081                      1.69079307162855E-7
3082                      1.692856566246206E-7
3083                      1.69495360507033E-7
3084                      1.697107635076349E-7
3085                      1.6992360528913706E-7
3086                      1.701206856562386E-7
3087                      1.7031217771162912E-7
3088                      1.7052866982273583E-7
3089                      1.7076758202374281E-7
3090                      1.7098178474666095E-7
3091                      1.7116224910198013E-7
3092                      1.7134505610833246E-7
3093                      1.7155510944247463E-7
3094                      1.7177839114438932E-7
3095                      1.7198845285934652E-7
3096                      1.721697714349484E-7
3097                      1.7235117069557492E-7
3098                      1.7256782660434087E-7
3099                      1.7279645439287623E-7
3100                      1.730039281847969E-7
3101                      1.731879636238558E-7
3102                      1.733733255740372E-7
3103                      1.7358215061756766E-7
3104                      1.7378610857718597E-7
3105                      1.7398612195780992E-7
3106                      1.7418193276523504E-7
3107                      1.7437910609873926E-7
3108                      1.7457831976214734E-7
3109                      1.7477782782069249E-7
3110                      1.7497530133469416E-7
3111                      1.7517070731447218E-7
3112                      1.7536600248907276E-7
3113                      1.7556252896122154E-7
3114                      1.7576041254327004E-7
3115                      1.7595694628162997E-7
3116                      1.7614972483817918E-7
3117                      1.7634111176242543E-7
3118                      1.7653681234132637E-7
3119                      1.7674025825256708E-7
3120                      1.7693977265486723E-7
3121                      1.771267052318187E-7
3122                      1.7730965993373055E-7
3123                      1.775005289864747E-7
3124                      1.7770073884950622E-7
3125                      1.779010258884438E-7
3126                      1.7809311902023664E-7
3127                      1.7827393241069106E-7
3128                      1.7845722927589878E-7
3129                      1.7865593909928838E-7
3130                      1.788618040226226E-7
3131                      1.7905918461987128E-7
3132                      1.7924294128788165E-7
3133                      1.794229535613847E-7
3134                      1.7961183019844275E-7
3135                      1.7981774204738868E-7
3136                      1.8002528858524324E-7
3137                      1.80210154135564E-7
3138                      1.8037906426318528E-7
3139                      1.805554688321195E-7
3140                      1.8075561908247653E-7
3141                      1.8095445627609082E-7
3142                      1.811479059922977E-7
3143                      1.8133636394047862E-7
3144                      1.8152220495591686E-7
3145                      1.817102059441071E-7
3146                      1.8190182040576027E-7
3147                      1.8209499796022183E-7
3148                      1.8228599264325963E-7
3149                      1.824714142058953E-7
3150                      1.8265446530064107E-7
3151                      1.8284438129322091E-7
3152                      1.8304554035712117E-7
3153                      1.8324688957932177E-7
3154                      1.8343226229963213E-7
3155                      1.8360495222636235E-7
3156                      1.8378148448988066E-7
3157                      1.8397442036490372E-7
3158                      1.8418830610792344E-7
3159                      1.8439872490517108E-7
3160                      1.8457849411482804E-7
3161                      1.847356944632222E-7
3162                      1.8490141216837168E-7
3163                      1.8510302501526904E-7
3164                      1.8530807518117899E-7
3165                      1.8550654416953384E-7
3166                      1.8569590123204132E-7
3167                      1.8587828049403978E-7
3168                      1.8606158615982834E-7
3169                      1.862520272136852E-7
3170                      1.8644933874201744E-7
3171                      1.8664653748993887E-7
3172                      1.8683656023856017E-7
3173                      1.8701448793423902E-7
3174                      1.8718978278501412E-7
3175                      1.8738066408508557E-7
3176                      1.8758826755373213E-7
3177                      1.8779786607252022E-7
3178                      1.879919332576022E-7
3179                      1.8815544269206244E-7
3180                      1.883063767288022E-7
3181                      1.88518645850658E-7
3182                      1.887619657034293E-7
3183                      1.8895967270499023E-7
3184                      1.8911903122677414E-7
3185                      1.8927186425056128E-7
3186                      1.8947105631307744E-7
3187                      1.89682459517051E-7
3188                      1.8989182407355175E-7
3189                      1.9008966249179164E-7
3190                      1.9028018813046025E-7
3191                      1.9046315528306865E-7
3192                      1.9064797864557008E-7
3193                      1.9084182812207825E-7
3194                      1.910454456222024E-7
3195                      1.9125128163989015E-7
3196                      1.9144926728854312E-7
3197                      1.9162879105285818E-7
3198                      1.9179614460323315E-7
3199                      1.9198112328036902E-7
3200                      1.9219633534963104E-7
3201                      1.9243003043841572E-7
3202                      1.9265284036531165E-7
3203                      1.9283826824246105E-7
3204                      1.9301251895127685E-7
3205                      1.9349049771921618E-7
3206                      3.140173405460903E-8
3207                      9.074796433291673E-8
3208                      1.288722176885921E-7
3209                      1.5532910563914484E-7
3210                      1.7314701202585732E-7
3211                      1.8623328322763644E-7
3212                      1.9586799706444646E-7
3213                      2.0357854420678715E-7
3214                      2.0929298291973718E-7
3215                      2.1334048125001017E-7
3216                      2.1610142683007897E-7
3217                      2.1789937097982156E-7
3218                      2.189848783675576E-7
3219                      2.1954556200191014E-7
3220                      2.1972047022450494E-7
3221                      2.1961261435813633E-7
3222                      2.1929443826622595E-7
3223                      2.1882703832178904E-7
3224                      2.1825496994218493E-7
3225                      2.1761021249512E-7
3226                      2.1691630434113516E-7
3227                      2.1619073436838585E-7
3228                      2.1544660131154088E-7
3229                      2.1469368388537801E-7
3230                      2.1393925916270993E-7
3231                      2.131886972588879E-7
3232                      2.1244545204237282E-7
3233                      2.1171281151115475E-7
3234                      2.1099300880398527E-7
3235                      2.102874529241783E-7
3236                      2.095970003464388E-7
3237                      2.0892214596262414E-7
3238                      2.0826314674150208E-7
3239                      2.0762009598880856E-7
3240                      2.069929640273873E-7
3241                      2.0638164179093485E-7
3242                      2.05785924277366E-7
3243                      2.052055635090864E-7
3244                      2.0464028392945966E-7
3245                      2.0408979185811913E-7
3246                      2.0355377824654068E-7
3247                      2.0303193044556813E-7
3248                      2.0252393627924704E-7
3249                      2.0202947715676804E-7
3250                      2.0154822932949924E-7
3251                      2.0107988411719797E-7
3252                      2.0062415463947132E-7
3253                      2.0018074489272766E-7
3254                      1.9974933582635422E-7
3255                      1.993296432846954E-7
3256                      1.9892145094041706E-7
3257                      1.9852448498606003E-7
3258                      1.9813842648568118E-7
3259                      1.9776302905052347E-7
3260                      1.9739811435475746E-7
3261                      1.9704344840572967E-7
3262                      1.966987354392335E-7
3263                      1.9636374555824005E-7
3264                      1.960383348968849E-7
3265                      1.9572234214129402E-7
3266                      1.9541543587138858E-7
3267                      1.9511730650672638E-7
3268                      1.9482800720116088E-7
3269                      1.9454751413051823E-7
3270                      1.942753674222223E-7
3271                      1.940111378772011E-7
3272                      1.937549197500843E-7
3273                      1.9350691409269528E-7
3274                      1.93266742377455E-7
3275                      1.9303371575998433E-7
3276                      1.928080326376138E-7
3277                      1.9258979331164142E-7
3278                      1.9237876899948798E-7
3279                      1.9217464491896846E-7
3280                      1.9197729234808165E-7
3281                      1.9178666961903395E-7
3282                      1.916026731377274E-7
3283                      1.9142516806376401E-7
3284                      1.9125394952284707E-7
3285                      1.9108890162007135E-7
3286                      1.9092999786735456E-7
3287                      1.907771488355087E-7
3288                      1.906301339411928E-7
3289                      1.9048870860425491E-7
3290                      1.9035294709159688E-7
3291                      1.9022303244590017E-7
3292                      1.900987035096548E-7
3293                      1.8997939134508056E-7
3294                      1.8986498982500546E-7
3295                      1.8975605653957705E-7
3296                      1.8965285615883916E-7
3297                      1.8955457985465067E-7
3298                      1.89460252478327E-7
3299                      1.89370320487172E-7
3300                      1.892862857817404E-7
3301                      1.892075202248703E-7
3302                      1.8913283632363574E-7
3303                      1.8906191003121371E-7
3304                      1.8899539650825454E-7
3305                      1.8893377555255286E-7
3306                      1.888770659816571E-7
3307                      1.8882421333962999E-7
3308                      1.8877440938283393E-7
3309                      1.8872852719484662E-7
3310                      1.8868824680672807E-7
3311                      1.8865331913199755E-7
3312                      1.8862088752904348E-7
3313                      1.8858912512131505E-7
3314                      1.8856097394008457E-7
3315                      1.88541397777235E-7
3316                      1.885313316124076E-7
3317                      1.8851963799330024E-7
3318                      1.8850226148519193E-7
3319                      1.8848740966651534E-7
3320                      1.8848353802013924E-7
3321                      1.884895087171121E-7
3322                      1.8849733962278157E-7
3323                      1.8850094936535573E-7
3324                      1.8850850701178776E-7
3325                      1.8852087526827185E-7
3326                      1.8853787355785974E-7
3327                      1.8855793595846835E-7
3328                      1.8858098920611504E-7
3329                      1.8860668531884839E-7
3330                      1.886353302170355E-7
3331                      1.8866698168933994E-7
3332                      1.887016690877505E-7
3333                      1.887392581717769E-7
3334                      1.887796838661241E-7
3335                      1.8882292805348584E-7
3336                      1.8886907896151693E-7
3337                      1.889182108855219E-7
3338                      1.889702005758508E-7
3339                      1.890247598855661E-7
3340                      1.8908160988368926E-7
3341                      1.8914106048944517E-7
3342                      1.8920385475394025E-7
3343                      1.892703278008151E-7
3344                      1.893395725968982E-7
3345                      1.8940979789874273E-7
3346                      1.8948018605837535E-7
3347                      1.8955288587274456E-7
3348                      1.8963143035791688E-7
3349                      1.897163199642374E-7
3350                      1.8980427305894842E-7
3351                      1.89890888530288E-7
3352                      1.899749407003616E-7
3353                      1.9006001118132348E-7
3354                      1.901515551617325E-7
3355                      1.9025483875361662E-7
3356                      1.9036583548053932E-7
3357                      1.9046914489828691E-7
3358                      1.9055137619793565E-7
3359                      1.906230823284455E-7
3360                      1.90722801813087E-7
3361                      1.9086289738121028E-7
3362                      1.9102279022264625E-7
3363                      1.911631314121808E-7
3364                      1.9124255624379278E-7
3365                      1.9133593268092945E-7
3366                      1.9144677653406173E-7
3367                      1.9157529547871746E-7
3368                      1.9171933174698833E-7
3369                      1.9186761062547438E-7
3370                      1.920047882888408E-7
3371                      1.9212495883165203E-7
3372                      1.922294700229131E-7
3373                      1.9234310798649992E-7
3374                      1.9249023447629023E-7
3375                      1.9267301901663523E-7
3376                      1.9286842990004283E-7
3377                      1.930421062033588E-7
3378                      1.9315309371617578E-7
3379                      1.932737218121718E-7
3380                      1.934098789089436E-7
3381                      1.9356693913768835E-7
3382                      1.9373668838124322E-7
3383                      1.9391437713894804E-7
3384                      1.9409248745180137E-7
3385                      1.9426948244223424E-7
3386                      1.9444407122817594E-7
3387                      1.946185519045616E-7
3388                      1.9479438245621488E-7
3389                      1.9497414515479057E-7
3390                      1.9515971074458772E-7
3391                      1.9535245403918922E-7
3392                      1.9555168392547036E-7
3393                      1.9575535930622385E-7
3394                      1.9595915144908507E-7
3395                      1.9615853512499068E-7
3396                      1.9635239664758468E-7
3397                      1.9654661180847213E-7
3398                      1.9676084014743858E-7
3399                      1.9702591868786378E-7
3400                      1.9736274132997805E-7
3401                      1.9770012770658638E-7
3402                      1.9786189555718313E-7
3403                      1.9770033797177007E-7
3404                      1.9822825027119777E-7
3405                      1.9835663852248816E-7
3406                      1.9871521448295682E-7
3407                      1.9896769669834885E-7
3408                      1.9926308917607632E-7
3409                      1.995866959581555E-7
3410                      1.9992474566825887E-7
3411                      2.0027759765240633E-7
3412                      2.006569171829853E-7
3413                      2.014328232671733E-7
3414                      2.0294983684103356E-7
3415                      2.0224233084420595E-7
3416                      -1.199110131399158E-8
3417                      2.0502745103438816E-7
3418                      3.6352270569041707E-7
3419                      4.811518302733847E-7
3420                      5.785734812757123E-7
3421                      6.68276816062427E-7
3422                      7.544638832109439E-7
3423                      8.405492073597918E-7
3424                      9.298136154964925E-7
3425                      1.0233911182146487E-6
3426                      1.1253942481436057E-6
3427                      1.240661876210037E-6
3428                      1.3753901116261283E-6
3429                      1.5360974281262765E-6
3430                      1.7333453527471798E-6
3431                      1.9806302311017128E-6
3432                      2.2936959811636674E-6
3433                      2.689217211742305E-6
3434                      3.1824673876922233E-6
3435                      3.7813481194737462E-6
3436                      4.476933482254423E-6
3437                      5.2172777137698496E-6
3438                      5.871325347446135E-6
3439                      6.217446433778828E-6
3440                      5.992438301838376E-6
3441                      5.194994870457708E-6
3442                      4.590615546866742E-6
3443                      5.21619932096899E-6
3444                      7.350418706785663E-6
3445                      1.0971351287744608E-5
3446                      1.5402487741932697E-5
3447                      1.963115131361549E-5
3448                      2.287406217114105E-5
3449                      2.4281902418727872E-5
3450                      2.3584466251772647E-5
3451                      2.1912156929352125E-5
3452                      2.104500498111483E-5
3453                      2.1392850476032225E-5
3454                      1.981377377837626E-5
3455                      1.5133076128415386E-5
3456                      8.958026232745568E-6
3457                      4.085135749109272E-6
3458                      2.828049549365879E-6
3459                      3.9961841937643605E-6
3460                      7.916657799420731E-6
3461                      1.5205187641852483E-5
3462                      2.3246038699669758E-5
3463                      2.839379421518541E-5
3464                      2.6208172741187894E-5
3465                      1.9869415110644476E-5
3466                      1.3936108445716745E-5
3467                      7.758468557279076E-6
3468                      4.286121856757208E-6
3469                      4.0346791780469554E-6
3470                      4.815615876173845E-6
3471                      3.4010085556384197E-6
3472                      1.6828505459350355E-6
3473                      3.149355701856973E-6
3474                      7.3300265099268485E-6
3475                      1.0296431418288E-5
3476                      9.354537713810807E-6
3477                      6.074327436318981E-6
3478                      3.221695671361556E-6
3479                      1.7713889831818944E-7
3480                      -2.1212685446815097E-6
3481                      -2.5327685974970983E-6
3482                      -2.5091834739425504E-6
3483                      -2.446393435916516E-6
3484                      -2.3262115425583163E-6
3485                      -2.1571067794613494E-6
3486                      -1.90213035734378E-6
3487                      -1.5369954823511097E-6
3488                      -1.214655034889264E-6
3489                      -1.2052782872802364E-6
3490                      -1.6879207730951415E-6
3491                      -2.1645775674497974E-6
3492                      -1.8424370013818325E-6
3493                      -8.750241049256235E-7
3494                      -5.037409796157375E-7
3495                      -2.0053018376654052E-6
3496                      -4.320762546071547E-6
3497                      -5.495792582965107E-6
3498                      -5.170023339017818E-6
3499                      -4.417393549129505E-6
3500                      -4.780919467487735E-6
3501                      -6.549531277909261E-6
3502                      -8.173873200112034E-6
3503                      -9.65345151159936E-6
3504                      -1.3888693245015524E-5
3505                      -2.2478646809178954E-5
3506                      -3.250130234417714E-5
3507                      -4.0090129846018056E-5
3508                      -4.3099239923238396E-5
3509                      -4.1074205656942316E-5
3510                      -3.3330751213227075E-5
3511                      -1.8656382284604938E-5
3512                      3.5721870684045857E-6
3513                      3.316025596317076E-5
3514                      6.609951382651955E-5
3515                      9.538101740929998E-5
3516                      1.1684423298733565E-4
3517                      1.293234198752602E-4
3518                      1.3343314487773792E-4
3519                      1.2976455917333273E-4
3520                      1.1842401821872146E-4
3521                      1.0081422109842414E-4
3522                      8.461897609384926E-5
3523                      7.354921926586546E-5
3524                      7.542938870947944E-5
3525                      8.255517301129431E-5
3526                      6.222654356597459E-5
3527                      3.888915251397222E-5
3528                      3.716985636991539E-5
3529                      3.9013786506975935E-5
3530                      3.095997360439231E-5
3531                      2.2880948164068606E-5
3532                      2.665316828838227E-5
3533                      1.5021067722043567E-5
3534                      -1.3997905640897963E-6
3535                      -6.181701684181449E-6
3536                      -8.854094271062412E-6
3537                      -7.366358737653241E-6
3538                      -6.234325165157517E-6
3539                      -5.865599817857247E-6
3540                      -5.715497818389818E-6
3541                      -5.699636186918888E-6
3542                      -5.805184537251802E-6
3543                      -6.038067020995726E-6
3544                      -6.4179231658837875E-6
3545                      -6.973502196096681E-6
3546                      -7.723832352230577E-6
3547                      -8.644329923533243E-6
3548                      -9.616389456228928E-6
3549                      -1.0434769900240974E-5
3550                      -1.0899920820124339E-5
3551                      -1.0971196104301824E-5
3552                      -1.0669173500863459E-5
3553                      -1.006335345298616E-5
3554                      -9.28441178439822E-6
3555                      -8.524804443515153E-6
3556                      -7.990325276243965E-6
3557                      -7.817690493899468E-6
3558                      -8.026528216852562E-6
3559                      -8.493753286661551E-6
3560                      -8.94730963080161E-6
3561                      -9.074312634325466E-6
3562                      -8.723467770364412E-6
3563                      -7.977841580181921E-6
3564                      -7.082037606899675E-6
3565                      -6.418190596593472E-6
3566                      -5.755912739479485E-6
3567                      -5.098617887145723E-6
3568                      -4.506078546979353E-6
3569                      -4.045543569074218E-6
3570                      -3.77637957690923E-6
3571                      -3.5427316178859175E-6
3572                      -3.1597245616753623E-6
3573                      -2.572904797498875E-6
3574                      -1.88035985317844E-6
3575                      -1.2533765564676374E-6
3576                      -8.163997005060917E-7
3577                      -5.716130903385934E-7
3578                      -4.424752105058473E-7
3579                      -3.722363887914378E-7
3580                      -3.27857247181666E-7
3581                      -2.9500574999264144E-7
3582                      -2.650354749699448E-7
3583                      -2.3458945703757483E-7
3584                      -2.0347123464313548E-7
3585                      -1.7221711770048435E-7
3586                      -1.4100645611286346E-7
3587                      -1.0987294544384442E-7
3588                      -7.878733759150778E-8
3589                      -4.787613873921036E-8
3590                      -1.6951900914531745E-8
3591                      1.3734221021981263E-8
3592                      4.4292999571418016E-8
3593                      7.458442328009434E-8
3594                      1.0474970783088853E-7
3595                      1.3465043047823113E-7
3596                      1.6433076246783731E-7
3597                      1.9378784485957169E-7
3598                      2.2299743681616436E-7
3599                      2.5199141823571686E-7
3600                      2.807351486577801E-7
3601                      3.092611303844733E-7
3602                      3.375423106718133E-7
3603                      3.6560324171674546E-7
3604                      3.934265700733259E-7
3605                      4.210289162956426E-7
3606                      4.4840056542146925E-7
3607                      4.755523449187496E-7
3608                      5.024796791253282E-7
3609                      5.291896918797724E-7
3610                      5.556809823064102E-7
3611                      5.819585010279646E-7
3612                      6.080228510508295E-7
3613                      6.33877126203455E-7
3614                      6.595229180426088E-7
3615                      6.849638537844062E-7
3616                      7.102015805283027E-7
3617                      7.352401504374717E-7
3618                      7.600806455338092E-7
3619                      7.847277194215316E-7
3620                      8.091827669370134E-7
3621                      8.334497132632889E-7
3622                      8.575306324121239E-7
3623                      8.814285557491906E-7
3624                      9.051458781825117E-7
3625                      9.286861810194367E-7
3626                      9.520525234608346E-7
3627                      9.752488700376659E-7
3628                      9.982780999775757E-7
3629                      1.0211439958122113E-6
3630                      1.0438494923946848E-6
3631                      1.0663988151891993E-6
3632                      1.0887952658149123E-6
3633                      1.1110432731948792E-6
3634                      1.1331461885392242E-6
3635                      1.1551085920048594E-6
3636                      1.1769341351361635E-6
3637                      1.198627752062576E-6
3638                      1.2201934320527698E-6
3639                      1.2416363385762302E-6
3640                      1.2629607488398145E-6
3641                      1.2841721092695613E-6
3642                      1.3052751330352869E-6
3643                      1.3262756358522644E-6
3644                      1.3471787908977219E-6
3645                      1.3679907639059982E-6
3646                      1.3887172212518318E-6
3647                      1.4093647645110625E-6
3648                      1.4299396613039021E-6
3649                      1.4504490319804637E-6
3650                      1.4708997954227118E-6
3651                      1.4912996490400337E-6
3652                      1.5116562435775723E-6
3653                      1.5319779749243262E-6
3654                      1.5522733438738838E-6
3655                      1.5725515684994899E-6
3656                      1.5928221063776714E-6
3657                      1.6130951321610663E-6
3658                      1.6333812060285045E-6
3659                      1.6536916425667048E-6
3660                      1.6740382895212097E-6
3661                      1.6944339726754506E-6
3662                      1.7148921649423845E-6
3663                      1.7354269740048952E-6
3664                      1.7560531246903715E-6
3665                      1.7767867446590152E-6
3666                      1.7976452686856281E-6
3667                      1.8186472319897527E-6
3668                      1.8398121022735787E-6
3669                      1.861161218691359E-6
3670                      1.8827173492101234E-6
3671                      1.9045052567006484E-6
3672                      1.926551881578978E-6
3673                      1.948886150790973E-6
3674                      1.9715384756514027E-6
3675                      1.9945416392048025E-6
3676                      2.0179317699222437E-6
3677                      2.0417497974064238E-6
3678                      2.06604045436706E-6
3679                      2.0908517431223164E-6
3680                      2.1162344427016257E-6
3681                      2.142245398082342E-6
3682                      2.1689489969924837E-6
3683                      2.1964187939511957E-6
3684                      2.2247344562173653E-6
3685                      2.253982689832326E-6
3686                      2.284258007060968E-6
3687                      2.315670529942491E-6
3688                      2.3483474168081364E-6
3689                      2.382435174487095E-6
3690                      2.418093386654627E-6
3691                      2.455500714856021E-6
3692                      2.4948607753005046E-6
3693                      2.536420189229227E-6
3694                      2.580469082516129E-6
3695                      2.627345599464994E-6
3696                      2.67742977565435E-6
3697                      2.73116901285773E-6
3698                      2.789102152230593E-6
3699                      2.8519021182591464E-6
3700                      2.9203837279096287E-6
3701                      2.995531829669077E-6
3702                      3.0785301775916618E-6
3703                      3.1708648981536238E-6
3704                      3.274431447478394E-6
3705                      3.3916864938448113E-6
3706                      3.525776994881932E-6
3707                      3.6807693755787276E-6
3708                      3.861952288260572E-6
3709                      4.076326611651722E-6
3710                      4.3333702424072E-6
3711                      4.645498113530889E-6
3712                      5.027727950484205E-6
3713                      5.497074202639311E-6
3714                      6.070496359934601E-6
3715                      6.75797035608207E-6
3716                      7.5473594466545434E-6
3717                      8.38378529042312E-6
3718                      9.157676899420583E-6
3719                      9.719210891841472E-6
3720                      9.916278778268866E-6
3721                      9.626210960592303E-6
3722                      8.760828540260723E-6
3723                      7.258537657952682E-6
3724                      5.083721592866018E-6
3725                      2.2439946000287186E-6
3726                      -1.1524431359977096E-6
3727                      -4.782434674185801E-6
3728                      -8.010820839775734E-6
3729                      -9.988153033590411E-6
3730                      -9.998278745053293E-6
3731                      -7.911204304349466E-6
3732                      -4.486275693721701E-6
3733                      -1.0742974332375414E-6
3734                      1.2367057766000857E-6
3735                      2.040911609631885E-6
3736                      1.475721019107831E-6
3737                      1.509494550786623E-7
3738                      -1.2088268985873014E-6
3739                      -2.229431740271594E-6
3740                      -2.85681669383867E-6
3741                      -3.078228011972096E-6
3742                      -2.932544794545934E-6
3743                      -2.5542171649985113E-6
3744                      -2.0642690533290674E-6
3745                      -1.5364114892995912E-6
3746                      -1.0295851142401604E-6
3747                      -6.142368651095758E-7
3748                      -3.303489398161406E-7
3749                      -1.428219340820545E-7
3750                      -8.575411342519866E-9
3751                      6.329482435994216E-8
3752                      9.584988894341992E-8
3753                      1.0975059989051903E-7
3754                      1.1605091521088025E-7
3755                      1.1956735820818805E-7
3756                      1.221242966248148E-7
3757                      1.2374022093448992E-7
3758                      1.247376491186646E-7
3759                      1.253980847450281E-7
3760                      1.2587411694172493E-7
3761                      1.2628546568783995E-7
3762                      1.2668112398403567E-7
3763                      1.2707116240041557E-7
3764                      1.2745112763508953E-7
3765                      1.2782121330296044E-7
3766                      1.2818378731367202E-7
3767                      1.2854073999206213E-7
3768                      1.2889328523081207E-7
3769                      1.292422689149531E-7
3770                      1.2958819191633426E-7
3771                      1.2993128116117733E-7
3772                      1.302716523514487E-7
3773                      1.3060938701127436E-7
3774                      1.3094455359086057E-7
3775                      1.312772103566009E-7
3776                      1.3160740666892364E-7
3777                      1.3193518184522452E-7
3778                      1.32260569421869E-7
3779                      1.3258360000251995E-7
3780                      1.329043027374368E-7
3781                      1.3322270568697796E-7
3782                      1.3353883581487876E-7
3783                      1.338527190675134E-7
3784                      1.3416438074994718E-7
3785                      1.3447384587251174E-7
3786                      1.347811391770259E-7
3787                      1.3508628507744242E-7
3788                      1.3538930776100052E-7
3789                      1.3569023126067784E-7
3790                      1.3598907937705665E-7
3791                      1.3628587556788432E-7
3792                      1.365806432292002E-7
3793                      1.368734058905699E-7
3794                      1.371641864667927E-7
3795                      1.3745300712009938E-7
3796                      1.3773989111653007E-7
3797                      1.3802486195719685E-7
3798                      1.3830794071600163E-7
3799                      1.3858914840750994E-7
3800                      1.388685091245101E-7
3801                      1.3914604562425664E-7
3802                      1.3942177608972122E-7
3803                      1.396957203482443E-7
3804                      1.3996790778655996E-7
3805                      1.40238358692388E-7
3806                      1.405070811986067E-7
3807                      1.4077410119653998E-7
3808                      1.4103945720915815E-7
3809                      1.413031561573201E-7
3810                      1.415651993304912E-7
3811                      1.418256281477457E-7
3812                      1.4208447235681293E-7
3813                      1.4234173359048443E-7
3814                      1.4259742702069577E-7
3815                      1.4285158643883027E-7
3816                      1.4310423660525678E-7
3817                      1.4335537284511577E-7
3818                      1.4360501187425008E-7
3819                      1.4385321194369826E-7
3820                      1.4409998565231646E-7
3821                      1.4434528715008587E-7
3822                      1.4458915714835423E-7
3823                      1.448317054693816E-7
3824                      1.4507288875355144E-7
3825                      1.4531265541998262E-7
3826                      1.4555108094521627E-7
3827                      1.4578823805961105E-7
3828                      1.4602408857338888E-7
3829                      1.4625860600537248E-7
3830                      1.4649186019359436E-7
3831                      1.4672390268226926E-7
3832                      1.469546995641533E-7
3833                      1.4718421708895103E-7
3834                      1.474125600990498E-7
3835                      1.4763978309939685E-7
3836                      1.4786580065742242E-7
3837                      1.4809059395150555E-7
3838                      1.4831427711192263E-7
3839                      1.4853689791908395E-7
3840                      1.4875837715568662E-7
3841                      1.4897866104828444E-7
3842                      1.4919795182790108E-7
3843                      1.4941626843717142E-7
3844                      1.4963344842172882E-7
3845                      1.49849493031223E-7
3846                      1.5006459743894503E-7
3847                      1.5027886698687243E-7
3848                      1.5049196564333344E-7
3849                      1.5070391128747239E-7
3850                      1.5091506756800275E-7
3851                      1.5112547476437354E-7
3852                      1.5133477656734233E-7
3853                      1.5154277951524973E-7
3854                      1.5175022851842593E-7
3855                      1.5195718587776203E-7
3856                      1.5216290909880642E-7
3857                      1.5236725725603067E-7
3858                      1.5257105896495166E-7
3859                      1.5277495039889536E-7
3860                      1.5297728098062933E-7
3861                      1.5317771139835007E-7
3862                      1.5337798909533586E-7
3863                      1.5357883839712398E-7
3864                      1.5377840028557346E-7
3865                      1.5397586309802875E-7
3866                      1.541728960701505E-7
3867                      1.5436989228499292E-7
3868                      1.5456616528027404E-7
3869                      1.5476135372515558E-7
3870                      1.5495561542724578E-7
3871                      1.5514953498239126E-7
3872                      1.5534305946411947E-7
3873                      1.5553553188449792E-7
3874                      1.5572687970495316E-7
3875                      1.5591804861034557E-7
3876                      1.5610876811354616E-7
3877                      1.5629868375088717E-7
3878                      1.564877731088265E-7
3879                      1.566763107695925E-7
3880                      1.568643373063056E-7
3881                      1.5705177177424763E-7
3882                      1.572385503686781E-7
3883                      1.5742470961446748E-7
3884                      1.576103597754544E-7
3885                      1.577955180543156E-7
3886                      1.5798006938651598E-7
3887                      1.5816397229258275E-7
3888                      1.583473786838414E-7
3889                      1.5853049043878732E-7
3890                      1.5871308655295845E-7
3891                      1.5889480644699906E-7
3892                      1.5907589708079001E-7
3893                      1.5925695305236646E-7
3894                      1.594379038541858E-7
3895                      1.5961794503095514E-7
3896                      1.5979648681146339E-7
3897                      1.5997523386405873E-7
3898                      1.6015517242237826E-7
3899                      1.603345129701312E-7
3900                      1.605110860000256E-7
3901                      1.6068637382048483E-7
3902                      1.6086409497235317E-7
3903                      1.6104242821719533E-7
3904                      1.612190041157667E-7
3905                      1.6139375097483268E-7
3906                      1.6156849137407136E-7
3907                      1.6174390699452965E-7
3908                      1.6191924256648146E-7
3909                      1.6209359985730224E-7
3910                      1.622671689458508E-7
3911                      1.6244059616778008E-7
3912                      1.6261411631756186E-7
3913                      1.6278736735385137E-7
3914                      1.6296004766683218E-7
3915                      1.631321003384415E-7
3916                      1.6330404869609682E-7
3917                      1.6347625090631957E-7
3918                      1.636482041531541E-7
3919                      1.6381909837254505E-7
3920                      1.6398919187122665E-7
3921                      1.6415996519241242E-7
3922                      1.6433111647502546E-7
3923                      1.6450170903040512E-7
3924                      1.6467133285079639E-7
3925                      1.6484030666402977E-7
3926                      1.650097868802983E-7
3927                      1.6518011986872473E-7
3928                      1.6534986515179918E-7
3929                      1.6551752925752417E-7
3930                      1.656842722433844E-7
3931                      1.6585315326789214E-7
3932                      1.6602326964853184E-7
3933                      1.661922970030939E-7
3934                      1.6635929622672907E-7
3935                      1.665250382472146E-7
3936                      1.6669249092669735E-7
3937                      1.6686277497724637E-7
3938                      1.6703229162089017E-7
3939                      1.6719654620366296E-7
3940                      1.6735769486099156E-7
3941                      1.675248687972779E-7
3942                      1.6769691077303796E-7
3943                      1.6786737449612597E-7
3944                      1.68032055806991E-7
3945                      1.6819146406924144E-7
3946                      1.6835502226842522E-7
3947                      1.6852991735856022E-7
3948                      1.6870755978373224E-7
3949                      1.6887053737680128E-7
3950                      1.6902337240078726E-7
3951                      1.69181141680226E-7
3952                      1.693521980947051E-7
3953                      1.6953454926024631E-7
3954                      1.697063759657609E-7
3955                      1.698510440042823E-7
3956                      1.6998804521246445E-7
3957                      1.7015935226309988E-7
3958                      1.703572332962365E-7
3959                      1.7054590879600385E-7
3960                      1.70681388252269E-7
3961                      1.7084758722794764E-7
3962                      1.71012761950502E-7
3963                      1.711778297294581E-7
3964                      1.7134326164673302E-7
3965                      1.7150874511619326E-7
3966                      1.7167428386753493E-7
3967                      1.7183981887432012E-7
3968                      1.720053838255513E-7
3969                      1.7217098961165808E-7
3970                      1.7233663880016508E-7
3971                      1.7250232754390962E-7
3972                      1.7266806311479492E-7
3973                      1.728338604232656E-7
3974                      1.7299971726224522E-7
3975                      1.7316564262685772E-7
3976                      1.7333164266849524E-7
3977                      1.7349772315910456E-7
3978                      1.7366389018361282E-7
3979                      1.7383014997001273E-7
3980                      1.739965082461359E-7
3981                      1.7416297082479504E-7
3982                      1.743295440728031E-7
3983                      1.7449623398392446E-7
3984                      1.7466304613861375E-7
3985                      1.7482998694612028E-7
3986                      1.749970625510887E-7
3987                      1.7516427889404057E-7
3988                      1.7533164214471986E-7
3989                      1.7549915855986587E-7
3990                      1.756668343605663E-7
3991                      1.758346756926059E-7
3992                      1.760026889049303E-7
3993                      1.761708804723305E-7
3994                      1.7633925665975863E-7
3995                      1.7650782377019353E-7
3996                      1.766765885398985E-7
3997                      1.7684555777465623E-7
3998                      1.7701473740759877E-7
3999                      1.7718413398619084E-7
4000                      1.7735375536529423E-7
4001                      1.7752360827646782E-7
4002                      1.776936978386807E-7
4003                      1.7786403143648464E-7
4004                      1.7803461859038772E-7
4005                      1.782054649907708E-7
4006                      1.7758121164925957E-7
4007                      3.282077728967109E-8
4008                      8.650315819340955E-8
4009                      1.219314938608229E-7
4010                      1.4559884990981364E-7
4011                      1.6139851460327398E-7
4012                      1.730410316302418E-7
4013                      1.8164624129052088E-7
4014                      1.8860397035680245E-7
4015                      1.9379347615978366E-7
4016                      1.974805083467857E-7
4017                      2.000005802913774E-7
4018                      2.0164498116750448E-7
4019                      2.0264083175785305E-7
4020                      2.0315863109654607E-7
4021                      2.0332488631553426E-7
4022                      2.0323337123507457E-7
4023                      2.0295379764208952E-7
4024                      2.02543809480483E-7
4025                      2.0203491877160865E-7
4026                      2.0145665994146453E-7
4027                      2.0083080988005294E-7
4028                      2.0017424852662492E-7
4029                      1.9949956799555866E-7
4030                      1.988161892429213E-7
4031                      1.981310865596882E-7
4032                      1.9744937529306161E-7
4033                      1.967738846837759E-7
4034                      1.9610804656702533E-7
4035                      1.9545422432598914E-7
4036                      1.9481373727428662E-7
4037                      1.9418726186440478E-7
4038                      1.9357513867624184E-7
4039                      1.929775238306619E-7
4040                      1.92394450534643E-7
4041                      1.9182585742583702E-7
4042                      1.9127161830237248E-7
4043                      1.9073153466933557E-7
4044                      1.9020536874260425E-7
4045                      1.8969285899933476E-7
4046                      1.8919373101048462E-7
4047                      1.8870770150441434E-7
4048                      1.8823448175006736E-7
4049                      1.8777378070486132E-7
4050                      1.873253078557399E-7
4051                      1.8688877697125775E-7
4052                      1.8646390698881014E-7
4053                      1.8605042271587132E-7
4054                      1.856480552503549E-7
4055                      1.852565428445874E-7
4056                      1.8487563028504144E-7
4057                      1.8450506935382616E-7
4058                      1.8414462023440804E-7
4059                      1.837940507275751E-7
4060                      1.8345313308920035E-7
4061                      1.8312164576762832E-7
4062                      1.8279937897903736E-7
4063                      1.8248613038665173E-7
4064                      1.82181690763413E-7
4065                      1.8188586063318578E-7
4066                      1.8159846711099407E-7
4067                      1.8131933273462458E-7
4068                      1.810482524689731E-7
4069                      1.807850502905609E-7
4070                      1.8052960432626993E-7
4071                      1.8028174783473038E-7
4072                      1.8004124763908317E-7
4073                      1.7980797003408489E-7
4074                      1.7958187781193122E-7
4075                      1.793627619416705E-7
4076                      1.7915039160793085E-7
4077                      1.7894468701061342E-7
4078                      1.7874559389244173E-7
4079                      1.785529281632459E-7
4080                      1.7836649138152434E-7
4081                      1.781862119015085E-7
4082                      1.7801203892563302E-7
4083                      1.7784380725605256E-7
4084                      1.7768133388024676E-7
4085                      1.7752455321209368E-7
4086                      1.7737342995725677E-7
4087                      1.7722781822015538E-7
4088                      1.7708753723208826E-7
4089                      1.769525222740682E-7
4090                      1.7682276308739795E-7
4091                      1.7669816761788699E-7
4092                      1.7657847988160767E-7
4093                      1.7646362537669122E-7
4094                      1.763536985242974E-7
4095                      1.7624863211920413E-7
4096                      1.7614813701640143E-7
4097                      1.760520665193543E-7
4098                      1.7596056537425185E-7
4099                      1.7587368570933803E-7
4100                      1.757911181337044E-7
4101                      1.7571259749394104E-7
4102                      1.7563828552084514E-7
4103                      1.7556822489197185E-7
4104                      1.7550226440198067E-7
4105                      1.7544024107378738E-7
4106                      1.7538209039634798E-7
4107                      1.7532786066364067E-7
4108                      1.7527753595899987E-7
4109                      1.7523092333809836E-7
4110                      1.7518784847488267E-7
4111                      1.7514838021013615E-7
4112                      1.7511266914967446E-7
4113                      1.75080582091219E-7
4114                      1.750517519136735E-7
4115                      1.750260873704002E-7
4116                      1.750039483529573E-7
4117                      1.749857507985727E-7
4118                      1.7497076576972315E-7
4119                      1.7495791987537503E-7
4120                      1.7494772638383163E-7
4121                      1.749419385629543E-7
4122                      1.7494073798420112E-7
4123                      1.7494161326079962E-7
4124                      1.7494139948872165E-7
4125                      1.749437625207719E-7
4126                      1.7495602731768719E-7
4127                      1.7497626817118696E-7
4128                      1.749920869160927E-7
4129                      1.7499786377572336E-7
4130                      1.7500843928571928E-7
4131                      1.7503873026375474E-7
4132                      1.7507782671833736E-7
4133                      1.7510974068110723E-7
4134                      1.751308584322182E-7
4135                      1.751655022666655E-7
4136                      1.752024275153078E-7
4137                      1.7524177754433118E-7
4138                      1.7528329810937484E-7
4139                      1.7532732989115592E-7
4140                      1.7537366578262596E-7
4141                      1.7542238640630873E-7
4142                      1.7547348980828047E-7
4143                      1.755269959199278E-7
4144                      1.755828690651513E-7
4145                      1.7564108182493545E-7
4146                      1.7570163874088456E-7
4147                      1.7576451041817708E-7
4148                      1.758296787260982E-7
4149                      1.7589712493089644E-7
4150                      1.7596683205694735E-7
4151                      1.7603878521394027E-7
4152                      1.7611297020983815E-7
4153                      1.761893733779084E-7
4154                      1.762679819952164E-7
4155                      1.763487842994408E-7
4156                      1.7643176940250843E-7
4157                      1.7651692746153895E-7
4158                      1.766042495207768E-7
4159                      1.7669372764121257E-7
4160                      1.7678535520265864E-7
4161                      1.7687912666672233E-7
4162                      1.769750372834953E-7
4163                      1.7707308346654516E-7
4164                      1.7717326369485148E-7
4165                      1.7727557758332597E-7
4166                      1.7738002380509322E-7
4167                      1.77486603461706E-7
4168                      1.775953229610838E-7
4169                      1.7770618842520631E-7
4170                      1.7781920023208745E-7
4171                      1.779343626974024E-7
4172                      1.7805169641114995E-7
4173                      1.781712161123437E-7
4174                      1.7829292371336724E-7
4175                      1.7841682727210765E-7
4176                      1.785429557549081E-7
4177                      1.7867134928802997E-7
4178                      1.788020140923611E-7
4179                      1.7893492550615772E-7
4180                      1.7907012417581032E-7
4181                      1.7920774258158663E-7
4182                      1.7934782652278342E-7
4183                      1.794902806207312E-7
4184                      1.7963505041071508E-7
4185                      1.797823114612673E-7
4186                      1.799323397840741E-7
4187                      1.8008516197717283E-7
4188                      1.8024039437080326E-7
4189                      1.8039815753508933E-7
4190                      1.805587910864462E-7
4191                      1.8072257477230237E-7
4192                      1.8088968009210814E-7
4193                      1.8105982708371387E-7
4194                      1.8123263013861107E-7
4195                      1.814083057891802E-7
4196                      1.8158790657363872E-7
4197                      1.817729959999462E-7
4198                      1.819632505682003E-7
4199                      1.821553508844148E-7
4200                      1.8234669341573712E-7
4201                      1.825398775880417E-7
4202                      1.8274292633974156E-7
4203                      1.8295864129755504E-7
4204                      1.8318426800195273E-7
4205                      1.8341357299883683E-7
4206                      1.836386602179656E-7
4207                      1.8385821330476328E-7
4208                      1.840841335141291E-7
4209                      1.8433901917801272E-7
4210                      1.8464155648868324E-7
4211                      1.849885305418813E-7
4212                      1.8521269428455736E-7
4213                      1.8555660533170276E-7
4214                      1.862997995478999E-7
4215                      1.8657540095253488E-7
4216                      1.600022408260128E-8
4217                      2.391221906589808E-7
4218                      3.7341787171213514E-7
4219                      4.777053872705151E-7
4220                      5.680955050103556E-7
4221                      6.506360146616985E-7
4222                      7.296584574792211E-7
4223                      8.085041356237358E-7
4224                      8.896409283917309E-7
4225                      9.763664815335413E-7
4226                      1.0724906722549725E-6
4227                      1.1826478973799603E-6
4228                      1.3128440979312464E-6
4229                      1.4708060287472286E-6
4230                      1.6669015142680616E-6
4231                      1.9142096558294394E-6
4232                      2.2276798496946466E-6
4233                      2.6221955630649257E-6
4234                      3.1090637512677043E-6
4235                      3.6929003325881697E-6
4236                      4.354458093582433E-6
4237                      5.016648463938419E-6
4238                      5.531772255280139E-6
4239                      5.6687931981437745E-6
4240                      5.233776634915567E-6
4241                      4.461062958388093E-6
4242                      4.3132750051106E-6
4243                      5.41459916813206E-6
4244                      7.913357527226666E-6
4245                      1.1567130097151537E-5
4246                      1.5566040680274314E-5
4247                      1.907915736978319E-5
4248                      2.1380498421043033E-5
4249                      2.181555070035891E-5
4250                      2.0666840697129555E-5
4251                      1.9267192741333856E-5
4252                      1.9103552750692138E-5
4253                      1.9034863016139476E-5
4254                      1.6356664624089193E-5
4255                      1.1373147886782804E-5
4256                      5.99928401335003E-6
4257                      2.8859305383991806E-6
4258                      2.9073748367253703E-6
4259                      4.634640021826793E-6
4260                      9.743390380182625E-6
4261                      1.6860437418090516E-5
4262                      2.3456823989195926E-5
4263                      2.5511839548515106E-5
4264                      2.1178446860405293E-5
4265                      1.5634468833372345E-5
4266                      1.0085056182459681E-5
4267                      5.3792250622780764E-6
4268                      3.4943692806086596E-6
4269                      4.176249244381965E-6
4270                      4.085360748119554E-6
4271                      2.2823521532984274E-6
4272                      1.7275782043464681E-6
4273                      4.4789253215549365E-6
4274                      8.17414563777588E-6
4275                      9.393043709977596E-6
4276                      7.20802864951847E-6
4277                      4.234076887467923E-6
4278                      1.63110393656103E-6
4279                      -1.0006985663144564E-6
4280                      -2.1991621509347324E-6
4281                      -2.3104971765063343E-6
4282                      -2.2591459449004315E-6
4283                      -2.176911989118492E-6
4284                      -2.0544184615255773E-6
4285                      -1.8763896339935488E-6
4286                      -1.606614112929242E-6
4287                      -1.260550230585705E-6
4288                      -1.0662471578984427E-6
4289                      -1.2647279382814337E-6
4290                      -1.7775635126359849E-6
4291                      -1.9433458522268638E-6
4292                      -1.3336153383841157E-6
4293                      -5.398285721779398E-7
4294                      -9.166504011120328E-7
4295                      -2.7808306749940514E-6
4296                      -4.493963967849119E-6
4297                      -4.929549730522015E-6
4298                      -4.287938640285812E-6
4299                      -3.95554210022323E-6
4300                      -4.9770637987465625E-6
4301                      -6.639281824632928E-6
4302                      -7.83315889582299E-6
4303                      -9.876819558726302E-6
4304                      -1.5662738619814237E-5
4305                      -2.4490417263153125E-5
4306                      -3.280235377568232E-5
4307                      -3.7729704899752085E-5
4308                      -3.8226245547265825E-5
4309                      -3.4099854360118134E-5
4310                      -2.427346439641564E-5
4311                      -7.936854421319774E-6
4312                      1.5262978371082545E-5
4313                      4.392046275484814E-5
4314                      7.24018672685926E-5
4315                      9.555516749007193E-5
4316                      1.1091451418266968E-4
4317                      1.1846622124739737E-4
4318                      1.1880732171802837E-4
4319                      1.1238727997917811E-4
4320                      9.923383552814125E-5
4321                      8.291521103441111E-5
4322                      7.13763752613727E-5
4323                      6.441479698644564E-5
4324                      7.316141144400688E-5
4325                      6.870412013834605E-5
4326                      4.425164382042393E-5
4327                      3.3105944013124035E-5
4328                      3.557780077866415E-5
4329                      3.348878681310786E-5
4330                      2.3654161847526172E-5
4331                      2.2258260167377485E-5
4332                      2.1563274702282755E-5
4333                      6.045096336715502E-6
4334                      -4.549644628315964E-6
4335                      -6.73134228636461E-6
4336                      -7.485386556070235E-6
4337                      -6.006153973221715E-6
4338                      -5.410769820497608E-6
4339                      -5.189799030770525E-6
4340                      -5.111294013763028E-6
4341                      -5.142313892140578E-6
4342                      -5.286044884348466E-6
4343                      -5.554933632055884E-6
4344                      -5.971036654918102E-6
4345                      -6.55373724644311E-6
4346                      -7.305901913224537E-6
4347                      -8.168935344228198E-6
4348                      -9.002863023133785E-6
4349                      -9.616797832280978E-6
4350                      -9.887282984047364E-6
4351                      -9.80848015466677E-6
4352                      -9.426097402147804E-6
4353                      -8.814963179633545E-6
4354                      -8.098302145419662E-6
4355                      -7.45908258732497E-6
4356                      -7.0848168692644255E-6
4357                      -7.093619651815246E-6
4358                      -7.456053823453565E-6
4359                      -7.95203177995571E-6
4360                      -8.23921538505853E-6
4361                      -8.077588370016578E-6
4362                      -7.5337887334622745E-6
4363                      -6.7796994280105825E-6
4364                      -6.157949294280271E-6
4365                      -5.546873720331549E-6
4366                      -4.948178632657556E-6
4367                      -4.3750240776860065E-6
4368                      -3.8863358495025085E-6
4369                      -3.538870614053373E-6
4370                      -3.2981906949478302E-6
4371                      -3.0528254836814414E-6
4372                      -2.64144040681001E-6
4373                      -2.047823022264763E-6
4374                      -1.418864176618698E-6
4375                      -9.252281417622724E-7
4376                      -6.44133609988283E-7
4377                      -5.034060789271491E-7
4378                      -4.1228552944165884E-7
4379                      -3.415046911168967E-7
4380                      -2.8818781028432745E-7
4381                      -2.523411114410516E-7
4382                      -2.201927564341404E-7
4383                      -1.8997717561145845E-7
4384                      -1.6079120620810655E-7
4385                      -1.3197939851258345E-7
4386                      -1.0351312513047527E-7
4387                      -7.528114523153439E-8
4388                      -4.718628475995114E-8
4389                      -1.916245837292038E-8
4390                      8.741775044949541E-9
4391                      3.6516898870044803E-8
4392                      6.414501181977697E-8
4393                      9.1600250900562E-8
4394                      1.188635558241265E-7
4395                      1.4592743897885876E-7
4396                      1.7278869654756268E-7
4397                      1.994438435053272E-7
4398                      2.2589039572513964E-7
4399                      2.5212735586119863E-7
4400                      2.7815417608926705E-7
4401                      3.0397081443729704E-7
4402                      3.295786982793428E-7
4403                      3.5497926445285616E-7
4404                      3.801729488564281E-7
4405                      4.0516151211921066E-7
4406                      4.2994727091095477E-7
4407                      4.5453166706273067E-7
4408                      4.789163676867535E-7
4409                      5.031037384074433E-7
4410                      5.270957266576224E-7
4411                      5.508943376611247E-7
4412                      5.745017585924978E-7
4413                      5.979202102660811E-7
4414                      6.211519388896718E-7
4415                      6.441992497398043E-7
4416                      6.670644976478898E-7
4417                      6.897500737125252E-7
4418                      7.122584164210972E-7
4419                      7.345920273416233E-7
4420                      7.567534609990409E-7
4421                      7.787453201753196E-7
4422                      8.005702687354717E-7
4423                      8.222310344589183E-7
4424                      8.43730403913206E-7
4425                      8.650712300676267E-7
4426                      8.862564400434467E-7
4427                      9.072890314413146E-7
4428                      9.28172075484072E-7
4429                      9.489087293264661E-7
4430                      9.695022380598874E-7
4431                      9.89955931823628E-7
4432                      1.0102732353221367E-6
4433                      1.030457679908548E-6
4434                      1.0505129033956299E-6
4435                      1.0704426483691798E-6
4436                      1.0902507796581664E-6
4437                      1.109941298729269E-6
4438                      1.129518333959747E-6
4439                      1.148986146712402E-6
4440                      1.1683491627579646E-6
4441                      1.187611972111706E-6
4442                      1.2067793189714246E-6
4443                      1.2258561410629333E-6
4444                      1.2448475690052181E-6
4445                      1.2637589341981108E-6
4446                      1.282595803023758E-6
4447                      1.3013639686917808E-6
4448                      1.320069462820486E-6
4449                      1.338718567940108E-6
4450                      1.357317878287773E-6
4451                      1.375874339163346E-6
4452                      1.394395250287212E-6
4453                      1.4128882296075132E-6
4454                      1.431361227829421E-6
4455                      1.4498226842539851E-6
4456                      1.4682815079631128E-6
4457                      1.48674699580063E-6
4458                      1.5052288744063386E-6
4459                      1.5237375285944156E-6
4460                      1.5422841254979973E-6
4461                      1.560880458349605E-6
4462                      1.5795387145369413E-6
4463                      1.5982720063762113E-6
4464                      1.6170945160159058E-6
4465                      1.6360214044648663E-6
4466                      1.6550687795543144E-6
4467                      1.6742537698891742E-6
4468                      1.6935948699948013E-6
4469                      1.7131118874417982E-6
4470                      1.7328259191065197E-6
4471                      1.7527596206631167E-6
4472                      1.7729376194799303E-6
4473                      1.793386771686057E-6
4474                      1.8141362974840547E-6
4475                      1.8352172739987993E-6
4476                      1.8566636570550691E-6
4477                      1.8785129487952469E-6
4478                      1.9008065884868096E-6
4479                      1.923589966668436E-6
4480                      1.9469125108659665E-6
4481                      1.9708283424095603E-6
4482                      1.9953973983713008E-6
4483                      2.0206877939858117E-6
4484                      2.046775380010138E-6
4485                      2.0737427747777385E-6
4486                      2.1016808523493385E-6
4487                      2.1306928873486675E-6
4488                      2.160898243125828E-6
4489                      2.1924337372561354E-6
4490                      2.22545404764837E-6
4491                      2.2601331566595627E-6
4492                      2.296668873050581E-6
4493                      2.3352935649185194E-6
4494                      2.3762829466469326E-6
4495                      2.419961238093718E-6
4496                      2.4667008115590868E-6
4497                      2.5169356257904744E-6
4498                      2.5712068525615074E-6
4499                      2.6301726656561804E-6
4500                      2.6945764907389537E-6
4501                      2.765345288683833E-6
4502                      2.843665613462147E-6
4503                      2.9311593284975758E-6
4504                      3.029679727877026E-6
4505                      3.141536414127888E-6
4506                      3.2698722225910944E-6
4507                      3.418931206732208E-6
4508                      3.5943027878411762E-6
4509                      3.803120779718306E-6
4510                      4.054593349977019E-6
4511                      4.360587952739464E-6
4512                      4.735707532230857E-6
4513                      5.1961162176593185E-6
4514                      5.755389939548412E-6
4515                      6.415205927366561E-6
4516                      7.149831138614172E-6
4517                      7.88962644007049E-6
4518                      8.518070948724328E-6
4519                      8.894189540276147E-6
4520                      8.888977676157589E-6
4521                      8.40715525928968E-6
4522                      7.384169926847112E-6
4523                      5.776412418381092E-6
4524                      3.5661335857433373E-6
4525                      7.900667973270259E-7
4526                      -2.3832819057971076E-6
4527                      -5.543985235935151E-6
4528                      -8.019312853846296E-6
4529                      -9.062122724981872E-6
4530                      -8.204985879060617E-6
4531                      -5.679569454542519E-6
4532                      -2.417951050047852E-6
4533                      4.035483051873347E-7
4534                      1.9536270944661574E-6
4535                      2.04288609350939E-6
4536                      1.0635574065982409E-6
4537                      -2.7290267554341656E-7
4538                      -1.409119893113354E-6
4539                      -2.1830957602187676E-6
4540                      -2.6071106766099774E-6
4541                      -2.6731396837982395E-6
4542                      -2.443530424216841E-6
4543                      -2.0692025542226047E-6
4544                      -1.622942666648251E-6
4545                      -1.1579834993757736E-6
4546                      -7.349363388520989E-7
4547                      -4.0934485846488676E-7
4548                      -1.912003022964086E-7
4549                      -5.534440890497198E-8
4550                      3.080254634005102E-8
4551                      8.019269233361902E-8
4552                      1.0411048791602803E-7
4553                      1.1203551346514763E-7
4554                      1.1393539400919131E-7
4555                      1.1499375812701447E-7
4556                      1.1630204797359784E-7
4557                      1.174087305664474E-7
4558                      1.1818805904939131E-7
4559                      1.1874078545777584E-7
4560                      1.191757822063568E-7
4561                      1.1954928147269586E-7
4562                      1.19898399172794E-7
4563                      1.2023722558166596E-7
4564                      1.2057150809608545E-7
4565                      1.2090166185149593E-7
4566                      1.2122760702537762E-7
4567                      1.2154893916856653E-7
4568                      1.218663788382893E-7
4569                      1.2218033057483878E-7
4570                      1.2249120567004145E-7
4571                      1.227993926430448E-7
4572                      1.2310512080265062E-7
4573                      1.2340851059463673E-7
4574                      1.237096272329083E-7
4575                      1.2400851381082892E-7
4576                      1.2430517425759304E-7
4577                      1.2459965192025232E-7
4578                      1.248919646883798E-7
4579                      1.2518216103357815E-7
4580                      1.2547025423236548E-7
4581                      1.2575627831012304E-7
4582                      1.2604026218807253E-7
4583                      1.263222172498353E-7
4584                      1.266021725746725E-7
4585                      1.2688014506344942E-7
4586                      1.2715616188574059E-7
4587                      1.2743024113185058E-7
4588                      1.2770240782587026E-7
4589                      1.27972681680977E-7
4590                      1.2824108574722764E-7
4591                      1.2850763976499271E-7
4592                      1.287723658159434E-7
4593                      1.290352842257466E-7
4594                      1.2929641623342142E-7
4595                      1.2955578188216448E-7
4596                      1.2981340193763225E-7
4597                      1.3006929679966288E-7
4598                      1.3032348625177812E-7
4599                      1.3057599016084436E-7
4600                      1.3082682841121077E-7
4601                      1.3107602112282025E-7
4602                      1.3132358732981433E-7
4603                      1.3156954569420247E-7
4604                      1.3181391594644828E-7
4605                      1.3205671746872896E-7
4606                      1.3229796893279654E-7
4607                      1.3253768818571316E-7
4608                      1.3277589379528128E-7
4609                      1.3301260552351308E-7
4610                      1.332478416717514E-7
4611                      1.3348161752696735E-7
4612                      1.3371395040472174E-7
4613                      1.339448633931693E-7
4614                      1.3417437738150283E-7
4615                      1.3440249613287966E-7
4616                      1.346292289935528E-7
4617                      1.3485462073476328E-7
4618                      1.3507870758342924E-7
4619                      1.353014530638488E-7
4620                      1.3552282794189272E-7
4621                      1.357429623521201E-7
4622                      1.3596190691437856E-7
4623                      1.361795550730313E-7
4624                      1.3639586771215102E-7
4625                      1.3661098764133336E-7
4626                      1.3682507442483976E-7
4627                      1.3703792688337686E-7
4628                      1.3724934396581925E-7
4629                      1.37459606899528E-7
4630                      1.3766903605156259E-7
4631                      1.3787739620711114E-7
4632                      1.3808429429266724E-7
4633                      1.382899493927572E-7
4634                      1.3849492140702657E-7
4635                      1.3869887346185623E-7
4636                      1.3890157856433068E-7
4637                      1.391031701668235E-7
4638                      1.3930380848404622E-7
4639                      1.395035246146848E-7
4640                      1.3970216644490674E-7
4641                      1.3989969134419096E-7
4642                      1.4009629866475364E-7
4643                      1.402921200419065E-7
4644                      1.4048697236469547E-7
4645                      1.406806974242796E-7
4646                      1.4087350883313042E-7
4647                      1.4106551779958086E-7
4648                      1.412566604363911E-7
4649                      1.414468684073282E-7
4650                      1.4163614372330936E-7
4651                      1.418246002517682E-7
4652                      1.4201229691989748E-7
4653                      1.4219912775161553E-7
4654                      1.4238501006207497E-7
4655                      1.4257007567757987E-7
4656                      1.4275448877337984E-7
4657                      1.4293813260509724E-7
4658                      1.4312091548652314E-7
4659                      1.433028927540862E-7
4660                      1.4348415010260436E-7
4661                      1.436647230639578E-7
4662                      1.438445385426794E-7
4663                      1.4402354578504282E-7
4664                      1.442018395814854E-7
4665                      1.4437955069590997E-7
4666                      1.445566289168116E-7
4667                      1.4473288593879143E-7
4668                      1.4490842317616913E-7
4669                      1.4508336979979373E-7
4670                      1.4525773461644803E-7
4671                      1.4543144434996738E-7
4672                      1.4560445150606924E-7
4673                      1.4577682804610798E-7
4674                      1.4594869069010735E-7
4675                      1.4612001075247328E-7
4676                      1.4629063453112893E-7
4677                      1.4646047263061515E-7
4678                      1.4662987505952657E-7
4679                      1.4679907917740487E-7
4680                      1.469677263452435E-7
4681                      1.4713530726790816E-7
4682                      1.47302065723475E-7
4683                      1.4746894071423793E-7
4684                      1.4763564220779453E-7
4685                      1.4780155497866357E-7
4686                      1.4796657275421886E-7
4687                      1.4813109501015184E-7
4688                      1.482954125645049E-7
4689                      1.4845954625399716E-7
4690                      1.4862299317466965E-7
4691                      1.4878543208375784E-7
4692                      1.4894741852308204E-7
4693                      1.4910977879649608E-7
4694                      1.4927223036253164E-7
4695                      1.494332624872832E-7
4696                      1.4959321601961577E-7
4697                      1.4975312066079498E-7
4698                      1.4991336070091914E-7
4699                      1.500733670285104E-7
4700                      1.502325249381793E-7
4701                      1.5039061753789348E-7
4702                      1.50548550315711E-7
4703                      1.507072933884749E-7
4704                      1.508661527125179E-7
4705                      1.510231929321269E-7
4706                      1.511772457726286E-7
4707                      1.5133236630212948E-7
4708                      1.514923388060265E-7
4709                      1.5165360603639893E-7
4710                      1.518076674079149E-7
4711                      1.5195354850230328E-7
4712                      1.5210378265181065E-7
4713                      1.5226540046671438E-7
4714                      1.5242924367420085E-7
4715                      1.525845048471072E-7
4716                      1.5273156554307293E-7
4717                      1.528796248507663E-7
4718                      1.5303481142471357E-7
4719                      1.5319768870398576E-7
4720                      1.5335550462063336E-7
4721                      1.5350130086209017E-7
4722                      1.5364392294020358E-7
4723                      1.537944294738905E-7
4724                      1.5395339042020313E-7
4725                      1.5411176048960985E-7
4726                      1.5426224678536726E-7
4727                      1.5440270951301327E-7
4728                      1.5454635328672475E-7
4729                      1.5470398222895197E-7
4730                      1.548673359324509E-7
4731                      1.5502239593367195E-7
4732                      1.5516539068698675E-7
4733                      1.5530579467439712E-7
4734                      1.5545458390994095E-7
4735                      1.5561822472456625E-7
4736                      1.5578212625132994E-7
4737                      1.5592576063898463E-7
4738                      1.560561735622514E-7
4739                      1.5619414287047248E-7
4740                      1.5635088424302733E-7
4741                      1.5652517112418185E-7
4742                      1.5668679197372172E-7
4743                      1.568193885823533E-7
4744                      1.5694084689943578E-7
4745                      1.5708008026539353E-7
4746                      1.5724556812025165E-7
4747                      1.574178537997607E-7
4748                      1.5756150805925727E-7
4749                      1.577006830922921E-7
4750                      1.5784300830524245E-7
4751                      1.5799085789304482E-7
4752                      1.5814239110119794E-7
4753                      1.5829385651117208E-7
4754                      1.5844117857640266E-7
4755                      1.5858524857706948E-7
4756                      1.5873018496458002E-7
4757                      1.5888082555732278E-7
4758                      1.5903621640581831E-7
4759                      1.5918713694925037E-7
4760                      1.5932485646341666E-7
4761                      1.5945544467996212E-7
4762                      1.596013874099311E-7
4763                      1.5976558670693797E-7
4764                      1.5993251668846557E-7
4765                      1.600835030887296E-7
4766                      1.6020412009307651E-7
4767                      1.6031579979368618E-7
4768                      1.6048898503797222E-7
4769                      1.6068590890434587E-7
4770                      1.6082954040400445E-7
4771                      1.6093945885058054E-7
4772                      1.6105658510262184E-7
4773                      1.6123806323328976E-7
4774                      1.6140300643467015E-7
4775                      1.6155403554474604E-7
4776                      1.616898574575702E-7
4777                      1.6182527464526194E-7
4778                      1.619727791115059E-7
4779                      1.6213417266884303E-7
4780                      1.6229810562671748E-7
4781                      1.6244432882645618E-7
4782                      1.6258553592765913E-7
4783                      1.627279877905631E-7
4784                      1.6287480835250022E-7
4785                      1.6302607456353557E-7
4786                      1.6317964763602598E-7
4787                      1.6333092056233006E-7
4788                      1.6347782171735487E-7
4789                      1.6362028569820863E-7
4790                      1.6376450913751996E-7
4791                      1.639195122714409E-7
4792                      1.640863484396735E-7
4793                      1.6424996370802058E-7
4794                      1.643944734421167E-7
4795                      1.6452166287651296E-7
4796                      1.6464963554363912E-7
4797                      1.648044224984584E-7
4798                      1.6496735731258753E-7
4799                      1.6512971837112826E-7
4800                      1.6528536643471043E-7
4801                      1.6543600500524842E-7
4802                      1.6558118997679162E-7
4803                      1.6572673251208048E-7
4804                      1.6587775113713024E-7
4805                      1.660359810005122E-7
4806                      1.6619746717433591E-7
4807                      1.6402208407293345E-7
4808                      3.3310868105232194E-8
4809                      8.231064118438975E-8
4810                      1.1467030925375891E-7
4811                      1.36295906506109E-7
4812                      1.5073705458103077E-7
4813                      1.6138047153243373E-7
4814                      1.6924844426613604E-7
4815                      1.7561072016348793E-7
4816                      1.803567420644626E-7
4817                      1.8372921066093675E-7
4818                      1.8603470768023967E-7
4819                      1.8753947848379532E-7
4820                      1.8845116127378154E-7
4821                      1.8892565468006846E-7
4822                      1.8907864452890394E-7
4823                      1.889958872800522E-7
4824                      1.8874113454350538E-7
4825                      1.883670987902585E-7
4826                      1.8790259665444564E-7
4827                      1.873746333713493E-7
4828                      1.868031195389201E-7
4829                      1.862034879186975E-7
4830                      1.8558725091866026E-7
4831                      1.8496302137103382E-7
4832                      1.8433717504615222E-7
4833                      1.8371438827511856E-7
4834                      1.8309724772736398E-7
4835                      1.8248889069707814E-7
4836                      1.818914780205682E-7
4837                      1.8130621614658325E-7
4838                      1.8073372390791117E-7
4839                      1.8017431313176093E-7
4840                      1.7962812704562375E-7
4841                      1.7909519653166358E-7
4842                      1.785754660293387E-7
4843                      1.7806882070451204E-7
4844                      1.7757507963726494E-7
4845                      1.7709402598266007E-7
4846                      1.7662542118634802E-7
4847                      1.7616901488620287E-7
4848                      1.757245486244678E-7
4849                      1.752917589395372E-7
4850                      1.748703802454434E-7
4851                      1.7446014742821766E-7
4852                      1.7406079927234687E-7
4853                      1.7367207927532104E-7
4854                      1.7329373629182385E-7
4855                      1.7292552491032358E-7
4856                      1.725672062421757E-7
4857                      1.7221854736992498E-7
4858                      1.7187932176345605E-7
4859                      1.7154931054208447E-7
4860                      1.7122830177565116E-7
4861                      1.709160876293217E-7
4862                      1.706124659198129E-7
4863                      1.7031724514568593E-7
4864                      1.700302405882183E-7
4865                      1.6975126138737672E-7
4866                      1.6948012557438705E-7
4867                      1.6921667516080628E-7
4868                      1.689607480590652E-7
4869                      1.6871215751010497E-7
4870                      1.684707429685408E-7
4871                      1.6823639254259937E-7
4872                      1.68008954010294E-7
4873                      1.6778821564892595E-7
4874                      1.675740552735979E-7
4875                      1.6736643724965067E-7
4876                      1.6716517151555067E-7
4877                      1.6697004880923668E-7
4878                      1.667809956074459E-7
4879                      1.6659796110756973E-7
4880                      1.6642077792911647E-7
4881                      1.6624926610307203E-7
4882                      1.660833595953391E-7
4883                      1.6592301090522136E-7
4884                      1.6576806982597938E-7
4885                      1.656183704220512E-7
4886                      1.6547385227085992E-7
4887                      1.6533448196907342E-7
4888                      1.6520012680116733E-7
4889                      1.6507062299779196E-7
4890                      1.6494591108653299E-7
4891                      1.6482598030587408E-7
4892                      1.647107463958779E-7
4893                      1.6459997812119665E-7
4894                      1.6449360752225094E-7
4895                      1.6439171799142325E-7
4896                      1.6429424752860896E-7
4897                      1.642009352203452E-7
4898                      1.6411164848955005E-7
4899                      1.6402651616787482E-7
4900                      1.639455834196702E-7
4901                      1.638685710609337E-7
4902                      1.6379524015844314E-7
4903                      1.6372573522560096E-7
4904                      1.636600931435922E-7
4905                      1.635981768812867E-7
4906                      1.63539839169706E-7
4907                      1.634850213513882E-7
4908                      1.6343376570732966E-7
4909                      1.6338605667491609E-7
4910                      1.633417199274418E-7
4911                      1.6330059823944228E-7
4912                      1.632627527014934E-7
4913                      1.6322831736694028E-7
4914                      1.6319717133829944E-7
4915                      1.6316898426842868E-7
4916                      1.6314367397356326E-7
4917                      1.6312156279585887E-7
4918                      1.6310302250631768E-7
4919                      1.6308739688371095E-7
4920                      1.6307372271996566E-7
4921                      1.6306246216310357E-7
4922                      1.630551875247686E-7
4923                      1.630520574215499E-7
4924                      1.6305081567571986E-7
4925                      1.6304862502113396E-7
4926                      1.6304878264768046E-7
4927                      1.630578573585017E-7
4928                      1.6307410358807798E-7
4929                      1.6308639177770547E-7
4930                      1.6308970124796888E-7
4931                      1.6309736942383862E-7
4932                      1.631227612721187E-7
4933                      1.6315604679795204E-7
4934                      1.6318288579139394E-7
4935                      1.6320008928725956E-7
4936                      1.6322946143095217E-7
4937                      1.6326089805424062E-7
4938                      1.6329452938516933E-7
4939                      1.6333011907138992E-7
4940                      1.6336798008420894E-7
4941                      1.634079236240719E-7
4942                      1.6345002350616304E-7
4943                      1.6349427719648337E-7
4944                      1.6354070248270444E-7
4945                      1.635892666967001E-7
4946                      1.636399447560155E-7
4947                      1.636927403653136E-7
4948                      1.63747626525841E-7
4949                      1.6380458635903644E-7
4950                      1.6386360247031433E-7
4951                      1.639246590672214E-7
4952                      1.6398774223783948E-7
4953                      1.6405283869647206E-7
4954                      1.6411993562807985E-7
4955                      1.6418902106493263E-7
4956                      1.642600839015967E-7
4957                      1.6433311381768707E-7
4958                      1.6440810143098743E-7
4959                      1.6448503815539414E-7
4960                      1.6456391631717832E-7
4961                      1.6464472942585516E-7
4962                      1.6472747196018607E-7
4963                      1.6481213910448721E-7
4964                      1.648987270855131E-7
4965                      1.6498723398165768E-7
4966                      1.650776588857419E-7
4967                      1.651700000395083E-7
4968                      1.6526425786499446E-7
4969                      1.6536043754180684E-7
4970                      1.6545854397749848E-7
4971                      1.6555857691696338E-7
4972                      1.656605396476025E-7
4973                      1.657644500560276E-7
4974                      1.6587032073605838E-7
4975                      1.6597815276517158E-7
4976                      1.6608795275669552E-7
4977                      1.6619974607764743E-7
4978                      1.663135680602703E-7
4979                      1.6642942355294344E-7
4980                      1.6654728973338223E-7
4981                      1.6666720248283235E-7
4982                      1.6678927997958302E-7
4983                      1.6691356232994465E-7
4984                      1.670399630270742E-7
4985                      1.6716843262710054E-7
4986                      1.672991281676027E-7
4987                      1.6743229630506964E-7
4988                      1.6756795938052555E-7
4989                      1.6770577184179232E-7
4990                      1.678458419100819E-7
4991                      1.679884735153102E-7
4992                      1.6813391614813836E-7
4993                      1.6828232190963405E-7
4994                      1.6843343763843415E-7
4995                      1.6858691654345458E-7
4996                      1.687429530651538E-7
4997                      1.6890249074129583E-7
4998                      1.690669287849523E-7
4999                      1.6923596978917418E-7
5000                      1.694066313947678E-7
5001                      1.6957658456032734E-7
5002                      1.6974817245164483E-7
5003                      1.6992859134757818E-7
5004                      1.7012033035378462E-7
5005                      1.703208975218627E-7
5006                      1.7052469333146008E-7
5007                      1.7072464448313313E-7
5008                      1.7091959419215457E-7
5009                      1.7112023158756828E-7
5010                      1.7134679386666312E-7
5011                      1.7161594136984877E-7
5012                      1.7192464171695825E-7
5013                      1.721229447389666E-7
5014                      1.7242902263517462E-7
5015                      1.7309305927207673E-7
5016                      1.733369666812154E-7
5017                      2.330777545729042E-8
5018                      2.3563846996687838E-7
5019                      3.5546300270036715E-7
5020                      4.4872422890274976E-7
5021                      5.305754127423971E-7
5022                      6.058116439999158E-7
5023                      6.78072105518841E-7
5024                      7.503264049906024E-7
5025                      8.248360742412192E-7
5026                      9.046524108052132E-7
5027                      9.933190712838294E-7
5028                      1.0951594188765022E-6
5029                      1.2157853856338721E-6
5030                      1.3624188872279233E-6
5031                      1.5447364228704085E-6
5032                      1.774896773311713E-6
5033                      2.0667007524425203E-6
5034                      2.4337223792797378E-6
5035                      2.885861257721508E-6
5036                      3.426473114644172E-6
5037                      4.035567071078308E-6
5038                      4.637959225142306E-6
5039                      5.093768958169699E-6
5040                      5.190346507600342E-6
5041                      4.764446605354922E-6
5042                      4.078008872019192E-6
5043                      4.0186166246435995E-6
5044                      5.107336331371435E-6
5045                      7.457682653908577E-6
5046                      1.0815055331988351E-5
5047                      1.4425231481420334E-5
5048                      1.7551568203778823E-5
5049                      1.953356683852129E-5
5050                      1.9808608106875792E-5
5051                      1.8704538432305173E-5
5052                      1.7473479171033093E-5
5053                      1.73970594868698E-5
5054                      1.7219649785484058E-5
5055                      1.4610325209277772E-5
5056                      1.0019970079232357E-5
5057                      5.2211746433142786E-6
5058                      2.625411426616052E-6
5059                      2.7754145463105542E-6
5060                      4.565480232232325E-6
5061                      9.291620358148887E-6
5062                      1.5788423092496346E-5
5063                      2.16051286753712E-5
5064                      2.302891373902739E-5
5065                      1.8819357806786584E-5
5066                      1.3823503881769581E-5
5067                      8.913725144654231E-6
5068                      4.866171506393509E-6
5069                      3.265823024872121E-6
5070                      3.9337826019374285E-6
5071                      3.714075818838511E-6
5072                      1.9709935868703413E-6
5073                      1.652070963389506E-6
5074                      4.2495534097667E-6
5075                      7.536238343697904E-6
5076                      8.471736901807607E-6
5077                      6.414264493686525E-6
5078                      3.825953800862535E-6
5079                      1.4590698901675202E-6
5080                      -8.915685361045767E-7
5081                      -1.934022076967911E-6
5082                      -2.06830514951879E-6
5083                      -2.0700954137983583E-6
5084                      -1.9870673415531845E-6
5085                      -1.8753070409366785E-6
5086                      -1.7104774074200325E-6
5087                      -1.4605143029855138E-6
5088                      -1.1645793740169946E-6
5089                      -9.693418653150453E-7
5090                      -1.1292395940072544E-6
5091                      -1.6023430731715875E-6
5092                      -1.8231633573016265E-6
5093                      -1.2575480166242895E-6
5094                      -5.041698732752235E-7
5095                      -7.424246330820815E-7
5096                      -2.292259928907924E-6
5097                      -3.9988656780652674E-6
5098                      -4.544726858972495E-6
5099                      -3.976215171177795E-6
5100                      -3.5841013235317706E-6
5101                      -4.394235788622065E-6
5102                      -5.883267762052911E-6
5103                      -7.047874733654639E-6
5104                      -8.671491987661303E-6
5105                      -1.3607163479117728E-5
5106                      -2.1450097523294026E-5
5107                      -2.9127227073124946E-5
5108                      -3.3868652283838754E-5
5109                      -3.466949633847529E-5
5110                      -3.1458802791504764E-5
5111                      -2.284881865923156E-5
5112                      -8.852787000024668E-6
5113                      1.1652182217807212E-5
5114                      3.715832885563871E-5
5115                      6.340875272420506E-5
5116                      8.492096602639825E-5
5117                      9.969267009418518E-5
5118                      1.070950815193596E-4
5119                      1.0798792088421386E-4
5120                      1.0266130954483636E-4
5121                      9.133345013343256E-5
5122                      7.652198474578228E-5
5123                      6.568744457229807E-5
5124                      5.908593326264442E-5
5125                      6.590926888867007E-5
5126                      6.396039126677956E-5
5127                      4.247051808248009E-5
5128                      3.056019641455715E-5
5129                      3.2617023759512346E-5
5130                      3.108351417197583E-5
5131                      2.26903295012194E-5
5132                      2.0013856639763505E-5
5133                      2.0440260099996324E-5
5134                      6.9231518569582025E-6
5135                      -3.7498804808082115E-6
5136                      -5.937701650193602E-6
5137                      -7.037008248439157E-6
5138                      -5.617159842740495E-6
5139                      -5.0368596023611585E-6
5140                      -4.818126598702028E-6
5141                      -4.745346636907108E-6
5142                      -4.775888930242181E-6
5143                      -4.912184470376687E-6
5144                      -5.164993473515781E-6
5145                      -5.553411813363676E-6
5146                      -6.095479959377243E-6
5147                      -6.781407626405884E-6
5148                      -7.5574576351940584E-6
5149                      -8.295863358814332E-6
5150                      -8.827330611995018E-6
5151                      -9.048156379976025E-6
5152                      -8.945513731723669E-6
5153                      -8.563477952392405E-6
5154                      -7.980441846599796E-6
5155                      -7.315994646892119E-6
5156                      -6.742576016506124E-6
5157                      -6.437864045777235E-6
5158                      -6.494137900727549E-6
5159                      -6.854949536412293E-6
5160                      -7.292972779817172E-6
5161                      -7.489411739920054E-6
5162                      -7.290378710223872E-6
5163                      -6.8152632039806865E-6
5164                      -6.136060512129145E-6
5165                      -5.5764059524469125E-6
5166                      -5.021352769468847E-6
5167                      -4.477375110559623E-6
5168                      -3.955304051294083E-6
5169                      -3.5090472613824803E-6
5170                      -3.2081525861263144E-6
5171                      -3.0308226582381582E-6
5172                      -2.8258134882904297E-6
5173                      -2.4373171491738973E-6
5174                      -1.8579716358732261E-6
5175                      -1.2558926232058537E-6
5176                      -8.059377203545077E-7
5177                      -5.435984465799345E-7
5178                      -3.998991063593725E-7
5179                      -3.220468079361024E-7
5180                      -2.7606926295657155E-7
5181                      -2.457353806906834E-7
5182                      -2.1984325425578234E-7
5183                      -1.9403638647271112E-7
5184                      -1.6773579361960273E-7
5185                      -1.4146699345825102E-7
5186                      -1.1534741950759269E-7
5187                      -8.934743803346761E-8
5188                      -6.341735260286506E-8
5189                      -3.7612519533276336E-8
5190                      -1.179445380277604E-8
5191                      1.3835835519525384E-8
5192                      3.93293917639841E-8
5193                      6.466587735084209E-8
5194                      8.989787128239505E-8
5195                      1.1488655487031416E-7
5196                      1.39713797433473E-7
5197                      1.643320438156611E-7
5198                      1.887733763930561E-7
5199                      2.1301204076785057E-7
5200                      2.3706484183474638E-7
5201                      2.609199908040996E-7
5202                      2.8458660959215207E-7
5203                      3.080595978455434E-7
5204                      3.3134428805971184E-7
5205                      3.5443905764751525E-7
5206                      3.7734741461851703E-7
5207                      4.000695423501664E-7
5208                      4.2260807566346116E-7
5209                      4.449641340883325E-7
5210                      4.671399611124908E-7
5211                      4.891371657268442E-7
5212                      5.109578464090954E-7
5213                      5.32603877048763E-7
5214                      5.540768727115334E-7
5215                      5.753787889755212E-7
5216                      5.965119026846079E-7
5217                      6.174782963077428E-7
5218                      6.382807824198127E-7
5219                      6.589216920321645E-7
5220                      6.794037361253268E-7
5221                      6.997289484040811E-7
5222                      7.198994934697232E-7
5223                      7.399173214994826E-7
5224                      7.597848472116868E-7
5225                      7.79504358580535E-7
5226                      7.990788396541082E-7
5227                      8.185110865852689E-7
5228                      8.378041339645947E-7
5229                      8.569605320453476E-7
5230                      8.759832972253891E-7
5231                      8.948751405327767E-7
5232                      9.13639565085194E-7
5233                      9.322797126550263E-7
5234                      9.507989583697622E-7
5235                      9.692005795281763E-7
5236                      9.874877194393072E-7
5237                      1.0056636412426013E-6
5238                      1.0237315115124834E-6
5239                      1.0416950428849666E-6
5240                      1.0595584643660174E-6
5241                      1.0773262035568726E-6
5242                      1.0950025663743884E-6
5243                      1.1125916859046299E-6
5244                      1.1300978437072618E-6
5245                      1.14752567881193E-6
5246                      1.1648802323295144E-6
5247                      1.1821667064797328E-6
5248                      1.1993903751703064E-6
5249                      1.2165566028446353E-6
5250                      1.2336710467232543E-6
5251                      1.2507397292752808E-6
5252                      1.2677690392157926E-6
5253                      1.2847656247041959E-6
5254                      1.3017363812202696E-6
5255                      1.3186884993809307E-6
5256                      1.3356295796485734E-6
5257                      1.3525676877510723E-6
5258                      1.3695113605328768E-6
5259                      1.3864695793889263E-6
5260                      1.4034517907685604E-6
5261                      1.4204679765442247E-6
5262                      1.4375287439795961E-6
5263                      1.4546455520986375E-6
5264                      1.4718305357526866E-6
5265                      1.4890963128294147E-6
5266                      1.5064561749864727E-6
5267                      1.5239244978058097E-6
5268                      1.5415171476494829E-6
5269                      1.5592507699925025E-6
5270                      1.5771432487946506E-6
5271                      1.5952138011710091E-6
5272                      1.61348321079735E-6
5273                      1.6319739734404581E-6
5274                      1.6507108433809223E-6
5275                      1.6697203586885868E-6
5276                      1.6890306204170197E-6
5277                      1.7086717000626276E-6
5278                      1.728677112005538E-6
5279                      1.7490845669630375E-6
5280                      1.7699347534370376E-6
5281                      1.7912719941495106E-6
5282                      1.8131453608306427E-6
5283                      1.83560954454659E-6
5284                      1.8587253890711857E-6
5285                      1.8825619466844977E-6
5286                      1.9071955770713368E-6
5287                      1.932709087151898E-6
5288                      1.959193857559589E-6
5289                      1.9867544940866715E-6
5290                      2.0155138038570794E-6
5291                      2.0456136767963486E-6
5292                      2.077214074901083E-6
5293                      2.110493032632026E-6
5294                      2.1456547452492497E-6
5295                      2.1829404315439117E-6
5296                      2.222641597098929E-6
5297                      2.2651045690798825E-6
5298                      2.310733205364644E-6
5299                      2.3599741048191414E-6
5300                      2.4133753091076026E-6
5301                      2.4716357307878812E-6
5302                      2.535633537460037E-6
5303                      2.6064416948253565E-6
5304                      2.685434997242334E-6
5305                      2.774354703974252E-6
5306                      2.875380538629188E-6
5307                      2.9912792346026973E-6
5308                      3.1256663098218465E-6
5309                      3.283393148041319E-6
5310                      3.4708419473111936E-6
5311                      3.696219578401383E-6
5312                      3.970093899738032E-6
5313                      4.305463613061451E-6
5314                      4.7166948873337435E-6
5315                      5.2162483175894985E-6
5316                      5.8076039888572E-6
5317                      6.470880521030882E-6
5318                      7.146403304458246E-6
5319                      7.729728395084828E-6
5320                      8.090844536725613E-6
5321                      8.109796856888783E-6
5322                      7.702959126827143E-6
5323                      6.815020792526482E-6
5324                      5.402780020710926E-6
5325                      3.444360975329207E-6
5326                      9.667191817676639E-7
5327                      -1.8878343360398766E-6
5328                      -4.763000426614874E-6
5329                      -7.059924592181803E-6
5330                      -8.083706147414722E-6
5331                      -7.385995298331326E-6
5332                      -5.134168355125043E-6
5333                      -2.206715158021167E-6
5334                      2.856952588785062E-7
5335                      1.6745805276439799E-6
5336                      1.845384647846662E-6
5337                      1.067085486672315E-6
5338                      -1.0479043676379658E-7
5339                      -1.1659487200957222E-6
5340                      -1.927223487924602E-6
5341                      -2.3547628190818113E-6
5342                      -2.427647083959165E-6
5343                      -2.2145538214452226E-6
5344                      -1.8854746843158612E-6
5345                      -1.4888668313096497E-6
5346                      -1.065783731287568E-6
5347                      -6.774243544967261E-7
5348                      -3.7753607642183954E-7
5349                      -1.7828237702266107E-7
5350                      -5.2556255038784325E-8
5351                      2.9795190069433657E-8
5352                      7.746998793077843E-8
5353                      9.709727892973975E-8
5354                      1.0242164274735878E-7
5355                      1.0408671650304702E-7
5356                      1.0566763364572658E-7
5357                      1.0800317371626211E-7
5358                      1.0974188411669391E-7
5359                      1.1089589598341045E-7
5360                      1.1176620642105833E-7
5361                      1.1237920983893642E-7
5362                      1.128252198780963E-7
5363                      1.1318637951308075E-7
5364                      1.1350335990830378E-7
5365                      1.1380597412427873E-7
5366                      1.1410522119494599E-7
5367                      1.1440197830956714E-7
5368                      1.1469512067794147E-7
5369                      1.1498437540368185E-7
5370                      1.1527033189688553E-7
5371                      1.1555350350739963E-7
5372                      1.158341915499343E-7
5373                      1.1611256357265481E-7
5374                      1.1638874168971604E-7
5375                      1.1666280621809156E-7
5376                      1.1693480682280605E-7
5377                      1.1720477985522544E-7
5378                      1.1747275640653431E-7
5379                      1.1773876469475946E-7
5380                      1.1800283074484252E-7
5381                      1.1826497901517831E-7
5382                      1.1852523229840871E-7
5383                      1.187836124856513E-7
5384                      1.1904014093573293E-7
5385                      1.1929483863821813E-7
5386                      1.1954772625768012E-7
5387                      1.197988241590339E-7
5388                      1.2004815243057553E-7
5389                      1.2029573094793141E-7
5390                      1.2054157942930182E-7
5391                      1.2078571742447652E-7
5392                      1.2102816428408583E-7
5393                      1.212689392270007E-7
5394                      1.2150806139757518E-7
5395                      1.2174554968226893E-7
5396                      1.2198142270314366E-7
5397                      1.2221569923341407E-7
5398                      1.2244839799361284E-7
5399                      1.2267953684009235E-7
5400                      1.22909133648785E-7
5401                      1.231372076207588E-7
5402                      1.233637764425157E-7
5403                      1.235888563484433E-7
5404                      1.238124657572951E-7
5405                      1.2403462379501064E-7
5406                      1.242553460448227E-7
5407                      1.2447464693539878E-7
5408                      1.2469254903492552E-7
5409                      1.2490907028743845E-7
5410                      1.2512421874675552E-7
5411                      1.253380124373821E-7
5412                      1.2555047966677984E-7
5413                      1.257616306954569E-7
5414                      1.2597146843217526E-7
5415                      1.261800211610574E-7
5416                      1.2638731101025968E-7
5417                      1.265933437871603E-7
5418                      1.2679813258949406E-7
5419                      1.270017004012188E-7
5420                      1.272040651991214E-7
5421                      1.2740523014353943E-7
5422                      1.2760521016860223E-7
5423                      1.278040393595136E-7
5424                      1.280017271999001E-7
5425                      1.281982589394554E-7
5426                      1.2839366459348486E-7
5427                      1.2858799588513555E-7
5428                      1.2878123534611137E-7
5429                      1.2897337202979727E-7
5430                      1.291644486488867E-7
5431                      1.293544962669222E-7
5432                      1.295435026666139E-7
5433                      1.2973145994572212E-7
5434                      1.2991842623089858E-7
5435                      1.3010443992951907E-7
5436                      1.3028943212693894E-7
5437                      1.3047338589562995E-7
5438                      1.306564659585044E-7
5439                      1.3083865256684515E-7
5440                      1.3101983111223243E-7
5441                      1.3120004668771205E-7
5442                      1.3137942803364038E-7
5443                      1.3155798861443453E-7
5444                      1.3173554298208675E-7
5445                      1.319121705614891E-7
5446                      1.3208806285992825E-7
5447                      1.3226316474655894E-7
5448                      1.3243731494958432E-7
5449                      1.3261053607080296E-7
5450                      1.3278313950776465E-7
5451                      1.3295503918708025E-7
5452                      1.3312595400455234E-7
5453                      1.3329598402484337E-7
5454                      1.3346543901858323E-7
5455                      1.3363435224496952E-7
5456                      1.3380218793332685E-7
5457                      1.3396906838152983E-7
5458                      1.3413556349013186E-7
5459                      1.343016107164885E-7
5460                      1.3446662286088065E-7
5461                      1.3463041437615712E-7
5462                      1.3479414944141917E-7
5463                      1.349577993895533E-7
5464                      1.3512016112254064E-7
5465                      1.352811288065282E-7
5466                      1.3544203647434695E-7
5467                      1.356037436583976E-7
5468                      1.3576358524072504E-7
5469                      1.3592113685718745E-7
5470                      1.360792325271911E-7
5471                      1.3623888942353045E-7
5472                      1.3639704584276078E-7
5473                      1.3655255511490896E-7
5474                      1.3670806304864343E-7
5475                      1.3686415414839054E-7
5476                      1.370196969487184E-7
5477                      1.371741241308961E-7
5478                      1.3732768417659408E-7
5479                      1.3748130832619442E-7
5480                      1.3763489645932195E-7
5481                      1.3778737841187605E-7
5482                      1.379386258118309E-7
5483                      1.3809016247459605E-7
5484                      1.3824154896892284E-7
5485                      1.3839219518979635E-7
5486                      1.3854204769358126E-7
5487                      1.3869154713449102E-7
5488                      1.388407591345245E-7
5489                      1.38989542275402E-7
5490                      1.3913777766518026E-7
5491                      1.3928551297759423E-7
5492                      1.3943292685327992E-7
5493                      1.3958004637778786E-7
5494                      1.397266680089314E-7
5495                      1.3987270085001598E-7
5496                      1.4001838949525089E-7
5497                      1.4016390948656473E-7
5498                      1.4030904931267147E-7
5499                      1.404536828675668E-7
5500                      1.4059789754642802E-7
5501                      1.4074181923660802E-7
5502                      1.4088548584335129E-7
5503                      1.4102876075379594E-7
5504                      1.4117155601053642E-7
5505                      1.4131402514601427E-7
5506                      1.4145636702422096E-7
5507                      1.415984744934812E-7
5508                      1.4174003016795605E-7
5509                      1.4188119069933669E-7
5510                      1.420221653806146E-7
5511                      1.4216297238854082E-7
5512                      1.4230346444213613E-7
5513                      1.424435883114259E-7
5514                      1.425834128288553E-7
5515                      1.4272302196175752E-7
5516                      1.4286243922085342E-7
5517                      1.4300156577770649E-7
5518                      1.431403283096991E-7
5519                      1.4327883521546608E-7
5520                      1.434172627549913E-7
5521                      1.4355562534436046E-7
5522                      1.4369354866841307E-7
5523                      1.4383088656902892E-7
5524                      1.4396810501895283E-7
5525                      1.4410571266272662E-7
5526                      1.442433460304946E-7
5527                      1.4438004149438578E-7
5528                      1.4451615624098575E-7
5529                      1.446524036504636E-7
5530                      1.4478898925106782E-7
5531                      1.4492543296688897E-7
5532                      1.4506135477487748E-7
5533                      1.451966653289681E-7
5534                      1.4533205189546165E-7
5535                      1.4546807621728973E-7
5536                      1.4560413902448668E-7
5537                      1.4573897219734392E-7
5538                      1.4587209398042628E-7
5539                      1.4600628057587555E-7
5540                      1.4614361433941647E-7
5541                      1.4628138974517207E-7
5542                      1.4641430866012815E-7
5543                      1.465426028224482E-7
5544                      1.466760832424263E-7
5545                      1.4681488274794746E-7
5546                      1.4695325040699177E-7
5547                      1.4708625988731705E-7
5548                      1.4721340268257828E-7
5549                      1.4734363786714326E-7
5550                      1.474819632697518E-7
5551                      1.4762252982607307E-7
5552                      1.477574172723123E-7
5553                      1.4788610220298772E-7
5554                      1.4801486355428854E-7
5555                      1.4814894516867592E-7
5556                      1.4828988297669702E-7
5557                      1.484282858597064E-7
5558                      1.4855697977161615E-7
5559                      1.486815000808698E-7
5560                      1.4881161770125462E-7
5561                      1.489499830104669E-7
5562                      1.490900231896675E-7
5563                      1.4922408025656404E-7
5564                      1.49347666857827E-7
5565                      1.494711512959051E-7
5566                      1.4960832953982622E-7
5567                      1.4975459103029409E-7
5568                      1.4989574603338206E-7
5569                      1.5002370442301572E-7
5570                      1.5013923782347906E-7
5571                      1.5026360200537354E-7
5572                      1.5040786860759328E-7
5573                      1.5056038393108726E-7
5574                      1.507006320441811E-7
5575                      1.5082228553639944E-7
5576                      1.5093832186200775E-7
5577                      1.5108242502689606E-7
5578                      1.5121542384213293E-7
5579                      1.5134863780296423E-7
5580                      1.5148197797251103E-7
5581                      1.5161572248843945E-7
5582                      1.517494958623179E-7
5583                      1.5188332532051785E-7
5584                      1.5201721572058519E-7
5585                      1.5215119855741735E-7
5586                      1.5228526073514636E-7
5587                      1.52419400856444E-7
5588                      1.5255363123221754E-7
5589                      1.52687967216186E-7
5590                      1.5282241674540047E-7
5591                      1.5295697387132812E-7
5592                      1.5309165032455365E-7
5593                      1.5322645172688047E-7
5594                      1.533613829517838E-7
5595                      1.5349644970014094E-7
5596                      1.5363165740944435E-7
5597                      1.5376701133829478E-7
5598                      1.5390251687606642E-7
5599                      1.5403817953394695E-7
5600                      1.5417400467113414E-7
5601                      1.543099976532497E-7
5602                      1.54446164152321E-7
5603                      1.5458250981885231E-7
5604                      1.5471904002390497E-7
5605                      1.5485576059589575E-7
5606                      1.5499267738316193E-7
5607                      1.551297961180769E-7
5608                      1.523378042121946E-7
5609                      3.323546243863776E-8
5610                      7.829925855926813E-8
5611                      1.0807663429694393E-7
5612                      1.2798275489678787E-7
5613                      1.412791502419395E-7
5614                      1.5108038242655765E-7
5615                      1.5832672424592394E-7
5616                      1.6418682435718163E-7
5617                      1.6855873773480118E-7
5618                      1.7166577249681904E-7
5619                      1.737901434453016E-7
5620                      1.7517699238260902E-7
5621                      1.7601753360672426E-7
5622                      1.76455353792983E-7
5623                      1.7659701180309353E-7
5624                      1.7652150146283732E-7
5625                      1.762875469914341E-7
5626                      1.759437016399676E-7
5627                      1.7551650867804607E-7
5628                      1.7503084059252843E-7
5629                      1.7450503443844038E-7
5630                      1.7395330289042026E-7
5631                      1.7338624809959666E-7
5632                      1.7281180165116102E-7
5633                      1.7223583480428572E-7
5634                      1.7166265383446587E-7
5635                      1.710946409069012E-7
5636                      1.7053468504285545E-7
5637                      1.699847763056602E-7
5638                      1.6944602595440708E-7
5639                      1.6891900418848102E-7
5640                      1.68403998528044E-7
5641                      1.6790114125748396E-7
5642                      1.674104612212933E-7
5643                      1.669319076697488E-7
5644                      1.664653752709526E-7
5645                      1.660106978389903E-7
5646                      1.655676760998997E-7
5647                      1.6513609078204833E-7
5648                      1.647157117331318E-7
5649                      1.643063013366932E-7
5650                      1.6390761735856369E-7
5651                      1.6351941559933766E-7
5652                      1.6314145228484722E-7
5653                      1.627734872194472E-7
5654                      1.6241528453744525E-7
5655                      1.620666132985965E-7
5656                      1.6172724783175324E-7
5657                      1.613969684585852E-7
5658                      1.6107556099416712E-7
5659                      1.6076281713299722E-7
5660                      1.6045853559365196E-7
5661                      1.6016252147492593E-7
5662                      1.5987458366553048E-7
5663                      1.5959453626914197E-7
5664                      1.59322203150431E-7
5665                      1.5905741438099858E-7
5666                      1.5879999454945063E-7
5667                      1.5854977638810667E-7
5668                      1.5830661442938164E-7
5669                      1.5807035953932363E-7
5670                      1.57840840276643E-7
5671                      1.576179090655117E-7
5672                      1.5740146250098947E-7
5673                      1.5719136058593838E-7
5674                      1.5698740945477104E-7
5675                      1.5678949662017205E-7
5676                      1.5659758802931967E-7
5677                      1.5641150944723512E-7
5678                      1.5623106952456775E-7
5679                      1.560562001125872E-7
5680                      1.558868534979242E-7
5681                      1.5572287625094328E-7
5682                      1.555641037603321E-7
5683                      1.5541047480056208E-7
5684                      1.5526194480685483E-7
5685                      1.551183760891631E-7
5686                      1.5497961690377395E-7
5687                      1.5484561124813E-7
5688                      1.5471632748120706E-7
5689                      1.5459164390043884E-7
5690                      1.5447141084581853E-7
5691                      1.5435557331170584E-7
5692                      1.542441203172148E-7
5693                      1.541369741892818E-7
5694                      1.5403392414184875E-7
5695                      1.5393490770678802E-7
5696                      1.5383999941305144E-7
5697                      1.5374914173258034E-7
5698                      1.536620970430953E-7
5699                      1.5357874444095484E-7
5700                      1.534991998596737E-7
5701                      1.5342350296392604E-7
5702                      1.5335139949136347E-7
5703                      1.532826720949072E-7
5704                      1.5321745126945088E-7
5705                      1.531557693270026E-7
5706                      1.5309750100702233E-7
5707                      1.5304251202565674E-7
5708                      1.529907486123836E-7
5709                      1.529422482565237E-7
5710                      1.5289699584419206E-7
5711                      1.5285483243653908E-7
5712                      1.5281561490499852E-7
5713                      1.5277939808018994E-7
5714                      1.5274630260106037E-7
5715                      1.52716217812818E-7
5716                      1.526888435846066E-7
5717                      1.5266410518896877E-7
5718                      1.5264229430465608E-7
5719                      1.5262374673035372E-7
5720                      1.526078660328585E-7
5721                      1.5259377920025512E-7
5722                      1.5258190633868976E-7
5723                      1.5257367174946738E-7
5724                      1.5256921579324197E-7
5725                      1.5256649152910392E-7
5726                      1.5256292955549153E-7
5727                      1.5256152432583135E-7
5728                      1.5256822617377026E-7
5729                      1.525814391689773E-7
5730                      1.5259107274836445E-7
5731                      1.52592593909664E-7
5732                      1.5259810710987462E-7
5733                      1.5261970951217399E-7
5734                      1.5264846014309526E-7
5735                      1.526713668568305E-7
5736                      1.526855817424908E-7
5737                      1.5271085022293612E-7
5738                      1.5273800344846597E-7
5739                      1.527671607000354E-7
5740                      1.5279810128799908E-7
5741                      1.528311146018428E-7
5742                      1.5286602719452827E-7
5743                      1.5290290712662667E-7
5744                      1.5294175148582188E-7
5745                      1.5298257631702025E-7
5746                      1.530253514954984E-7
5747                      1.5307005391070268E-7
5748                      1.531166866279081E-7
5749                      1.5316522468681214E-7
5750                      1.5321565230915442E-7
5751                      1.5326795326892447E-7
5752                      1.5332211281143685E-7
5753                      1.5337811789367335E-7
5754                      1.5343595603998215E-7
5755                      1.5349561520078595E-7
5756                      1.53557084094602E-7
5757                      1.5362035222192838E-7
5758                      1.5368540979501138E-7
5759                      1.5375224787673014E-7
5760                      1.5382085825163589E-7
5761                      1.5389123353104665E-7
5762                      1.5396336739856492E-7
5763                      1.5403725441517697E-7
5764                      1.541128897798611E-7
5765                      1.5419026963510732E-7
5766                      1.5426939179985489E-7
5767                      1.543502550089212E-7
5768                      1.5443285722160396E-7
5769                      1.545171983732441E-7
5770                      1.5460328270813904E-7
5771                      1.546911142125783E-7
5772                      1.547806921865061E-7
5773                      1.5487201914749917E-7
5774                      1.5496511084225067E-7
5775                      1.5505997818639965E-7
5776                      1.5515662165289542E-7
5777                      1.5525504674866003E-7
5778                      1.5535527597157971E-7
5779                      1.554573408125912E-7
5780                      1.5556124508715944E-7
5781                      1.5566696756436977E-7
5782                      1.5577454029758367E-7
5783                      1.558840698436628E-7
5784                      1.5599559177097073E-7
5785                      1.5610902694900851E-7
5786                      1.5622433011450386E-7
5787                      1.56341643197385E-7
5788                      1.5646118894892628E-7
5789                      1.5658298641385884E-7
5790                      1.5670672140137233E-7
5791                      1.5683249201956609E-7
5792                      1.5696057308523053E-7
5793                      1.570911895095503E-7
5794                      1.5722447773472878E-7
5795                      1.573602067794264E-7
5796                      1.5749806172499607E-7
5797                      1.5763821890914028E-7
5798                      1.5778153275376268E-7
5799                      1.5792926844096332E-7
5800                      1.580811508050013E-7
5801                      1.5823447385919002E-7
5802                      1.5838713237993446E-7
5803                      1.5854125843492156E-7
5804                      1.5870337193933191E-7
5805                      1.588757092337694E-7
5806                      1.5905599577854147E-7
5807                      1.5923915175928492E-7
5808                      1.5941877592671814E-7
5809                      1.5959383910124618E-7
5810                      1.5977403691570697E-7
5811                      1.5997767873848216E-7
5812                      1.6021977977550486E-7
5813                      1.6049747534208764E-7
5814                      1.606749593711617E-7
5815                      1.609503772761714E-7
5816                      1.615499644517655E-7
5817                      1.6176834539513465E-7
5818                      2.3772028240923545E-8
5819                      2.143907688111234E-7
5820                      3.234953998281749E-7
5821                      4.079967828834517E-7
5822                      4.800451796844587E-7
5823                      5.472894336264562E-7
5824                      6.126600931121015E-7
5825                      6.786765184809509E-7
5826                      7.478784228741989E-7
5827                      8.209511221128678E-7
5828                      9.013511296455268E-7
5829                      9.931038594608151E-7
5830                      1.1013777921478056E-6
5831                      1.2316172421647952E-6
5832                      1.3925931054487258E-6
5833                      1.5953517085472643E-6
5834                      1.8524598690135081E-6
5835                      2.1767775311261117E-6
5836                      2.57917556996297E-6
5837                      3.0630239409101807E-6
5838                      3.6134173049353214E-6
5839                      4.17428133793534E-6
5840                      4.626037767136885E-6
5841                      4.792808040170044E-6
5842                      4.497494713395176E-6
5843                      3.889457829408461E-6
5844                      3.686465032691518E-6
5845                      4.438487975958239E-6
5846                      6.3655365851595195E-6
5847                      9.301174970842446E-6
5848                      1.2607515070443148E-5
5849                      1.5586221180045737E-5
5850                      1.768268585277126E-5
5851                      1.822434259225649E-5
5852                      1.740298865259525E-5
5853                      1.623343192952095E-5
5854                      1.5905071575657596E-5
5855                      1.5952412988249893E-5
5856                      1.406694832227956E-5
5857                      1.013129508433048E-5
5858                      5.632706994454316E-6
5859                      2.6906123770061626E-6
5860                      2.4582195389910675E-6
5861                      3.731003601161194E-6
5862                      7.38187350728269E-6
5863                      1.3253008607671613E-5
5864                      1.882838154338459E-5
5865                      2.1229157258887766E-5
5866                      1.8332271258762116E-5
5867                      1.3423130204036772E-5
5868                      9.098651232132755E-6
5869                      5.1098869742209125E-6
5870                      3.1049429163105993E-6
5871                      3.461385862745821E-6
5872                      3.5955026498800337E-6
5873                      2.1601584861235504E-6
5874                      1.4188242449471354E-6
5875                      3.302720244487718E-6
5876                      6.434720664975517E-6
5877                      7.832729836838468E-6
5878                      6.333328281146186E-6
5879                      3.86539474957567E-6
5880                      1.8594940131119497E-6
5881                      -4.7567714982093667E-7
5882                      -1.7986453920176729E-6
5883                      -1.9031533419486785E-6
5884                      -1.91146866609275E-6
5885                      -1.8458826129077546E-6
5886                      -1.74903833327047E-6
5887                      -1.6094718652112215E-6
5888                      -1.397540636953467E-6
5889                      -1.1356181119106832E-6
5890                      -9.197379642863479E-7
5891                      -9.795789606376564E-7
5892                      -1.382662530242782E-6
5893                      -1.694239521299978E-6
5894                      -1.3889272386769416E-6
5895                      -6.468554947168764E-7
5896                      -4.791031133018867E-7
5897                      -1.780893864955276E-6
5898                      -3.436650861199977E-6
5899                      -4.1289257491652854E-6
5900                      -3.782337493761452E-6
5901                      -3.2597442983212083E-6
5902                      -3.74177081292353E-6
5903                      -5.077048287537467E-6
5904                      -6.163869458549918E-6
5905                      -7.311692686942444E-6
5906                      -1.0853636341547177E-5
5907                      -1.764188985022095E-5
5908                      -2.5017224525519712E-5
5909                      -3.0208554634705235E-5
5910                      -3.18671533428537E-5
5911                      -2.9881594420332665E-5
5912                      -2.3426806411633652E-5
5913                      -1.1733356474864917E-5
5914                      5.332972594003431E-6
5915                      2.793776692987357E-5
5916                      5.220213005841228E-5
5917                      7.328006535551549E-5
5918                      8.833105012250476E-5
5919                      9.678791122987897E-5
5920                      9.906431252031198E-5
5921                      9.592444428184726E-5
5922                      8.659889463079546E-5
5923                      7.343320233284267E-5
5924                      6.244330811044137E-5
5925                      5.5061679874716224E-5
5926                      5.7892697800745714E-5
5927                      6.130417461386382E-5
5928                      4.493513382422069E-5
5929                      2.9679136888169973E-5
5930                      2.9253539740691295E-5
5931                      2.97997459139652E-5
5932                      2.3119379580432997E-5
5933                      1.8198034794549272E-5
5934                      1.9993215379507574E-5
5935                      9.590521192034973E-6
5936                      -2.2245528069244746E-6
5937                      -4.797743912508039E-6
5938                      -6.692968867219549E-6
5939                      -5.410508252489822E-6
5940                      -4.712319381725824E-6
5941                      -4.476423435287446E-6
5942                      -4.384153779177601E-6
5943                      -4.3933763662985835E-6
5944                      -4.499732997571249E-6
5945                      -4.7102923194381195E-6
5946                      -5.041122968526591E-6
5947                      -5.51014517377607E-6
5948                      -6.115554274437361E-6
5949                      -6.817444501946263E-6
5950                      -7.51000704234933E-6
5951                      -8.040035844471825E-6
5952                      -8.298210661569902E-6
5953                      -8.257173258001329E-6
5954                      -7.949114661073321E-6
5955                      -7.442652811378523E-6
5956                      -6.838945985412838E-6
5957                      -6.2851106713294395E-6
5958                      -5.946470379685073E-6
5959                      -5.929114404082484E-6
5960                      -6.216905974408554E-6
5961                      -6.629168447027994E-6
5962                      -6.868113172322685E-6
5963                      -6.7473233369459305E-6
5964                      -6.373780910558875E-6
5965                      -5.707072472513171E-6
5966                      -5.2188953096107946E-6
5967                      -4.713319089992934E-6
5968                      -4.2154992798798565E-6
5969                      -3.7346012416036316E-6
5970                      -3.3043763968265292E-6
5971                      -3.00119802769841E-6
5972                      -2.8102312770688075E-6
5973                      -2.6026315913428715E-6
5974                      -2.2603658876062325E-6
5975                      -1.7815179948007888E-6
5976                      -1.2446360611345996E-6
5977                      -8.09871691745131E-7
5978                      -5.318482753481496E-7
5979                      -3.844063398922504E-7
5980                      -3.1194395951751705E-7
5981                      -2.6363956282379677E-7
5982                      -2.2883295713426854E-7
5983                      -2.007698185512764E-7
5984                      -1.756663375153476E-7
5985                      -1.519871254524225E-7
5986                      -1.2833863092258813E-7
5987                      -1.0466720083024693E-7
5988                      -8.099583735016235E-8
5989                      -5.7295640789643636E-8
5990                      -3.360243802712849E-8
5991                      -9.935567742430792E-9
5992                      1.3662318934785E-8
5993                      3.717203946608088E-8
5994                      6.055606459370633E-8
5995                      8.379577436927764E-8
5996                      1.0687952466282576E-7
5997                      1.2979829857293518E-7
5998                      1.525458444486959E-7
5999                      1.7511927307293563E-7
6000                      1.975173861078116E-7
6001                      2.1973941509617395E-7
6002                      2.4178491251713E-7
6003                      2.636540198600119E-7
6004                      2.8534735143778895E-7
6005                      3.06865761588146E-7
6006                      3.282104343948114E-7
6007                      3.4938280200008605E-7
6008                      3.7038413616228297E-7
6009                      3.912158836455652E-7
6010                      4.118797566751158E-7
6011                      4.323774191201455E-7
6012                      4.52710504201631E-7
6013                      4.7288079587439217E-7
6014                      4.928901313568828E-7
6015                      5.127403172704972E-7
6016                      5.324332315867822E-7
6017                      5.519708282204425E-7
6018                      5.713550578589804E-7
6019                      5.905879067722076E-7
6020                      6.096714408947938E-7
6021                      6.286077530382044E-7
6022                      6.473989544100039E-7
6023                      6.660472266584191E-7
6024                      6.845548102602292E-7
6025                      7.029239704106068E-7
6026                      7.211570252355762E-7
6027                      7.392563675545733E-7
6028                      7.572244390060219E-7
6029                      7.750637289250084E-7
6030                      7.927768023477559E-7
6031                      8.10366296551773E-7
6032                      8.278349068059876E-7
6033                      8.451854031426095E-7
6034                      8.624206447604987E-7
6035                      8.79543569559958E-7
6036                      8.965571949363284E-7
6037                      9.134646368502109E-7
6038                      9.302691149830916E-7
6039                      9.469739478680411E-7
6040                      9.635825573077429E-7
6041                      9.800984891960679E-7
6042                      9.965254186172263E-7
6043                      1.012867145271661E-6
6044                      1.0291276029015387E-6
6045                      1.045310883517254E-6
6046                      1.06142124765651E-6
6047                      1.0774631095801407E-6
6048                      1.0934410198583597E-6
6049                      1.109359780500184E-6
6050                      1.125224425074587E-6
6051                      1.141040189101011E-6
6052                      1.156812522444611E-6
6053                      1.1725471205418597E-6
6054                      1.1882499949844943E-6
6055                      1.2039274370864473E-6
6056                      1.2195859979474759E-6
6057                      1.2352325422477912E-6
6058                      1.2508743429949813E-6
6059                      1.266519129809328E-6
6060                      1.2821750644722763E-6
6061                      1.297850692769738E-6
6062                      1.3135549929197302E-6
6063                      1.329297540846535E-6
6064                      1.345088631701406E-6
6065                      1.3609391714121288E-6
6066                      1.3768605733404686E-6
6067                      1.3928650028896316E-6
6068                      1.4089655080077904E-6
6069                      1.425176123737821E-6
6070                      1.4415119574106777E-6
6071                      1.457989269887196E-6
6072                      1.4746254245291077E-6
6073                      1.491438948560669E-6
6074                      1.5084498296440263E-6
6075                      1.5256798105955962E-6
6076                      1.5431528769286882E-6
6077                      1.5608948793718834E-6
6078                      1.5789332733535881E-6
6079                      1.597297725630816E-6
6080                      1.6160211775728784E-6
6081                      1.6351403820728152E-6
6082                      1.6546960052716064E-6
6083                      1.6747320438454207E-6
6084                      1.6952961711836235E-6
6085                      1.7164410403809692E-6
6086                      1.7382265719576975E-6
6087                      1.7607214862694676E-6
6088                      1.7840017105076597E-6
6089                      1.8081472108396693E-6
6090                      1.8332489174780137E-6
6091                      1.8594150619021289E-6
6092                      1.8867704832186506E-6
6093                      1.9154553844297003E-6
6094                      1.9456286164993514E-6
6095                      1.977473288936361E-6
6096                      2.0112017650085888E-6
6097                      2.047062052904755E-6
6098                      2.085347222856063E-6
6099                      2.126405624744025E-6
6100                      2.170651551158066E-6
6101                      2.218580772331741E-6
6102                      2.270813553876729E-6
6103                      2.328111799422444E-6
6104                      2.391392926476239E-6
6105                      2.4617752334674835E-6
6106                      2.54067558099425E-6
6107                      2.6299395202791255E-6
6108                      2.732015047310776E-6
6109                      2.850043892546788E-6
6110                      2.988084176503237E-6
6111                      3.151462328974374E-6
6112                      3.347202032656266E-6
6113                      3.584393975754091E-6
6114                      3.8743293093910055E-6
6115                      4.230079740221267E-6
6116                      4.664173319776623E-6
6117                      5.182620240651271E-6
6118                      5.7738951348380114E-6
6119                      6.394711371573525E-6
6120                      6.961751773567866E-6
6121                      7.360521882030359E-6
6122                      7.47604687422303E-6
6123                      7.221013424611565E-6
6124                      6.53779109173732E-6
6125                      5.385337303844849E-6
6126                      3.737497127270835E-6
6127                      1.6035282231549727E-6
6128                      -9.217638647417777E-7
6129                      -3.574262391019831E-6
6130                      -5.863158928340914E-6
6131                      -7.161966532071495E-6
6132                      -6.9713770325986486E-6
6133                      -5.254827398804419E-6
6134                      -2.635485968966421E-6
6135                      -1.272289733583341E-7
6136                      1.4882424287856067E-6
6137                      1.919677023774248E-6
6138                      1.3471380775444738E-6
6139                      2.7330387926177615E-7
6140                      -7.770843858368967E-7
6141                      -1.5705149291198517E-6
6142                      -2.042048196452368E-6
6143                      -2.202842379296936E-6
6144                      -2.083720678254541E-6
6145                      -1.8026742790768489E-6
6146                      -1.4453733985090634E-6
6147                      -1.0623154373629815E-6
6148                      -6.988040031938141E-7
6149                      -4.036291956241328E-7
6150                      -2.0114456278521155E-7
6151                      -6.719026133193538E-8
6152                      1.5863025015962494E-8
6153                      6.443818755756992E-8
6154                      8.781631593564046E-8
6155                      9.634724748272006E-8
6156                      9.937959135537821E-8
6157                      1.0198050971570341E-7
6158                      1.0424524567559211E-7
6159                      1.053356565227263E-7
6160                      1.0567412706964682E-7
6161                      1.0595822540976733E-7
6162                      1.0625051363188118E-7
6163                      1.0655004526828997E-7
6164                      1.0684478337227258E-7
6165                      1.0713597556533176E-7
6166                      1.0742003277073884E-7
6167                      1.076983128139263E-7
6168                      1.0797154020996185E-7
6169                      1.0824068057881091E-7
6170                      1.0850638128601853E-7
6171                      1.0876917912769342E-7
6172                      1.0902945230911688E-7
6173                      1.0928740712181066E-7
6174                      1.0954325212552028E-7
6175                      1.097971152360088E-7
6176                      1.1004905851979837E-7
6177                      1.1029911450853104E-7
6178                      1.1054730768746615E-7
6179                      1.1079366180211526E-7
6180                      1.1103820054559759E-7
6181                      1.1128094686024943E-7
6182                      1.1152192247403968E-7
6183                      1.1176114799864096E-7
6184                      1.1199864328711812E-7
6185                      1.1223442776434052E-7
6186                      1.1246852058021368E-7
6187                      1.1270094064904939E-7
6188                      1.1293170665680273E-7
6189                      1.131608370772284E-7
6190                      1.1338835019924495E-7
6191                      1.1361426415356213E-7
6192                      1.1383859692298587E-7
6193                      1.1406136634900821E-7
6194                      1.1428259013195806E-7
6195                      1.1450228583944782E-7
6196                      1.1472047089311056E-7
6197                      1.1493716256504919E-7
6198                      1.1515237801442838E-7
6199                      1.1536613428312919E-7
6200                      1.1557844821827781E-7
6201                      1.1578933652965063E-7
6202                      1.1599881592386802E-7
6203                      1.1620690289871264E-7
6204                      1.164136135658286E-7
6205                      1.1661896421231606E-7
6206                      1.1682297138152808E-7
6207                      1.1702565056766748E-7
6208                      1.1722701673576678E-7
6209                      1.1742708710452348E-7
6210                      1.1762587750612686E-7
6211                      1.1782340112050784E-7
6212                      1.1801967368502188E-7
6213                      1.1821471308909801E-7
6214                      1.184085326634712E-7
6215                      1.1860114464059316E-7
6216                      1.18792566610914E-7
6217                      1.1898281406262259E-7
6218                      1.1917189943977472E-7
6219                      1.1935983701599195E-7
6220                      1.1954664233152348E-7
6221                      1.1973232958117107E-7
6222                      1.199169107902767E-7
6223                      1.201004003862865E-7
6224                      1.2028281479816513E-7
6225                      1.204641657435851E-7
6226                      1.2064446307120349E-7
6227                      1.208237240257166E-7
6228                      1.210019648560167E-7
6229                      1.211791937001727E-7
6230                      1.2135542210329618E-7
6231                      1.2153066690412263E-7
6232                      1.2170494122643993E-7
6233                      1.2187825450586305E-7
6234                      1.220506183958408E-7
6235                      1.2222205037472358E-7
6236                      1.2239256259703266E-7
6237                      1.2256215861233076E-7
6238                      1.2273085241385798E-7
6239                      1.2289866968236917E-7
6240                      1.2306561620167636E-7
6241                      1.2323168408415113E-7
6242                      1.2339689874310786E-7
6243                      1.235612866390613E-7
6244                      1.23724845909901E-7
6245                      1.2388757536490192E-7
6246                      1.2404949862347955E-7
6247                      1.2421063667617587E-7
6248                      1.243709882936835E-7
6249                      1.2453055582318666E-7
6250                      1.2468936146248983E-7
6251                      1.2484742804036424E-7
6252                      1.2500474559459958E-7
6253                      1.2516130567357226E-7
6254                      1.253171574203568E-7
6255                      1.254723425075478E-7
6256                      1.256267983765969E-7
6257                      1.257805076703218E-7
6258                      1.2593356021975646E-7
6259                      1.2608599779166184E-7
6260                      1.2623774910663317E-7
6261                      1.2638878871488284E-7
6262                      1.265392059700723E-7
6263                      1.266890840090969E-7
6264                      1.268382881654562E-7
6265                      1.2698675277399501E-7
6266                      1.2713465463482975E-7
6267                      1.2728209770872369E-7
6268                      1.274289195708835E-7
6269                      1.2757501035298577E-7
6270                      1.2772054870879723E-7
6271                      1.2786567082292328E-7
6272                      1.2801020830650486E-7
6273                      1.281541331170814E-7
6274                      1.2829751666483107E-7
6275                      1.2844040215631838E-7
6276                      1.2858278078793856E-7
6277                      1.287246137428974E-7
6278                      1.2886591954320846E-7
6279                      1.2900675984934324E-7
6280                      1.2914714023880195E-7
6281                      1.292870061599184E-7
6282                      1.2942633001897988E-7
6283                      1.2956524676804027E-7
6284                      1.2970379147455327E-7
6285                      1.2984183198223786E-7
6286                      1.299793080510036E-7
6287                      1.3011637898619765E-7
6288                      1.3025314504212635E-7
6289                      1.30389471934684E-7
6290                      1.3052531184151863E-7
6291                      1.3066072944054483E-7
6292                      1.3079578112800566E-7
6293                      1.3093047033826566E-7
6294                      1.3106473637422623E-7
6295                      1.311985724305621E-7
6296                      1.3133206290471966E-7
6297                      1.314652561069503E-7
6298                      1.3159807364196949E-7
6299                      1.3173045597442838E-7
6300                      1.3186249075989067E-7
6301                      1.319942313960147E-7
6302                      1.321256540782947E-7
6303                      1.3225672359509678E-7
6304                      1.323874377743489E-7
6305                      1.3251785289068052E-7
6306                      1.326480025548401E-7
6307                      1.3277783942293075E-7
6308                      1.329073116280656E-7
6309                      1.3303647265678722E-7
6310                      1.331654247481086E-7
6311                      1.3329411739925894E-7
6312                      1.3342249458873102E-7
6313                      1.3355056681779032E-7
6314                      1.336783882063737E-7
6315                      1.3380597672582673E-7
6316                      1.3393331532953853E-7
6317                      1.3406038429626797E-7
6318                      1.3418719776502106E-7
6319                      1.3431379623193138E-7
6320                      1.344401910664054E-7
6321                      1.3456634195206179E-7
6322                      1.3469219820026022E-7
6323                      1.348178387972635E-7
6324                      1.3494339504845044E-7
6325                      1.3506881562336018E-7
6326                      1.351938901469607E-7
6327                      1.3531858207967199E-7
6328                      1.3544318536941803E-7
6329                      1.3556809324996218E-7
6330                      1.3569288517327473E-7
6331                      1.3581666761866528E-7
6332                      1.3593967604241451E-7
6333                      1.3606339947450803E-7
6334                      1.3618844164725553E-7
6335                      1.363129765788813E-7
6336                      1.3643541958542081E-7
6337                      1.3655720966047033E-7
6338                      1.3668008484994342E-7
6339                      1.3680399237676723E-7
6340                      1.369275168767441E-7
6341                      1.3704988172283898E-7
6342                      1.3717120216865154E-7
6343                      1.3729330538362303E-7
6344                      1.3741726023912596E-7
6345                      1.3754115516071715E-7
6346                      1.3766194459943885E-7
6347                      1.3777925964606932E-7
6348                      1.379000092336459E-7
6349                      1.3802861013774324E-7
6350                      1.3815768618299875E-7
6351                      1.3827611679234107E-7
6352                      1.3838882881536995E-7
6353                      1.3850636155060797E-7
6354                      1.3863242645395326E-7
6355                      1.3876028612253728E-7
6356                      1.3888240484686838E-7
6357                      1.3899484299921215E-7
6358                      1.3910832883888343E-7
6359                      1.3923434415795168E-7
6360                      1.3936661270450896E-7
6361                      1.3949241513727885E-7
6362                      1.3960743003943908E-7
6363                      1.3971976506662097E-7
6364                      1.398392670916957E-7
6365                      1.3997186442731704E-7
6366                      1.401045765051351E-7
6367                      1.4022026501799869E-7
6368                      1.4032522659970354E-7
6369                      1.4043704253781242E-7
6370                      1.4057214935780922E-7
6371                      1.4069221807333158E-7
6372                      1.4081274420557156E-7
6373                      1.4093343976405216E-7
6374                      1.4105448140223282E-7
6375                      1.4117550763391078E-7
6376                      1.4129654777534187E-7
6377                      1.4141761373928726E-7
6378                      1.4153872819185394E-7
6379                      1.4165986936015826E-7
6380                      1.4178103443544236E-7
6381                      1.4190223830960593E-7
6382                      1.420234959504801E-7
6383                      1.421448107309094E-7
6384                      1.4226617747559367E-7
6385                      1.4238760683807287E-7
6386                      1.425091034847633E-7
6387                      1.426306715840378E-7
6388                      1.4275231601138408E-7
6389                      1.4287404135372446E-7
6390                      1.4299585205170028E-7
6391                      1.4311775265278582E-7
6392                      1.432397477888757E-7
6393                      1.43361841945582E-7
6394                      1.4348403961259604E-7
6395                      1.4360634552176068E-7
6396                      1.437287643519792E-7
6397                      1.4385130055150946E-7
6398                      1.439739589389034E-7
6399                      1.4409674431456948E-7
6400                      1.4421966137427368E-7
6401                      1.443427149108215E-7
6402                      1.4446590985474768E-7
6403                      1.4458925110245492E-7
6404                      1.4471274350799597E-7
6405                      1.448363921072121E-7
6406                      1.4496020209142592E-7
6407                      1.4508417848802533E-7
6408                      1.452083262825751E-7
6409                      1.4217104009109932E-7
6410                      3.281490602829132E-8
6411                      7.452411231776451E-8
6412                      1.0209848050416061E-7
6413                      1.2053671393172992E-7
6414                      1.3285536466275278E-7
6415                      1.4193706441676144E-7
6416                      1.4865217463785424E-7
6417                      1.5408305723422725E-7
6418                      1.581351442414457E-7
6419                      1.6101520195362718E-7
6420                      1.629846421055682E-7
6421                      1.642705814472429E-7
6422                      1.6505020141946215E-7
6423                      1.6545656643002056E-7
6424                      1.6558843379321038E-7
6425                      1.655190163413313E-7
6426                      1.6530274066905027E-7
6427                      1.6498460488763268E-7
6428                      1.6458920903393151E-7
6429                      1.6413960287946512E-7
6430                      1.6365277883447932E-7
6431                      1.6314190703013812E-7
6432                      1.6261681183468748E-7
6433                      1.6208484276733262E-7
6434                      1.6155144005617554E-7
6435                      1.6102059382137746E-7
6436                      1.6049451148468208E-7
6437                      1.5997586995777888E-7
6438                      1.5946651337406318E-7
6439                      1.5896747162870505E-7
6440                      1.5847927332431275E-7
6441                      1.5800218516286728E-7
6442                      1.575363300248325E-7
6443                      1.570817349569022E-7
6444                      1.5663835326146892E-7
6445                      1.5620608766669036E-7
6446                      1.5578478451603801E-7
6447                      1.553742594895962E-7
6448                      1.549743097330605E-7
6449                      1.5458472230448931E-7
6450                      1.542052773385918E-7
6451                      1.5383575068361784E-7
6452                      1.5347591635987103E-7
6453                      1.5312554877425439E-7
6454                      1.5278442564026731E-7
6455                      1.5245232867566092E-7
6456                      1.5212904415616715E-7
6457                      1.5181436323062556E-7
6458                      1.5150808258964975E-7
6459                      1.5121000401085198E-7
6460                      1.5091993471722113E-7
6461                      1.5063768842259512E-7
6462                      1.5036308473882766E-7
6463                      1.5009594680598145E-7
6464                      1.4983610259915947E-7
6465                      1.49583389078636E-7
6466                      1.4933764893512245E-7
6467                      1.490987199047397E-7
6468                      1.488664472317443E-7
6469                      1.4864069614861868E-7
6470                      1.4842132857210765E-7
6471                      1.4820818606616043E-7
6472                      1.4800113210066857E-7
6473                      1.4780007057644078E-7
6474                      1.4760487191064138E-7
6475                      1.4741535733956553E-7
6476                      1.4723142266182824E-7
6477                      1.470530353444085E-7
6478                      1.468800345642167E-7
6479                      1.4671224408809456E-7
6480                      1.4654960042056004E-7
6481                      1.463920586162662E-7
6482                      1.462394770660562E-7
6483                      1.4609170412454915E-7
6484                      1.4594868273224129E-7
6485                      1.4581037094652086E-7
6486                      1.4567664168293684E-7
6487                      1.4554735517536257E-7
6488                      1.4542245924770352E-7
6489                      1.4530192388632469E-7
6490                      1.451856367263967E-7
6491                      1.4507346000256436E-7
6492                      1.4496534255876746E-7
6493                      1.448612733748143E-7
6494                      1.4476118041588733E-7
6495                      1.446648700686642E-7
6496                      1.4457228454076288E-7
6497                      1.4448349110236604E-7
6498                      1.4439843610590335E-7
6499                      1.443169014613448E-7
6500                      1.4423877607429695E-7
6501                      1.4416416523332852E-7
6502                      1.4409310417116122E-7
6503                      1.440253595250122E-7
6504                      1.4396073201849844E-7
6505                      1.4389934052751703E-7
6506                      1.4384121368929646E-7
6507                      1.437862361709023E-7
6508                      1.4373428459775057E-7
6509                      1.436853093399939E-7
6510                      1.4363934399379822E-7
6511                      1.4359637393716748E-7
6512                      1.4355625315690376E-7
6513                      1.4351885033830407E-7
6514                      1.434842151612772E-7
6515                      1.43452457193604E-7
6516                      1.4342347443786733E-7
6517                      1.4339699201294464E-7
6518                      1.4337294142877334E-7
6519                      1.4335158888208604E-7
6520                      1.4333324034874067E-7
6521                      1.4331734938559916E-7
6522                      1.4330311809896527E-7
6523                      1.4329093143347355E-7
6524                      1.432820905130343E-7
6525                      1.4327672089697E-7
6526                      1.4327295014506063E-7
6527                      1.4326843168276564E-7
6528                      1.4326590711970446E-7
6529                      1.4327081210715683E-7
6530                      1.4328167697399894E-7
6531                      1.4328927684040706E-7
6532                      1.432894827753398E-7
6533                      1.4329337049179607E-7
6534                      1.433119832297847E-7
6535                      1.4333712413875877E-7
6536                      1.4335692314810275E-7
6537                      1.4336881137199296E-7
6538                      1.4339082168635908E-7
6539                      1.4341456547500885E-7
6540                      1.4344015275323267E-7
6541                      1.4346737663514576E-7
6542                      1.434965061983855E-7
6543                      1.4352738105472732E-7
6544                      1.4356006433653695E-7
6545                      1.4359455288883183E-7
6546                      1.4363086131420753E-7
6547                      1.4366896166666697E-7
6548                      1.4370883252216178E-7
6549                      1.43750476447937E-7
6550                      1.4379387023874916E-7
6551                      1.4383899908922806E-7
6552                      1.4388584780056686E-7
6553                      1.4393440253418183E-7
6554                      1.439846510216901E-7
6555                      1.440365815131235E-7
6556                      1.440901826473968E-7
6557                      1.4414544376568964E-7
6558                      1.4420235492405884E-7
6559                      1.4426090682939592E-7
6560                      1.443210909662093E-7
6561                      1.4438289947863773E-7
6562                      1.4444632526644444E-7
6563                      1.445113622092709E-7
6564                      1.445780049876943E-7
6565                      1.4464624886410522E-7
6566                      1.4471608996228945E-7
6567                      1.4478752593708042E-7
6568                      1.4486055527717485E-7
6569                      1.4493517575892828E-7
6570                      1.450113869652583E-7
6571                      1.4508919241467373E-7
6572                      1.45168595380325E-7
6573                      1.452495948467975E-7
6574                      1.4533219274510778E-7
6575                      1.4541640309445753E-7
6576                      1.4550223547170448E-7
6577                      1.45589689905519E-7
6578                      1.4567877103889523E-7
6579                      1.457694990383697E-7
6580                      1.4586190225871925E-7
6581                      1.459559837233213E-7
6582                      1.460517235906442E-7
6583                      1.461491507815183E-7
6584                      1.4624836224007906E-7
6585                      1.463493898475997E-7
6586                      1.464521607016807E-7
6587                      1.465566330734201E-7
6588                      1.466629363589709E-7
6589                      1.4677127349709176E-7
6590                      1.4688166092904118E-7
6591                      1.469938106981557E-7
6592                      1.471078124882821E-7
6593                      1.4722391694858202E-7
6594                      1.4734232866437672E-7
6595                      1.4746317120426982E-7
6596                      1.4758623223708633E-7
6597                      1.477112234574461E-7
6598                      1.478383061156212E-7
6599                      1.4796826051082244E-7
6600                      1.4810224056208512E-7
6601                      1.4823999028378243E-7
6602                      1.4837903418384522E-7
6603                      1.4851745275509062E-7
6604                      1.4865720129523166E-7
6605                      1.4880423675904472E-7
6606                      1.4896058730533763E-7
6607                      1.4912416131505545E-7
6608                      1.4929031231210962E-7
6609                      1.4945319756946317E-7
6610                      1.4961189191743605E-7
6611                      1.4977526278195464E-7
6612                      1.49960017968868E-7
6613                      1.5017981265820717E-7
6614                      1.5043193544607612E-7
6615                      1.5059234683467713E-7
6616                      1.5084246733829087E-7
6617                      1.5138864936551224E-7
6618                      1.5158608872818564E-7
6619                      2.6898960416109325E-8
6620                      2.0308199937320805E-7
6621                      3.0402555495394134E-7
6622                      3.822458787649234E-7
6623                      4.4895717751294986E-7
6624                      5.112281415801098E-7
6625                      5.717693097077906E-7
6626                      6.329122607139678E-7
6627                      6.970085586986262E-7
6628                      7.646925588352905E-7
6629                      8.391672594602712E-7
6630                      9.241633438291446E-7
6631                      1.0244723390003835E-6
6632                      1.1451444861052007E-6
6633                      1.2943188147459746E-6
6634                      1.482253422075446E-6
6635                      1.7206285467235323E-6
6636                      2.0214016686060584E-6
6637                      2.3946694703100925E-6
6638                      2.8435260552393183E-6
6639                      3.35409375292268E-6
6640                      3.874398013936122E-6
6641                      4.2938218452190756E-6
6642                      4.450211865830161E-6
6643                      4.181230390708369E-6
6644                      3.6254212102689547E-6
6645                      3.4421226780733733E-6
6646                      4.136310820561389E-6
6647                      5.910219886142701E-6
6648                      8.610855421820442E-6
6649                      1.1652237691490096E-5
6650                      1.4392772882990904E-5
6651                      1.6323520398952933E-5
6652                      1.6824551366892274E-5
6653                      1.606990742218813E-5
6654                      1.4991040032236809E-5
6655                      1.468183838491011E-5
6656                      1.4719945068600694E-5
6657                      1.2985850506747412E-5
6658                      9.36943821582765E-6
6659                      5.235132500533231E-6
6660                      2.5301883263243613E-6
6661                      2.3172593249896217E-6
6662                      3.4868574839363547E-6
6663                      6.8359108286878475E-6
6664                      1.2222667858658939E-5
6665                      1.7341976308535246E-5
6666                      1.95500103587757E-5
6667                      1.6892679910358605E-5
6668                      1.2385635847005376E-5
6669                      8.410966609843093E-6
6670                      4.744015494394092E-6
6671                      2.900293325138446E-6
6672                      3.2249464930460975E-6
6673                      3.343794415576587E-6
6674                      2.0200824431138703E-6
6675                      1.3353521871509568E-6
6676                      3.065211945446984E-6
6677                      5.942526038358372E-6
6678                      7.2247134892921E-6
6679                      5.841127599820738E-6
6680                      3.5651694421612946E-6
6681                      1.7127844384926373E-6
6682                      -4.4237755549872346E-7
6683                      -1.6642924430468732E-6
6684                      -1.7623723002299798E-6
6685                      -1.7704144205494197E-6
6686                      -1.7101400860585697E-6
6687                      -1.6210741758754895E-6
6688                      -1.4927176657462057E-6
6689                      -1.2978264355876504E-6
6690                      -1.0569686324974683E-6
6691                      -8.5840487688521E-7
6692                      -9.132437838485933E-7
6693                      -1.2835593060473517E-6
6694                      -1.5697628813245704E-6
6695                      -1.2889508424913459E-6
6696                      -6.066878198540926E-7
6697                      -4.523482047204776E-7
6698                      -1.6488098367115846E-6
6699                      -3.170774655790508E-6
6700                      -3.807269406512113E-6
6701                      -3.488872222859996E-6
6702                      -3.0084765769128574E-6
6703                      -3.440222921664507E-6
6704                      -4.672064129904944E-6
6705                      -5.689727169614256E-6
6706                      -6.705718345744946E-6
6707                      -9.940413215741412E-6
6708                      -1.615876921150889E-5
6709                      -2.2918449116489685E-5
6710                      -2.7740662249015448E-5
6711                      -2.927242206212364E-5
6712                      -2.7433136495115876E-5
6713                      -2.1632270288765056E-5
6714                      -1.0980922426855337E-5
6715                      4.7907317509983096E-6
6716                      2.560218546459269E-5
6717                      4.7828535104459634E-5
6718                      6.718563544202277E-5
6719                      8.106265146475954E-5
6720                      8.889638613393275E-5
6721                      9.110617091371339E-5
6722                      8.814741393895539E-5
6723                      7.993158318290484E-5
6724                      6.77175701515897E-5
6725                      5.775485445346233E-5
6726                      5.078364793553616E-5
6727                      5.3514192333342994E-5
6728                      5.683202316013162E-5
6729                      4.182716407350784E-5
6730                      2.7588127190490935E-5
6731                      2.7194937905208817E-5
6732                      2.7785946768104134E-5
6733                      2.1699457626618806E-5
6734                      1.7034356780817645E-5
6735                      1.8670878586625743E-5
6736                      9.126067830836089E-6
6737                      -1.8890535368101661E-6
6738                      -4.391137160158434E-6
6739                      -6.188412691152277E-6
6740                      -5.0162872787565905E-6
6741                      -4.366549484647689E-6
6742                      -4.14666038722907E-6
6743                      -4.060266573553757E-6
6744                      -4.068058867481137E-6
6745                      -4.1658249625905206E-6
6746                      -4.359947599129525E-6
6747                      -4.665083462026783E-6
6748                      -5.097561465527278E-6
6749                      -5.65553983265167E-6
6750                      -6.302137882035157E-6
6751                      -6.939854303418991E-6
6752                      -7.4276497410917216E-6
6753                      -7.664951956577856E-6
6754                      -7.626668889988507E-6
6755                      -7.34259353198544E-6
6756                      -6.876130167711794E-6
6757                      -6.3204931069947784E-6
6758                      -5.810860418692973E-6
6759                      -5.498987647191455E-6
6760                      -5.482288584509302E-6
6761                      -5.746013604222914E-6
6762                      -6.124190574640308E-6
6763                      -6.3431186695159356E-6
6764                      -6.2314675494491505E-6
6765                      -5.887672164141207E-6
6766                      -5.278214040607923E-6
6767                      -4.827137464680562E-6
6768                      -4.361757108023201E-6
6769                      -3.9028144887571375E-6
6770                      -3.458570089851489E-6
6771                      -3.0603766220175332E-6
6772                      -2.7787181574558527E-6
6773                      -2.600504719962048E-6
6774                      -2.407437913780283E-6
6775                      -2.090584935453388E-6
6776                      -1.6476929985008283E-6
6777                      -1.1508128388980314E-6
6778                      -7.478151985638022E-7
6779                      -4.895648664113986E-7
6780                      -3.5229241306223183E-7
6781                      -2.8474344500671776E-7
6782                      -2.397963981400066E-7
6783                      -2.0745530197063166E-7
6784                      -1.8139768756060055E-7
6785                      -1.5809296279628202E-7
6786                      -1.361123310257136E-7
6787                      -1.1416360187015536E-7
6788                      -9.219607583586397E-8
6789                      -7.023040871630777E-8
6790                      -4.823893522270541E-8
6791                      -2.6254941416619922E-8
6792                      -4.296125878398079E-9
6793                      1.759815193746241E-8
6794                      3.9410224268295805E-8
6795                      6.11055434021683E-8
6796                      8.26670038307927E-8
6797                      1.0408391360663141E-7
6798                      1.2534798497834665E-7
6799                      1.4645347190571167E-7
6800                      1.6739772475833344E-7
6801                      1.8817965178259167E-7
6802                      2.087985568195898E-7
6803                      2.292540387237329E-7
6804                      2.495462380717938E-7
6805                      2.6967573028602353E-7
6806                      2.896433120565015E-7
6807                      3.0945008416570415E-7
6808                      3.290973752920369E-7
6809                      3.485863659841192E-7
6810                      3.67918398655592E-7
6811                      3.870950603143309E-7
6812                      4.0611789299519374E-7
6813                      4.2498841067787057E-7
6814                      4.4370826650467896E-7
6815                      4.6227916256539556E-7
6816                      4.807027727781249E-7
6817                      4.989808370602067E-7
6818                      5.171151653312394E-7
6819                      5.351075645043964E-7
6820                      5.529598744947794E-7
6821                      5.706740087933879E-7
6822                      5.882519056372274E-7
6823                      6.056955203208669E-7
6824                      6.230068732846196E-7
6825                      6.401880392749475E-7
6826                      6.572411158652674E-7
6827                      6.741682495987089E-7
6828                      6.909716560417337E-7
6829                      7.076535958375118E-7
6830                      7.242163737307698E-7
6831                      7.406623644518843E-7
6832                      7.569940094588067E-7
6833                      7.732138037860032E-7
6834                      7.893243115958978E-7
6835                      8.053281794485111E-7
6836                      8.212281265844744E-7
6837                      8.370269457109406E-7
6838                      8.527275206524841E-7
6839                      8.683328310428023E-7
6840                      8.838459478023391E-7
6841                      8.99270037312443E-7
6842                      9.146083806572518E-7
6843                      9.298643781383039E-7
6844                      9.450415451891082E-7
6845                      9.601435212129713E-7
6846                      9.7517409174949E-7
6847                      9.901371978456025E-7
6848                      1.00503692264562E-6
6849                      1.019877475313125E-6
6850                      1.0346632970442945E-6
6851                      1.049399042950521E-6
6852                      1.0640895546909626E-6
6853                      1.0787398717776125E-6
6854                      1.0933552604245307E-6
6855                      1.1079412788438583E-6
6856                      1.1225037435005469E-6
6857                      1.1370487105810665E-6
6858                      1.151582525720826E-6
6859                      1.1661119116164844E-6
6860                      1.1806440125253817E-6
6861                      1.195186371440434E-6
6862                      1.2097468855387352E-6
6863                      1.224333851207083E-6
6864                      1.2389561164919728E-6
6865                      1.2536231930150652E-6
6866                      1.2683451559450056E-6
6867                      1.283132548489079E-6
6868                      1.2979966072174852E-6
6869                      1.3129493828600099E-6
6870                      1.328003837503535E-6
6871                      1.3431739218966164E-6
6872                      1.3584746498922895E-6
6873                      1.3739220520070003E-6
6874                      1.389533231928952E-6
6875                      1.4053266395974882E-6
6876                      1.4213223431300853E-6
6877                      1.437542478622346E-6
6878                      1.4540109007808984E-6
6879                      1.4707529415972724E-6
6880                      1.487795970596483E-6
6881                      1.5051703764502663E-6
6882                      1.5229100606542058E-6
6883                      1.5410525284423275E-6
6884                      1.5596383509834517E-6
6885                      1.5787114847594518E-6
6886                      1.598320471303568E-6
6887                      1.6185205463839215E-6
6888                      1.6393750545083607E-6
6889                      1.6609539731795257E-6
6890                      1.6833309801081455E-6
6891                      1.7065898440989316E-6
6892                      1.7308302741355074E-6
6893                      1.7561672664638512E-6
6894                      1.78272993744489E-6
6895                      1.8106645504778026E-6
6896                      1.8401396883557678E-6
6897                      1.8713508369816955E-6
6898                      1.904526251645438E-6
6899                      1.93993562360133E-6
6900                      1.9778994742440274E-6
6901                      2.0187989332956394E-6
6902                      2.063089998468866E-6
6903                      2.111343077178314E-6
6904                      2.1642587315025735E-6
6905                      2.2226803762930724E-6
6906                      2.287635910339706E-6
6907                      2.360427472900513E-6
6908                      2.442751000211876E-6
6909                      2.5368556556415563E-6
6910                      2.6456275419086482E-6
6911                      2.7727941484748724E-6
6912                      2.92324745714287E-6
6913                      3.1034378016131735E-6
6914                      3.3217136403584667E-6
6915                      3.5884450738238926E-6
6916                      3.915640996465358E-6
6917                      4.314821902599351E-6
6918                      4.791546501420075E-6
6919                      5.335306051717066E-6
6920                      5.906451641319227E-6
6921                      6.428554551574014E-6
6922                      6.796477927214508E-6
6923                      6.904557517327565E-6
6924                      6.672513314405948E-6
6925                      6.047375642667069E-6
6926                      4.991457720063027E-6
6927                      3.4807431119531033E-6
6928                      1.5236548173798632E-6
6929                      -7.930479130190018E-7
6930                      -3.227483727829129E-6
6931                      -5.329769023508708E-6
6932                      -6.524894400305168E-6
6933                      -6.353002251948477E-6
6934                      -4.776797988752181E-6
6935                      -2.3647248481402025E-6
6936                      -4.811495616058141E-8
6937                      1.4505423480973756E-6
6938                      1.857613100776168E-6
6939                      1.332956662224204E-6
6940                      3.3587637311705E-7
6941                      -6.484943303967775E-7
6942                      -1.3985139023602305E-6
6943                      -1.84889426173198E-6
6944                      -2.0086250846978277E-6
6945                      -1.9061062313908495E-6
6946                      -1.6513323429389508E-6
6947                      -1.32467184447185E-6
6948                      -9.735067757342706E-7
6949                      -6.397895511233798E-7
6950                      -3.684848426179044E-7
6951                      -1.8223057044381336E-7
6952                      -5.902713803172113E-8
6953                      1.7342369542797863E-8
6954                      6.206045487538284E-8
6955                      8.362312192354866E-8
6956                      9.1500869341746E-8
6957                      9.429460803531536E-8
6958                      9.668575556207535E-8
6959                      9.87723520410399E-8
6960                      9.97796752856258E-8
6961                      1.0009280000844686E-7
6962                      1.0035535273793654E-7
6963                      1.006256607280865E-7
6964                      1.009026892874585E-7
6965                      1.0117524451516244E-7
6966                      1.0144449517955123E-7
6967                      1.0170710663649313E-7
6968                      1.0196434518206696E-7
6969                      1.0221688892451604E-7
6970                      1.0246563726393551E-7
6971                      1.0271119278441586E-7
6972                      1.0295405472519752E-7
6973                      1.0319457483777586E-7
6974                      1.034329449279642E-7
6975                      1.0366935884347581E-7
6976                      1.0390393539758155E-7
6977                      1.0413673219301449E-7
6978                      1.043677793772273E-7
6979                      1.0459709962078577E-7
6980                      1.0482471491042225E-7
6981                      1.0505064718660249E-7
6982                      1.0527491769311948E-7
6983                      1.0549754654602992E-7
6984                      1.0571855282406317E-7
6985                      1.0593795490147128E-7
6986                      1.0615577075515465E-7
6987                      1.0637201810695345E-7
6988                      1.0658671446045457E-7
6989                      1.0679987710764588E-7
6990                      1.070115231437241E-7
6991                      1.0722166949265654E-7
6992                      1.0743033293192126E-7
6993                      1.0763753010209713E-7
6994                      1.0784327751295068E-7
6995                      1.0804759154348854E-7
6996                      1.0825048844991791E-7
6997                      1.0845198435348145E-7
6998                      1.0865209523678794E-7
6999                      1.088508369776614E-7
7000                      1.0904822534593424E-7
7001                      1.092442759312936E-7
7002                      1.0943900419507401E-7
7003                      1.0963242559629083E-7
7004                      1.0982455540231145E-7
7005                      1.1001540852082764E-7
7006                      1.1020500002091298E-7
7007                      1.1039334521255417E-7
7008                      1.1058045843314755E-7
7009                      1.1076635352826489E-7
7010                      1.1095104643261187E-7
7011                      1.1113455178822192E-7
7012                      1.113168817981378E-7
7013                      1.1149805103382323E-7
7014                      1.1167807602347617E-7
7015                      1.1185696910177674E-7
7016                      1.1203474162486687E-7
7017                      1.1221140984055457E-7
7018                      1.1238698806626995E-7
7019                      1.1256148783671285E-7
7020                      1.1273492236105885E-7
7021                      1.1290730600352476E-7
7022                      1.130786518951101E-7
7023                      1.1324897118215858E-7
7024                      1.1341827720853249E-7
7025                      1.1358658514472405E-7
7026                      1.1375390584812186E-7
7027                      1.1392024847017322E-7
7028                      1.1408562892808241E-7
7029                      1.1425006221776309E-7
7030                      1.1441355591605878E-7
7031                      1.1457612072400937E-7
7032                      1.1473777217908918E-7
7033                      1.1489852241312919E-7
7034                      1.1505838018717753E-7
7035                      1.15217356294128E-7
7036                      1.1537546684974296E-7
7037                      1.1553272309159667E-7
7038                      1.1568912839214572E-7
7039                      1.1584469568601351E-7
7040                      1.1599944858188362E-7
7041                      1.1615339247199488E-7
7042                      1.1630652027127584E-7
7043                      1.1645885536862366E-7
7044                      1.1661042206469868E-7
7045                      1.1676121875188321E-7
7046                      1.1691124447469867E-7
7047                      1.1706052096644855E-7
7048                      1.1720906751912307E-7
7049                      1.1735688310566599E-7
7050                      1.1750397000101129E-7
7051                      1.1765034862742318E-7
7052                      1.1779603995219938E-7
7053                      1.1794103495368006E-7
7054                      1.1808532604152844E-7
7055                      1.1822895829084507E-7
7056                      1.1837196984889882E-7
7057                      1.1851430355766925E-7
7058                      1.1865594376645405E-7
7059                      1.1879697276483778E-7
7060                      1.1893742871468031E-7
7061                      1.1907724648296812E-7
7062                      1.192164030254533E-7
7063                      1.193549801984393E-7
7064                      1.1949305397749844E-7
7065                      1.1963050120423329E-7
7066                      1.1976726217229088E-7
7067                      1.1990349875231867E-7
7068                      1.200393058101602E-7
7069                      1.2017453476693442E-7
7070                      1.2030908554140246E-7
7071                      1.2044312176147646E-7
7072                      1.2057676774695797E-7
7073                      1.207098694409938E-7
7074                      1.208424015233365E-7
7075                      1.209744294347842E-7
7076                      1.2110599268115353E-7
7077                      1.2123708322658867E-7
7078                      1.213676656867592E-7
7079                      1.2149775714924703E-7
7080                      1.2162741404758838E-7
7081                      1.2175664147102654E-7
7082                      1.2188538962671787E-7
7083                      1.2201363346814713E-7
7084                      1.2214149649129503E-7
7085                      1.2226901062793486E-7
7086                      1.2239605507916928E-7
7087                      1.2252257507029986E-7
7088                      1.2264871642064546E-7
7089                      1.2277457061534973E-7
7090                      1.2290001481980208E-7
7091                      1.230250055659403E-7
7092                      1.2314960214028885E-7
7093                      1.2327385609514147E-7
7094                      1.2339777054614283E-7
7095                      1.235212900706075E-7
7096                      1.2364440861530603E-7
7097                      1.237672034179067E-7
7098                      1.2388971857622208E-7
7099                      1.2401188241450204E-7
7100                      1.241336407048147E-7
7101                      1.2425507373311866E-7
7102                      1.2437623026119657E-7
7103                      1.2449708850424534E-7
7104                      1.2461761635888108E-7
7105                      1.247378119551261E-7
7106                      1.248577268028022E-7
7107                      1.2497739159995715E-7
7108                      1.2509676307449495E-7
7109                      1.2521579395158402E-7
7110                      1.253345332694955E-7
7111                      1.2545307445991235E-7
7112                      1.2557137126141695E-7
7113                      1.2568937257652652E-7
7114                      1.2580708814389058E-7
7115                      1.259245674861662E-7
7116                      1.260418270057568E-7
7117                      1.261588511374138E-7
7118                      1.2627562192345262E-7
7119                      1.263921523711805E-7
7120                      1.2650847952595952E-7
7121                      1.266246137623627E-7
7122                      1.267405182578756E-7
7123                      1.2685614680013735E-7
7124                      1.2697157171931405E-7
7125                      1.2708691294513374E-7
7126                      1.2720212337948812E-7
7127                      1.2731701085528062E-7
7128                      1.2743154237602768E-7
7129                      1.2754598673629165E-7
7130                      1.276607028878426E-7
7131                      1.277753058068501E-7
7132                      1.2788897955450082E-7
7133                      1.2800194091179976E-7
7134                      1.281155505739643E-7
7135                      1.2823035786478655E-7
7136                      1.283446927356744E-7
7137                      1.284571097789593E-7
7138                      1.2856892684090812E-7
7139                      1.2868173072838538E-7
7140                      1.2879547041581294E-7
7141                      1.2890885193729E-7
7142                      1.290211675149115E-7
7143                      1.291325241182712E-7
7144                      1.292445916653334E-7
7145                      1.293583441199175E-7
7146                      1.294720324583511E-7
7147                      1.295828763077395E-7
7148                      1.296905440367877E-7
7149                      1.298013505067104E-7
7150                      1.2991932105092565E-7
7151                      1.3003770630718138E-7
7152                      1.3014635461749384E-7
7153                      1.3024978636189314E-7
7154                      1.3035762896097803E-7
7155                      1.3047325834617478E-7
7156                      1.305905086995543E-7
7157                      1.3070250134447384E-7
7158                      1.30805649435813E-7
7159                      1.3090976533148173E-7
7160                      1.3102532607390772E-7
7161                      1.3114657689497912E-7
7162                      1.312618996956926E-7
7163                      1.3136736497049468E-7
7164                      1.314703925828388E-7
7165                      1.3157997162703649E-7
7166                      1.317015020143662E-7
7167                      1.318231091908535E-7
7168                      1.3192915042446815E-7
7169                      1.3202540867091152E-7
7170                      1.3212794653183284E-7
7171                      1.3225173826329642E-7
7172                      1.3236177684411157E-7
7173                      1.3247223075321755E-7
7174                      1.3258283429728527E-7
7175                      1.326937507011527E-7
7176                      1.3280464724720513E-7
7177                      1.3291555083081555E-7
7178                      1.3302647214676766E-7
7179                      1.331374320075571E-7
7180                      1.3324841049032356E-7
7181                      1.3335940505474404E-7
7182                      1.3347042933466765E-7
7183                      1.3358149703363397E-7
7184                      1.336926112357611E-7
7185                      1.3380376720796448E-7
7186                      1.3391497469781963E-7
7187                      1.34026237967576E-7
7188                      1.3413756082311697E-7
7189                      1.3424894771503654E-7
7190                      1.3436040282808405E-7
7191                      1.3447193021222895E-7
7192                      1.3458353401417524E-7
7193                      1.3469521845654141E-7
7194                      1.3480698762720503E-7
7195                      1.3491884561689816E-7
7196                      1.3503079673691177E-7
7197                      1.351428452491582E-7
7198                      1.3525499520363234E-7
7199                      1.353672509883155E-7
7200                      1.354796169735284E-7
7201                      1.3559209743290292E-7
7202                      1.3570469672808106E-7
7203                      1.3581741934559983E-7
7204                      1.3593026973967517E-7
7205                      1.3604325232504618E-7
7206                      1.3615637168160814E-7
7207                      1.3626963253030258E-7
7208                      1.3638303944124156E-7
7209                      1.364965969453212E-7
7210                      1.3324859477269452E-7
7211                      3.2186203731364156E-8
7212                      7.100241809910023E-8
7213                      9.667530184705025E-8
7214                      1.1384584061347455E-7
7215                      1.253197289072611E-7
7216                      1.3377959993297174E-7
7217                      1.4003551478554027E-7
7218                      1.4509533103160682E-7
7219                      1.488708703032386E-7
7220                      1.5155462295643518E-7
7221                      1.5339003374036337E-7
7222                      1.5458864571063647E-7
7223                      1.553155123028223E-7
7224                      1.5569460194394818E-7
7225                      1.5581792693267843E-7
7226                      1.5575370168501834E-7
7227                      1.555526369487637E-7
7228                      1.5525665721083563E-7
7229                      1.5488868243384542E-7
7230                      1.5447018675055253E-7
7231                      1.540170003141429E-7
7232                      1.5354139216856687E-7
7233                      1.53052514443452E-7
7234                      1.5255721360446191E-7
7235                      1.5206055738082576E-7
7236                      1.5156626267223094E-7
7237                      1.510763858681498E-7
7238                      1.50593420576628E-7
7239                      1.501190847959948E-7
7240                      1.4965433807777349E-7
7241                      1.4919967304171316E-7
7242                      1.4875533836038853E-7
7243                      1.4832144874669745E-7
7244                      1.4789802965130845E-7
7245                      1.4748503783522076E-7
7246                      1.4708238294874686E-7
7247                      1.46689922119775E-7
7248                      1.4630748390867568E-7
7249                      1.4593487960660662E-7
7250                      1.4557191110328825E-7
7251                      1.4521837383344183E-7
7252                      1.4487405923252082E-7
7253                      1.445387570276132E-7
7254                      1.4421225730006155E-7
7255                      1.438943532038865E-7
7256                      1.43584841617084E-7
7257                      1.4328352365898615E-7
7258                      1.429902049805175E-7
7259                      1.4270469638628304E-7
7260                      1.4242681341795683E-7
7261                      1.4215637668638662E-7
7262                      1.418932128344111E-7
7263                      1.4163715399124882E-7
7264                      1.413880355835311E-7
7265                      1.4114569754001175E-7
7266                      1.4090998812078946E-7
7267                      1.4068076090758634E-7
7268                      1.4045786495043556E-7
7269                      1.4024115628111218E-7
7270                      1.4003050938480025E-7
7271                      1.398257957040432E-7
7272                      1.3962686798630004E-7
7273                      1.394335992289025E-7
7274                      1.3924589967715798E-7
7275                      1.3906364872619218E-7
7276                      1.3888668055764205E-7
7277                      1.387148981241984E-7
7278                      1.3854827032968598E-7
7279                      1.38386647866279E-7
7280                      1.382298674210328E-7
7281                      1.380778695656398E-7
7282                      1.3793061184386267E-7
7283                      1.3778796278867654E-7
7284                      1.3764978184340533E-7
7285                      1.3751601559187626E-7
7286                      1.37386624443251E-7
7287                      1.3726149041301263E-7
7288                      1.3714048397552734E-7
7289                      1.3702355629888492E-7
7290                      1.3691067886743829E-7
7291                      1.3680174733299808E-7
7292                      1.3669663408994915E-7
7293                      1.3659529133365608E-7
7294                      1.3649770812130532E-7
7295                      1.364038172990389E-7
7296                      1.363134398705432E-7
7297                      1.362265220724602E-7
7298                      1.3614312513703882E-7
7299                      1.360631988152336E-7
7300                      1.359865416220333E-7
7301                      1.3591305081755573E-7
7302                      1.3584282277149555E-7
7303                      1.3577588908632E-7
7304                      1.3571203416677365E-7
7305                      1.3565107407524575E-7
7306                      1.3559311791465703E-7
7307                      1.3553819131751703E-7
7308                      1.3548618743398897E-7
7309                      1.3543699217915673E-7
7310                      1.3539055947624572E-7
7311                      1.3534691970676244E-7
7312                      1.3530605875469953E-7
7313                      1.3526784161206508E-7
7314                      1.3523214700223345E-7
7315                      1.3519902030168797E-7
7316                      1.3516856180105068E-7
7317                      1.3514067691435634E-7
7318                      1.3511511215917735E-7
7319                      1.3509180433744703E-7
7320                      1.3507099815827808E-7
7321                      1.350529745027188E-7
7322                      1.3503722931476065E-7
7323                      1.350230281714188E-7
7324                      1.3501072619833586E-7
7325                      1.3500152051108273E-7
7326                      1.3499552446632535E-7
7327                      1.3499101324906738E-7
7328                      1.349858283681631E-7
7329                      1.349824972565806E-7
7330                      1.3498602098489696E-7
7331                      1.3499503779821937E-7
7332                      1.3500105456251224E-7
7333                      1.350002822023125E-7
7334                      1.3500292576434972E-7
7335                      1.3501913942744888E-7
7336                      1.3504135790250468E-7
7337                      1.3505865875884278E-7
7338                      1.3506870507371904E-7
7339                      1.350880842168999E-7
7340                      1.351090678057051E-7
7341                      1.3513175791457418E-7
7342                      1.3515595990164625E-7
7343                      1.3518192516849218E-7
7344                      1.3520950456932023E-7
7345                      1.3523875696871386E-7
7346                      1.3526967906203332E-7
7347                      1.3530228424020205E-7
7348                      1.3533654644433613E-7
7349                      1.3537244570915579E-7
7350                      1.3540998420742928E-7
7351                      1.3544914026090178E-7
7352                      1.3548989992913385E-7
7353                      1.355322489226966E-7
7354                      1.3557617421667462E-7
7355                      1.35621664058872E-7
7356                      1.3566870772853507E-7
7357                      1.3571729428726157E-7
7358                      1.3576741335649572E-7
7359                      1.3581905600480704E-7
7360                      1.358722135240768E-7
7361                      1.359268769318899E-7
7362                      1.3598303867698318E-7
7363                      1.3604069369574118E-7
7364                      1.360998354417139E-7
7365                      1.3616045619668463E-7
7366                      1.3622255290125505E-7
7367                      1.3628612534289104E-7
7368                      1.3635116772044522E-7
7369                      1.364176737573882E-7
7370                      1.3648564668235376E-7
7371                      1.3655508990119872E-7
7372                      1.3662600030088386E-7
7373                      1.366983759786005E-7
7374                      1.3677222305791402E-7
7375                      1.368475493697677E-7
7376                      1.369243571101656E-7
7377                      1.3700264783550704E-7
7378                      1.3708243110569726E-7
7379                      1.3716372157420802E-7
7380                      1.3724653178492474E-7
7381                      1.3733086182188324E-7
7382                      1.3741671587654815E-7
7383                      1.375041305396213E-7
7384                      1.375931533156462E-7
7385                      1.376837724178697E-7
7386                      1.377759433167347E-7
7387                      1.37869708218785E-7
7388                      1.379651998392384E-7
7389                      1.3806248841596928E-7
7390                      1.3816148035276364E-7
7391                      1.382620639618933E-7
7392                      1.3836435877126067E-7
7393                      1.3846866582267712E-7
7394                      1.3857503393725487E-7
7395                      1.3868333288803033E-7
7396                      1.3879348367067012E-7
7397                      1.38905606725077E-7
7398                      1.3901993238102226E-7
7399                      1.3913676194236218E-7
7400                      1.3925610817896886E-7
7401                      1.393776654417375E-7
7402                      1.3950122942203523E-7
7403                      1.3962725118041227E-7
7404                      1.3975663550145732E-7
7405                      1.3988975267162705E-7
7406                      1.400263983188848E-7
7407                      1.4016616847156785E-7
7408                      1.4030887764972178E-7
7409                      1.4045516670884033E-7
7410                      1.4060668708015154E-7
7411                      1.4076524990048245E-7
7412                      1.409313582524042E-7
7413                      1.411034813727822E-7
7414                      1.4127795386349058E-7
7415                      1.4145387883486365E-7
7416                      1.4166490068207159E-7
7417                      1.4189015399946207E-7
7418                      1.423209983678999E-7
7419                      1.4251343078977577E-7
7420                      1.797562952578088E-7
7421                      1.612732220449479E-7
7422                      2.690344462501569E-7
7423                      3.4747098018916684E-7
7424                      4.1484572831698143E-7
7425                      4.757883046083489E-7
7426                      5.335754029555749E-7
7427                      5.907042899546365E-7
7428                      6.493848495707042E-7
7429                      7.118912358173042E-7
7430                      7.803683772268288E-7
7431                      8.580868409641573E-7
7432                      9.493089518172245E-7
7433                      1.059600798376582E-6
7434                      1.1962418407110518E-6
7435                      1.3682017703041333E-6
7436                      1.5862342393495616E-6
7437                      1.8615545543728376E-6
7438                      2.2033675486792276E-6
7439                      2.6160566841241706E-6
7440                      3.089111488665228E-6
7441                      3.577811049802589E-6
7442                      3.9912216664818385E-6
7443                      4.171657805492475E-6
7444                      3.950916769108342E-6
7445                      3.4308659404151166E-6
7446                      3.2211731076405015E-6
7447                      3.7929961544693716E-6
7448                      5.358809087369613E-6
7449                      7.806703957036719E-6
7450                      1.0623616938123604E-5
7451                      1.3198694896718799E-5
7452                      1.5068155557929194E-5
7453                      1.5641779601801025E-5
7454                      1.5015040693806456E-5
7455                      1.3991039276197131E-5
7456                      1.3610299362100972E-5
7457                      1.3696240340959373E-5
7458                      1.222079947973357E-5
7459                      8.98737939948824E-6
7460                      5.1526032384547505E-6
7461                      2.472447745047662E-6
7462                      2.163280088965055E-6
7463                      3.1419879962418286E-6
7464                      6.061256023992542E-6
7465                      1.0975904939361113E-5
7466                      1.586100238347172E-5
7467                      1.8120336926237936E-5
7468                      1.5909213562277386E-5
7469                      1.190922333804223E-5
7470                      8.100460850014624E-6
7471                      4.627204298924317E-6
7472                      2.7606066588254502E-6
7473                      2.957044649372787E-6
7474                      3.1732650915976583E-6
7475                      1.9998855595479252E-6
7476                      1.2258615913085145E-6
7477                      2.7003474482032358E-6
7478                      5.368271775044804E-6
7479                      6.720147050868705E-6
7480                      5.583121134213666E-6
7481                      3.492332791516905E-6
7482                      1.7152589350702234E-6
7483                      -3.018558456562568E-7
7484                      -1.4888271176821386E-6
7485                      -1.6540468444726823E-6
7486                      -1.6474056797443781E-6
7487                      -1.5981278683792699E-6
7488                      -1.52448196608303E-6
7489                      -1.4125901479994055E-6
7490                      -1.242444337505513E-6
7491                      -1.0060239309572882E-6
7492                      -8.20704180290185E-7
7493                      -8.614280316074188E-7
7494                      -1.1926982438861569E-6
7495                      -1.4386849019364725E-6
7496                      -1.1405363168782973E-6
7497                      -5.261470668756197E-7
7498                      -4.789358896093316E-7
7499                      -1.490506927083817E-6
7500                      -2.9212981914968663E-6
7501                      -3.575509510397786E-6
7502                      -3.2659718378946133E-6
7503                      -2.829216439911725E-6
7504                      -3.2206666261060276E-6
7505                      -4.354735714335353E-6
7506                      -5.2778762625542E-6
7507                      -6.329955871539053E-6
7508                      -9.410482459636322E-6
7509                      -1.5153136412318462E-5
7510                      -2.1344216391556547E-5
7511                      -2.5676306452694685E-5
7512                      -2.6985417266595178E-5
7513                      -2.524938324241911E-5
7514                      -1.9855900229659744E-5
7515                      -9.639236033699293E-6
7516                      4.8799762247266586E-6
7517                      2.406478920642251E-5
7518                      4.451505246516347E-5
7519                      6.252836695943946E-5
7520                      7.520199936103577E-5
7521                      8.23482000905252E-5
7522                      8.430837832033855E-5
7523                      8.145646380204163E-5
7524                      7.384687564146236E-5
7525                      6.269231330760386E-5
7526                      5.354050128584132E-5
7527                      4.704720828166637E-5
7528                      5.022089372574913E-5
7529                      5.294525774575572E-5
7530                      3.8230014576227254E-5
7531                      2.5354936835921774E-5
7532                      2.572792028395941E-5
7533                      2.6275577065129813E-5
7534                      2.041622509345298E-5
7535                      1.5776287358289405E-5
7536                      1.778050759147415E-5
7537                      8.741703772014559E-6
7538                      -1.685940875553705E-6
7539                      -4.163710806000045E-6
7540                      -5.750168324769424E-6
7541                      -4.643466070334063E-6
7542                      -4.037203054231973E-6
7543                      -3.832456008753314E-6
7544                      -3.7577438797119363E-6
7545                      -3.7803527150587197E-6
7546                      -3.912756329393794E-6
7547                      -4.148582194786319E-6
7548                      -4.5072623403207614E-6
7549                      -4.95158866769353E-6
7550                      -5.497690568985952E-6
7551                      -6.095331855071785E-6
7552                      -6.641669165490075E-6
7553                      -7.042942049139859E-6
7554                      -7.216726135724432E-6
7555                      -7.135125807482642E-6
7556                      -6.825352566174243E-6
7557                      -6.354965000691552E-6
7558                      -5.835274848226956E-6
7559                      -5.369471397253693E-6
7560                      -5.100094193353924E-6
7561                      -5.123638961395145E-6
7562                      -5.375918073616677E-6
7563                      -5.726824779431146E-6
7564                      -5.958963461223725E-6
7565                      -5.907753734990122E-6
7566                      -5.561112936533426E-6
7567                      -5.045367558110294E-6
7568                      -4.5077183496724735E-6
7569                      -4.0048231035502E-6
7570                      -3.6320265471725126E-6
7571                      -3.231135661485687E-6
7572                      -2.8639064887962928E-6
7573                      -2.6030368321641686E-6
7574                      -2.446739732369848E-6
7575                      -2.2778839529809337E-6
7576                      -1.9924585574457218E-6
7577                      -1.5827924459086088E-6
7578                      -1.1263576829541262E-6
7579                      -7.391064049541303E-7
7580                      -4.778955273714651E-7
7581                      -3.326464422311855E-7
7582                      -2.5598014640190733E-7
7583                      -2.1346097921842667E-7
7584                      -1.8563774812739174E-7
7585                      -1.6431479887086672E-7
7586                      -1.4447822620030599E-7
7587                      -1.2425089435107544E-7
7588                      -1.035721470411726E-7
7589                      -8.280999405421087E-8
7590                      -6.20758356631077E-8
7591                      -4.139499174687244E-8
7592                      -2.07534379062586E-8
7593                      -2.3141972254383516E-10
7594                      2.0282789651426543E-8
7595                      4.0638459832369054E-8
7596                      6.090549931495E-8
7597                      8.099576168531564E-8
7598                      1.0099954599878812E-7
7599                      1.2082674142593485E-7
7600                      1.4051378537142405E-7
7601                      1.6004800178602297E-7
7602                      1.7942640727821316E-7
7603                      1.9865716388871294E-7
7604                      2.1772992524567478E-7
7605                      2.3665512022883657E-7
7606                      2.55424660269931E-7
7607                      2.740466225929605E-7
7608                      2.925163676248773E-7
7609                      3.1083941013258445E-7
7610                      3.2901373663662446E-7
7611                      3.4704307963166075E-7
7612                      3.649270867866106E-7
7613                      3.8266844444671E-7
7614                      4.002678303003094E-7
7615                      4.177269756041788E-7
7616                      4.350470805660541E-7
7617                      4.522302347906594E-7
7618                      4.6927776488083053E-7
7619                      4.861919042569796E-7
7620                      5.029737897284151E-7
7621                      5.19625685849668E-7
7622                      5.36148711523391E-7
7623                      5.525453644189527E-7
7624                      5.688169820739777E-7
7625                      5.849662141330553E-7
7626                      6.009943549564886E-7
7627                      6.169036752709547E-7
7628                      6.326957669206841E-7
7629                      6.483725450228778E-7
7630                      6.63936029236505E-7
7631                      6.793887379693232E-7
7632                      6.947329044017768E-7
7633                      7.09970931042918E-7
7634                      7.25104902898255E-7
7635                      7.401372886697139E-7
7636                      7.550704544284669E-7
7637                      7.699071365715267E-7
7638                      7.846498420373705E-7
7639                      7.993013425801991E-7
7640                      8.138642526989685E-7
7641                      8.283415334955015E-7
7642                      8.427360676759163E-7
7643                      8.570510280521472E-7
7644                      8.712894912921566E-7
7645                      8.854547907363028E-7
7646                      8.995502388751197E-7
7647                      9.13579426699034E-7
7648                      9.275459736844414E-7
7649                      9.414537438117598E-7
7650                      9.553066517691225E-7
7651                      9.691088534327004E-7
7652                      9.828646174092493E-7
7653                      9.965784704517379E-7
7654                      1.0102550935877044E-6
7655                      1.0238994246712432E-6
7656                      1.0375165928623971E-6
7657                      1.0511120639637272E-6
7658                      1.0646915318603822E-6
7659                      1.0782609119578093E-6
7660                      1.0918263505160908E-6
7661                      1.1053944618800746E-6
7662                      1.1189722997090193E-6
7663                      1.1325672471509119E-6
7664                      1.1461870140498613E-6
7665                      1.1598399079394497E-6
7666                      1.1735347132964242E-6
7667                      1.1872808240788557E-6
7668                      1.201088290559655E-6
7669                      1.2149677285310634E-6
7670                      1.2289302072161749E-6
7671                      1.2429875374474661E-6
7672                      1.2571525588069281E-6
7673                      1.2714394461301216E-6
7674                      1.2858633483827397E-6
7675                      1.3004402135169564E-6
7676                      1.3151868034129042E-6
7677                      1.3301216278815224E-6
7678                      1.3452652371019367E-6
7679                      1.3606402911287116E-6
7680                      1.3762706687964869E-6
7681                      1.3921814060386311E-6
7682                      1.4083999937765016E-6
7683                      1.424957954199376E-6
7684                      1.4418904880154473E-6
7685                      1.4592362197276103E-6
7686                      1.4770377401624284E-6
7687                      1.495341159277049E-6
7688                      1.5141963095702496E-6
7689                      1.5336588167839577E-6
7690                      1.5537926267490156E-6
7691                      1.5746714244934594E-6
7692                      1.5963777690002005E-6
7693                      1.6190026452722858E-6
7694                      1.6426477150823432E-6
7695                      1.6674307435638806E-6
7696                      1.6934902344779433E-6
7697                      1.7209891007014119E-6
7698                      1.7501133946449128E-6
7699                      1.7810721689529921E-6
7700                      1.8141074793944707E-6
7701                      1.8495179668908228E-6
7702                      1.8876777346503126E-6
7703                      1.929034371988357E-6
7704                      1.9740915699189296E-6
7705                      2.023435270158083E-6
7706                      2.0778298247557656E-6
7707                      2.138339886637829E-6
7708                      2.2063293892462953E-6
7709                      2.2833542359860253E-6
7710                      2.3712286855955065E-6
7711                      2.472425126448553E-6
7712                      2.5906980142016186E-6
7713                      2.7310133230077274E-6
7714                      2.899351568188341E-6
7715                      3.103161351977679E-6
7716                      3.3521255980020807E-6
7717                      3.6577288771382876E-6
7718                      4.030637625604626E-6
7719                      4.4753200977544824E-6
7720                      4.9807354331643554E-6
7721                      5.508328918850912E-6
7722                      5.985756701257038E-6
7723                      6.3172627852013826E-6
7724                      6.408351375377291E-6
7725                      6.18532074967573E-6
7726                      5.59676470448282E-6
7727                      4.606894015871024E-6
7728                      3.1956823453100416E-6
7729                      1.3741508686886128E-6
7730                      -7.757399117004366E-7
7731                      -3.0275888457327637E-6
7732                      -4.960763738258976E-6
7733                      -6.041349459240549E-6
7734                      -5.845185255291341E-6
7735                      -4.342309879562176E-6
7736                      -2.0828901740190626E-6
7737                      4.6561090857768876E-8
7738                      1.3966569069537174E-6
7739                      1.7700690943777938E-6
7740                      1.29331960245472E-6
7741                      3.674730926133481E-7
7742                      -5.596894925103063E-7
7743                      -1.2643300523416381E-6
7744                      -1.6956852743081E-6
7745                      -1.8422482535387116E-6
7746                      -1.7403461935280753E-6
7747                      -1.5087659560576402E-6
7748                      -1.2126812114421419E-6
7749                      -8.910839590636484E-7
7750                      -5.836043665553408E-7
7751                      -3.334418116834008E-7
7752                      -1.600567605855287E-7
7753                      -4.9710877476291806E-8
7754                      1.989903432212081E-8
7755                      6.104885160133939E-8
7756                      8.175600264106679E-8
7757                      9.032292167636876E-8
7758                      9.23955598036198E-8
7759                      9.264472088531141E-8
7760                      9.301877998223914E-8
7761                      9.365850468257629E-8
7762                      9.420249886248054E-8
7763                      9.461863102217304E-8
7764                      9.496253325453793E-8
7765                      9.526395435271221E-8
7766                      9.554094289358741E-8
7767                      9.58009381903857E-8
7768                      9.605264116052149E-8
7769                      9.629607346990156E-8
7770                      9.653309046776401E-8
7771                      9.6765581160567E-8
7772                      9.69944620377816E-8
7773                      9.722072608188152E-8
7774                      9.744486782261588E-8
7775                      9.766716269767227E-8
7776                      9.788765485782145E-8
7777                      9.810638917379184E-8
7778                      9.832340075739796E-8
7779                      9.853873368821066E-8
7780                      9.875241071261196E-8
7781                      9.896447975434364E-8
7782                      9.917497477219833E-8
7783                      9.938391104864598E-8
7784                      9.959130481489617E-8
7785                      9.979718210299542E-8
7786                      1.0000155828067266E-7
7787                      1.0020443950435647E-7
7788                      1.0040585244579468E-7
7789                      1.0060582411259386E-7
7790                      1.0080434858576907E-7
7791                      1.0100143787104166E-7
7792                      1.0119714986970687E-7
7793                      1.0139148654722672E-7
7794                      1.0158440151731231E-7
7795                      1.017759584354688E-7
7796                      1.0196621679224039E-7
7797                      1.0215513909349344E-7
7798                      1.0234271008674971E-7
7799                      1.025289966100611E-7
7800                      1.027140555637586E-7
7801                      1.0289781010819978E-7
7802                      1.0308021226152451E-7
7803                      1.0326146421095811E-7
7804                      1.0344158523226333E-7
7805                      1.0362040560857746E-7
7806                      1.03797937184567E-7
7807                      1.0397437140488394E-7
7808                      1.0414979052577195E-7
7809                      1.0432388803730698E-7
7810                      1.0449668374534363E-7
7811                      1.0466852534612402E-7
7812                      1.0483942830103182E-7
7813                      1.0500906224389202E-7
7814                      1.0517729224128884E-7
7815                      1.0534477364162086E-7
7816                      1.0551154817165043E-7
7817                      1.0567693281826969E-7
7818                      1.0584086698149574E-7
7819                      1.0600410035352399E-7
7820                      1.0616708330425938E-7
7821                      1.0632840051470364E-7
7822                      1.0648783309625764E-7
7823                      1.0664696631721836E-7
7824                      1.0680622202279736E-7
7825                      1.0696393114265614E-7
7826                      1.0711870778208287E-7
7827                      1.0727392411186222E-7
7828                      1.0743064911542743E-7
7829                      1.0758518696699979E-7
7830                      1.0773584195883848E-7
7831                      1.0788654341490496E-7
7832                      1.0803924981868618E-7
7833                      1.0819045759313025E-7
7834                      1.0833930530572473E-7
7835                      1.0848731698694759E-7
7836                      1.0863519566709772E-7
7837                      1.0878265126883934E-7
7838                      1.0892858897735476E-7
7839                      1.0907314461728916E-7
7840                      1.0921767411875074E-7
7841                      1.0936229799811577E-7
7842                      1.0950515946467904E-7
7843                      1.0964689275682313E-7
7844                      1.0978828501625197E-7
7845                      1.099292449324039E-7
7846                      1.1006934360814708E-7
7847                      1.1020842488879705E-7
7848                      1.1034689823983495E-7
7849                      1.1048505940472182E-7
7850                      1.10622497702901E-7
7851                      1.1075875847131323E-7
7852                      1.1089424440358065E-7
7853                      1.1102965191047525E-7
7854                      1.1116448423954029E-7
7855                      1.1129837234601012E-7
7856                      1.1143149047205145E-7
7857                      1.1156411148344306E-7
7858                      1.116963128061961E-7
7859                      1.1182780762351461E-7
7860                      1.1195842476676377E-7
7861                      1.120884937234388E-7
7862                      1.122183641834094E-7
7863                      1.123477494833196E-7
7864                      1.1247611355824664E-7
7865                      1.126038289873231E-7
7866                      1.1273123804837725E-7
7867                      1.1285825466874838E-7
7868                      1.1298464467492624E-7
7869                      1.1311030948538952E-7
7870                      1.132355001283895E-7
7871                      1.133604563735307E-7
7872                      1.1348495407342347E-7
7873                      1.1360859422174105E-7
7874                      1.1373138098725097E-7
7875                      1.1385419313157899E-7
7876                      1.1397727114565273E-7
7877                      1.140995100422767E-7
7878                      1.1422007982682888E-7
7879                      1.1434012067233978E-7
7880                      1.1446120112197496E-7
7881                      1.145821845639811E-7
7882                      1.1470188273364635E-7
7883                      1.1482052182648769E-7
7884                      1.1493902050078371E-7
7885                      1.1505794420667845E-7
7886                      1.1517648928496975E-7
7887                      1.1529349124999815E-7
7888                      1.1540948456397643E-7
7889                      1.1552641157193378E-7
7890                      1.1564543604452034E-7
7891                      1.1576250352450636E-7
7892                      1.1587468990099573E-7
7893                      1.1598628435927754E-7
7894                      1.1610399052566008E-7
7895                      1.1622560627944355E-7
7896                      1.1633900538688483E-7
7897                      1.1644711689511698E-7
7898                      1.1655791614962338E-7
7899                      1.1667383387914178E-7
7900                      1.1679021592864887E-7
7901                      1.1690273433535693E-7
7902                      1.1701032782158954E-7
7903                      1.1711979600130902E-7
7904                      1.1723714648905838E-7
7905                      1.1735613810305835E-7
7906                      1.1746377398623595E-7
7907                      1.1755545117595565E-7
7908                      1.1765942252656156E-7
7909                      1.1778647531633729E-7
7910                      1.1791346593050487E-7
7911                      1.1802136462426198E-7
7912                      1.1811667487809524E-7
7913                      1.1821856241038596E-7
7914                      1.183353983508767E-7
7915                      1.1844768876992562E-7
7916                      1.1855643155074765E-7
7917                      1.1866337803586947E-7
7918                      1.1877010984308442E-7
7919                      1.1887797151216404E-7
7920                      1.1898646626583523E-7
7921                      1.1909439854506365E-7
7922                      1.1920068659502943E-7
7923                      1.1930616359795643E-7
7924                      1.1941319013848805E-7
7925                      1.1952236024531439E-7
7926                      1.196304203993518E-7
7927                      1.197317162915091E-7
7928                      1.1982898780387187E-7
7929                      1.1993640648180466E-7
7930                      1.2005862402072326E-7
7931                      1.2017659788679336E-7
7932                      1.2027223300228858E-7
7933                      1.20357936224504E-7
7934                      1.2045580510302084E-7
7935                      1.2057176382362468E-7
7936                      1.2069107777431527E-7
7937                      1.2079091804331902E-7
7938                      1.208900063301992E-7
7939                      1.2099161536817045E-7
7940                      1.2109616183108452E-7
7941                      1.2120200642347632E-7
7942                      1.2130696219996802E-7
7943                      1.2140967866316493E-7
7944                      1.215114652514917E-7
7945                      1.216143516976823E-7
7946                      1.2171986223601078E-7
7947                      1.2182593008156428E-7
7948                      1.2192803901170622E-7
7949                      1.2202520802013124E-7
7950                      1.2212397298399669E-7
7951                      1.222301548015551E-7
7952                      1.2234021391382885E-7
7953                      1.2244643089425584E-7
7954                      1.225454196778125E-7
7955                      1.226384499855486E-7
7956                      1.2273684302157693E-7
7957                      1.228508302811089E-7
7958                      1.2297191494662698E-7
7959                      1.230741709576231E-7
7960                      1.2315712913656094E-7
7961                      1.2324027427183503E-7
7962                      1.2334886193027538E-7
7963                      1.234599376906406E-7
7964                      1.2356730079079794E-7
7965                      1.236690518762893E-7
7966                      1.2376701985469297E-7
7967                      1.2386565239026631E-7
7968                      1.2396829987883172E-7
7969                      1.240742073957189E-7
7970                      1.2417926260712438E-7
7971                      1.2427828168663043E-7
7972                      1.243717727421632E-7
7973                      1.2446924920057823E-7
7974                      1.2457644552609263E-7
7975                      1.2468873735770112E-7
7976                      1.2479605218372285E-7
7977                      1.2489295318715407E-7
7978                      1.249792952377067E-7
7979                      1.2507041679024544E-7
7980                      1.2517900951923508E-7
7981                      1.2529969250979148E-7
7982                      1.2541508376837183E-7
7983                      1.2550970882653725E-7
7984                      1.2560117861668736E-7
7985                      1.256964505910265E-7
7986                      1.2579744192610946E-7
7987                      1.2590375807847867E-7
7988                      1.2601097864737707E-7
7989                      1.261138159890721E-7
7990                      1.262111470300261E-7
7991                      1.2630697119858936E-7
7992                      1.2640694151807907E-7
7993                      1.2651678981532448E-7
7994                      1.266325769112628E-7
7995                      1.2673839478698692E-7
7996                      1.268294163114398E-7
7997                      1.2691401098660556E-7
7998                      1.2700746743374428E-7
7999                      1.2712765655514917E-7
8000                      1.2726917684436694E-7
8001                      1.2736787751730344E-7
8002                      1.2739456270063115E-7
8003                      1.2745955378078922E-7
8004                      1.2761947452824402E-7
8005                      1.2779272194001687E-7
8006                      1.2787694733944633E-7
8007                      1.2796150030326234E-7
8008                      1.2805096339065222E-7
8009                      1.2815123552590764E-7
8010                      1.282571599787392E-7
